"206469",1.4262315364532425e-06
"206520",1.0889539354793943e-06
"6C6120",1.067779954225717e-06
"646920",1.046251596716748e-06
"6E6F20",1.0265394175161488e-06
"746F20",9.886211581999398e-07
"20636F",9.82641058891893e-07
"726520",9.589421468192624e-07
"206465",9.120315900250274e-07
"6F2064",7.956189901617134e-07
"696C20",7.550872059627286e-07
"20696C",7.479110867930722e-07
"676C69",7.429941162509003e-07
"6C6920",7.262055411564574e-07
"652064",6.811111626705921e-07
"746920",6.736692613094671e-07
"706572",6.527610622472585e-07
"6F6E20",6.521852008324095e-07
"207065",6.39870625961024e-07
"206C61",6.347764672912061e-07
"636865",6.3003668487668e-07
"656C6C",6.108117730271069e-07
"206368",6.070022282827214e-07
"6C6520",6.018637725809922e-07
"64656C",5.952635148261849e-07
"686520",5.879988015927056e-07
"746520",5.850751974865493e-07
"692064",5.810441675826065e-07
"636F6E",5.774561079977783e-07
"20696E",5.758171178170543e-07
"696F20",5.563264237760124e-07
"726F20",5.442333340641842e-07
"612064",5.20755907151111e-07
"6F2C20",5.179208971087776e-07
"207375",5.112763423220587e-07
"692073",5.060492925565066e-07
"652C20",5.059164014607723e-07
"207475",4.986959852592044e-07
"652069",4.924944007916001e-07
"206E6F",4.924058067277772e-07
"20616C",4.901909551322043e-07
"6F7265",4.889949352705949e-07
"652061",4.82926241898725e-07
"6C6C61",4.785408357394906e-07
"65206C",4.757058256971572e-07
"652073",4.693713501338186e-07
"656C20",4.591387357622716e-07
"726120",4.550191117945059e-07
"207175",4.5479762663494864e-07
"6F2061",4.4926049764601624e-07
"206461",4.3663584355125045e-07
"6F2069",4.330477839664223e-07
"652063",4.2782073420087015e-07
"692061",4.2773214013704724e-07
"206120",4.260488529244118e-07
"692063",4.239668924245732e-07
"656E74",4.235682191373701e-07
"6F2063",4.1754382279741165e-07
"C3A020",4.1165231755318763e-07
"612063",4.054507330855834e-07
"207365",4.048748716707344e-07
"657220",4.007109506710573e-07
"6F2073",3.997364159690052e-07
"612073",3.973886732776979e-07
"676E6F",3.9601546528844265e-07
"736920",3.9145287100156237e-07
"207072",3.862701182679217e-07
"20756E",3.851626924701352e-07
"6F6E6F",3.8471972215102064e-07
"61746F",3.8210619726824453e-07
"207061",3.8148603882148414e-07
"207369",3.786067317472393e-07
"692C20",3.779422762685674e-07
"C3B220",3.7510726622623404e-07
"206920",3.713863155456715e-07
"206D61",3.694372461415673e-07
"206C6F",3.6863989956716103e-07
"736520",3.685070084714267e-07
"206E65",3.640330082483693e-07
"657374",3.636786319930776e-07
"206C65",3.620839388442651e-07
"207361",3.5916033473810884e-07
"6C6F20",3.5907174067428594e-07
"6E6F72",3.5752134455738484e-07
"69676E",3.564582157915098e-07
"205369",3.563696217276869e-07
"206D69",3.5202851260036394e-07
"6F2070",3.4835185895171286e-07
"696E20",3.4095425462249925e-07
"616C6C",3.396696406970669e-07
"20706F",3.3940385850559815e-07
"6E6F6E",3.38517917867369e-07
"717565",3.3772057129296275e-07
"652065",3.3723330394193666e-07
"746120",3.349298582825408e-07
"612C20",3.3337946216563977e-07
"692070",3.317847690168272e-07
"6C6F72",3.310760165062439e-07
"536967",3.27222174729947e-07
"6F2065",3.2593756080451465e-07
"696120",3.247415409429053e-07
"692065",3.23944194368499e-07
"657261",3.238998973365875e-07
"6E6520",3.214192635495458e-07
"206361",3.176983128689833e-07
"652070",3.125155601353426e-07
"616E6F",3.1189540168858217e-07
"612070",3.0999062931638945e-07
"616E64",3.0932617383771756e-07
"207465",3.0826304507184255e-07
"207269",3.042320151678998e-07
"6C2053",3.0263732201908724e-07
"74746F",3.005553615192487e-07
"206669",2.9745456928544657e-07
"6E646F",2.932020542219465e-07
"C3A820",2.9249330171136315e-07
"20736F",2.902784501157902e-07
"207669",2.870447667862537e-07
"72616E",2.8607023208420165e-07
"61206C",2.8252646953128493e-07
"657373",2.8195060811643594e-07
"617265",2.815519348292328e-07
"737365",2.809317763824724e-07
"72C3A0",2.8022302387188903e-07
"6F726F",2.781410633720505e-07
"616E74",2.7787528118058174e-07
"6F6920",2.7614769693603483e-07
"6D6520",2.735784690851702e-07
"6F206C",2.713636174895973e-07
"612074",2.691044688621129e-07
"6E6920",2.6764266680903475e-07
"616920",2.6622516178786806e-07
"737472",2.6458617160714405e-07
"65206E",2.643646864475868e-07
"757474",2.6343444877744613e-07
"C3A920",2.633901517455347e-07
"636869",2.633015576817118e-07
"636F6D",2.60909517958493e-07
"207265",2.6006787435217527e-07
"656920",2.580745079161596e-07
"616E6E",2.563469236716127e-07
"616C20",2.548408245866231e-07
"69676C",2.536448047250137e-07
"736572",2.518286264166439e-07
"657265",2.5169573532090955e-07
"206661",2.5080979468268034e-07
"746572",2.4872783418284176e-07
"6E656C",2.4664587368300323e-07
"6F7374",2.431021111300865e-07
"74726F",2.421275764280344e-07
"657263",2.407100714068677e-07
"646F20",2.3933686341761247e-07
"207665",2.3840662574747184e-07
"69206C",2.3827373465173748e-07
"61206D",2.38229437619826e-07
"20766F",2.3628036821572183e-07
"206769",2.3410981365206034e-07
"707265",2.3366684333294574e-07
"6E7469",2.328694967585395e-07
"646120",2.3282519972662804e-07
"692069",2.322050412798676e-07
"6E6120",2.3131910064163842e-07
"206369",2.312305065778155e-07
"206D65",2.3065464516296655e-07
"756E20",2.2985729858856027e-07
"737461",2.2910424904606548e-07
"20C3A8",2.2715517964196128e-07
"692066",2.2649072416328941e-07
"747469",2.2556048649314875e-07
"612065",2.249846250782998e-07
"747574",2.2494032804638834e-07
"726F6E",2.2418727850389354e-07
"657474",2.2352282302522165e-07
"73746F",2.2263688238699247e-07
"2C2063",2.2223820909978935e-07
"617474",2.2135226846156017e-07
"6368C3",2.2108648627009143e-07
"2C2070",2.2055492188715392e-07
"207374",2.202448426637737e-07
"20C2AB",2.1975757531274764e-07
"68C3A9",2.1922601092981013e-07
"6C6C65",2.1670108011085697e-07
"3A20C2",2.1404325819616946e-07
"6E746F",2.1320161458985173e-07
"6D616E",2.1103106002619024e-07
"717561",2.1080957486663296e-07
"6572C3",2.1027801048369545e-07
"20676C",2.1001222829222668e-07
"652074",2.0983504016458084e-07
"20616E",2.0921488171782043e-07
"747261",2.0899339655826314e-07
"646973",2.0589260432446102e-07
"6E7465",2.0536103994152351e-07
"76616E",2.0522814884578913e-07
"6F6D65",2.051395547819662e-07
"706172",2.0500666368623184e-07
"6E6E6F",2.0367775272888806e-07
"612069",2.0101993081420054e-07
"206861",2.003997723674401e-07
"6F6E65",1.9946953469729947e-07
"73756F",1.9915945547391925e-07
"204469",1.9827351483569007e-07
"206176",1.9698890091025776e-07
"656E64",1.9681171278261193e-07
"766120",1.9486264337850773e-07
"666967",1.9424248493174731e-07
"756F20",1.941538908679244e-07
"696F6E",1.9388810867645564e-07
"617661",1.938438116445442e-07
"206C27",1.9198333630426292e-07
"617465",1.9162896004897125e-07
"692074",1.9131888082559103e-07
"206D6F",1.9052153425118476e-07
"44696F",1.8839527671943475e-07
"766572",1.879966034322316e-07
"6C2070",1.8644620731533055e-07
"6F6E74",1.8569315777283575e-07
"657365",1.8502870229416386e-07
"736F20",1.8409846462402323e-07
"69206D",1.834783061772628e-07
"6F6C6F",1.8334541508152843e-07
"6C2073",1.8285814773050238e-07
"612076",1.8166212786889297e-07
"67696F",1.8028891987963776e-07
"207472",1.7989024659243464e-07
"6D6F20",1.7802977125215335e-07
"737469",1.778525831245075e-07
"65206D",1.7767539499686167e-07
"74C3A0",1.7718812764583565e-07
"726368",1.7687804842245543e-07
"65726F",1.7554913746511167e-07
"6F7261",1.7479608792261684e-07
"6C6C6F",1.7395444431629914e-07
"652076",1.7368866212483037e-07
"756120",1.7218256303984078e-07
"207069",1.7213826600792933e-07
"612061",1.720496719441064e-07
"61726F",1.7125232536970015e-07
"756573",1.707650580186741e-07
"747465",1.705435728591168e-07
"2C2073",1.6824012719972093e-07
"726573",1.6810723610398655e-07
"612066",1.675313746891376e-07
"756520",1.6686691921046572e-07
"72C3B2",1.6624676076370528e-07
"726920",1.655823052850334e-07
"657661",1.6549371122121049e-07
"206573",1.6367753291284067e-07
"657465",1.6226002789167398e-07
"6C6C27",1.6168416647682502e-07
"69746F",1.6093111693433022e-07
"64616C",1.6053244364712707e-07
"6F206E",1.599565822322781e-07
"617665",1.5960220597698644e-07
"70726F",1.588048594025802e-07
"6F7274",1.5849478017919997e-07
"736120",1.5840618611537707e-07
"72652C",1.572987603175906e-07
"636F6C",1.5703297812612183e-07
"69206E",1.5636852264744994e-07
"617469",1.5402077995614262e-07
"636F73",1.5388788886040826e-07
"697373",1.536221066689395e-07
"6E7472",1.5291335415835615e-07
"2C2069",1.5247038383924157e-07
"76656E",1.5087569069042904e-07
"616363",1.5043272037131447e-07
"646569",1.5029982927558008e-07
"737465",1.4998975005219986e-07
"6E6465",1.4985685895646548e-07
"6C206D",1.4905951238205923e-07
"653A20",1.487937301905905e-07
"6F726E",1.481292747119186e-07
"652066",1.4795208658427276e-07
"7A696F",1.4662317562692898e-07
"746174",1.4547145279723105e-07
"6F6C74",1.4427543293562168e-07
"746F72",1.4396535371224146e-07
"6C696F",1.4387675964841853e-07
"636520",1.4383246261650708e-07
"6D696E",1.4330089823356957e-07
"6F6E64",1.4321230416974666e-07
"652067",1.4316800713783518e-07
"207363",1.42857927914455e-07
"6D6920",1.42857927914455e-07
"6C2761",1.4250355165916332e-07
"692072",1.4245925462725184e-07
"6F2066",1.4214917540387165e-07
"766920",1.4210487837196017e-07
"726174",1.4130753179755392e-07
"65676C",1.409088585103508e-07
"20646F",1.3984572974447578e-07
"6D6120",1.388711950424237e-07
"6D656E",1.388268980105122e-07
"75616E",1.3864970988286638e-07
"736F6E",1.379852544041945e-07
"747265",1.376751751808143e-07
"756E61",1.372322048616997e-07
"692076",1.367892345425851e-07
"6F7269",1.3523883842568404e-07
"736172",1.348401651384809e-07
"7A6120",1.3453008591510072e-07
"697469",1.3448578888318924e-07
"74756F",1.3417570965980905e-07
"6C2074",1.3413141262789757e-07
"756F69",1.3395422450025173e-07
"6E7461",1.3324547198966839e-07
"657272",1.3320117495775693e-07
"726974",1.3275820463864236e-07
"206572",1.3222664025570485e-07
"697474",1.321823432237934e-07
"2C2064",1.315178877451215e-07
"706F73",1.315178877451215e-07
"657269",1.3138499664938712e-07
"616C65",1.30986323362184e-07
"646520",1.3067624413880378e-07
"656C65",1.3063194710689232e-07
"646963",1.3058765007498087e-07
"697374",1.3041046194733503e-07
"6E7A61",1.2934733318146002e-07
"69616D",1.2930303614954857e-07
"6F3A20",1.2925873911763709e-07
"656E65",1.281956103517621e-07
"61206E",1.2784123409647042e-07
"746F2C",1.2748685784117875e-07
"646572",1.2735396674544437e-07
"206C75",1.2668951126677248e-07
"696E69",1.262465409476579e-07
"6F2074",1.2598075875618913e-07
"692067",1.2553778843707455e-07
"747269",1.2553778843707455e-07
"6F706F",1.2553778843707455e-07
"737369",1.2509481811795995e-07
"75656C",1.236330160648818e-07
"636F72",1.2332293684150162e-07
"686120",1.2252559026709534e-07
"6C2063",1.215953525969547e-07
"6E2073",1.2124097634166303e-07
"206675",1.209751941501943e-07
"616E63",1.2093089711828281e-07
"656465",1.2070941195872553e-07
"686920",1.2062081789490262e-07
"747461",1.205322238310797e-07
"C3AC20",1.203993327353453e-07
"726973",1.2004495648005363e-07
"706F6C",1.195576891290276e-07
"652075",1.1951339209711612e-07
"73736F",1.193362039694703e-07
"756920",1.1915901584182447e-07
"612067",1.1876034255462134e-07
"697461",1.1840596629932967e-07
"204769",1.1818448113977237e-07
"61656C",1.1787440191639216e-07
"6E6461",1.1769721378874632e-07
"206772",1.1734283753345465e-07
"636572",1.1720994643772027e-07
"696F72",1.1698846127816298e-07
"696E6F",1.163240057994911e-07
"207370",1.1627970876757963e-07
"6E206C",1.1605822360802235e-07
"726165",1.1552665922508484e-07
"74656E",1.1539376812935045e-07
"2C206D",1.1530517406552754e-07
"737261",1.1526087703361608e-07
"737361",1.1508368890597025e-07
"74616E",1.1459642155494419e-07
"657A7A",1.1450782749112129e-07
"497372",1.1419774826774107e-07
"692075",1.130903224699546e-07
"616E69",1.1304602543804313e-07
"2C206C",1.128688373103973e-07
"2C206E",1.1162852041687646e-07
"206C69",1.1145133228923062e-07
"6F206D",1.1105265900202748e-07
"6F2076",1.1100836197011603e-07
"6172C3",1.1096406493820456e-07
"636961",1.1087547087438165e-07
"676975",1.1083117384247019e-07
"C3B920",1.1056539165100144e-07
"6C6C69",1.1052109461908997e-07
"6C2072",1.1052109461908997e-07
"617A69",1.0967945101277226e-07
"63636F",1.0808475786395973e-07
"696E61",1.0795186676822536e-07
"756F6D",1.0795186676822536e-07
"636920",1.0786327270440244e-07
"666174",1.0742030238528785e-07
"6E2063",1.0728741128955348e-07
"676769",1.0724311425764202e-07
"204973",1.071545201938191e-07
"73756C",1.0688873800235035e-07
"656D70",1.0688873800235035e-07
"726169",1.0680014393852743e-07
"206672",1.0662295581088159e-07
"6F6E69",1.0657865877897014e-07
"2C2061",1.0547123298118366e-07
"616D6F",1.0524974782162637e-07
"616C74",1.044524012472201e-07
"636974",1.0423091608766282e-07
"697265",1.0418661905575135e-07
"6D6F72",1.0418661905575135e-07
"6D6F6E",1.039208368642826e-07
"2C2065",1.0369935170472531e-07
"617373",1.0365505467281384e-07
"736369",1.0338927248134509e-07
"617269",1.0307919325796488e-07
"6F73C3",1.0299059919414196e-07
"617363",1.0294630216223051e-07
"73616C",1.0272481700267321e-07
"706F72",1.0201606449208986e-07
"656E7A",1.018831733963555e-07
"696365",1.0152879714106382e-07
"696369",1.0104152979003777e-07
"63656E",9.988980696033984e-08
"736365",9.962402476887109e-08
"20666F",9.953543070504817e-08
"73636F",9.913675741784503e-08
"652072",9.860519303490753e-08
"207469",9.838370787535024e-08
"616472",9.82065197477044e-08
"6E6368",9.811792568388148e-08
"617261",9.727628207756377e-08
"746172",9.705479691800647e-08
"206265",9.683331175844918e-08
"726574",9.670042066271479e-08
"6E2070",9.581448002448563e-08
"20696F",9.554869783301687e-08
"206375",9.510572751390228e-08
"6F2067",9.488424235434498e-08
"692068",9.457416313096477e-08
"656469",9.452986609905331e-08
"696465",9.444127203523039e-08
"766576",9.408689577993872e-08
"727261",9.39983017161158e-08
"737561",9.39983017161158e-08
"736163",9.368822249273559e-08
"496C20",9.359962842891267e-08
"666172",9.337814326935539e-08
"74692C",9.315665810979808e-08
"6D696F",9.262509372686058e-08
"692047",9.244790559921474e-08
"204765",9.231501450348037e-08
"677261",9.22707174715689e-08
"6C7569",9.15176679290741e-08
"6F7373",9.142907386525119e-08
"206162",9.142907386525119e-08
"69616E",9.138477683333974e-08
"727465",9.089750948231368e-08
"612072",9.058743025893347e-08
"706F70",9.054313322702201e-08
"6F2075",9.049883619511055e-08
"707269",9.014445993981888e-08
"616E67",9.010016290790742e-08
"636361",8.965719258879283e-08
"6E2074",8.948000446114699e-08
"726E6F",8.939141039732407e-08
"65676E",8.921422226967825e-08
"636174",8.912562820585533e-08
"696D6F",8.89484400782095e-08
"696174",8.868265788674074e-08
"206665",8.863836085482928e-08
"6E6174",8.859406382291782e-08
"6E206D",8.841687569527199e-08
"766F6C",8.841687569527199e-08
"657276",8.801820240806885e-08
"706F20",8.801820240806885e-08
"657273",8.713226176983967e-08
"69206F",8.691077661028238e-08
"2C2066",8.686647957837093e-08
"6F6363",8.606913300396466e-08
"6C7461",8.518319236573548e-08
"73656E",8.518319236573548e-08
"617461",8.496170720617818e-08
"706164",8.496170720617818e-08
"6E6F73",8.465162798279797e-08
"74656D",8.460733095088652e-08
"6F7365",8.447443985515214e-08
"756E6F",8.434154875941777e-08
"636F20",8.407576656794901e-08
"667261",8.394287547221463e-08
"69636F",8.380998437648026e-08
"72656E",8.380998437648026e-08
"6974C3",8.380998437648026e-08
"6F6D69",8.37656873445688e-08
"692049",8.363279624883442e-08
"766F69",8.345560812118859e-08
"726963",8.3012637802074e-08
"636368",8.287974670633961e-08
"6F2072",8.239247935531357e-08
"696F2C",8.234818232340212e-08
"6F7474",8.208240013193336e-08
"6E2061",8.181661794046461e-08
"756C6C",8.172802387664169e-08
"69C3B2",8.168372684473023e-08
"636369",8.150653871708439e-08
"7A6961",8.150653871708439e-08
"67656E",8.146224168517294e-08
"616365",8.124075652561564e-08
"617274",8.115216246179272e-08
"6F6C61",8.101927136605835e-08
"6F6D6F",8.075348917458959e-08
"686961",8.044340995120937e-08
"652071",8.039911291929792e-08
"696572",8.017762775974062e-08
"727461",8.013333072782917e-08
"6D7069",8.004473666400625e-08
"72696D",7.982325150444896e-08
"656363",7.982325150444896e-08
"6F6C69",7.969036040871458e-08
"206169",7.946887524915729e-08
"206427",7.93359841534229e-08
"206475",7.907020196195415e-08
"66696E",7.90259049300427e-08
"746573",7.884871680239686e-08
"697363",7.867152867475102e-08
"697370",7.862723164283956e-08
"74656C",7.849434054710519e-08
"757261",7.849434054710519e-08
"696361",7.845004351519372e-08
"726567",7.751980584505309e-08
"616C69",7.751980584505309e-08
"697564",7.72983206854958e-08
"636172",7.703253849402705e-08
"692071",7.654527114300099e-08
"69656E",7.650097411108954e-08
"706965",7.61023008238864e-08
"646174",7.601370676006348e-08
"6E6F2C",7.592511269624056e-08
"65206F",7.588081566432911e-08
"656365",7.583651863241765e-08
"6F7665",7.583651863241765e-08
"697A69",7.561503347286036e-08
"616D65",7.55707364409489e-08
"6E6572",7.548214237712599e-08
"636173",7.499487502609993e-08
"74652C",7.468479580271972e-08
"72206C",7.464049877080826e-08
"747561",7.464049877080826e-08
"73706F",7.402034032404783e-08
"616269",7.393174626022491e-08
"696574",7.3843152196402e-08
"A02064",7.3843152196402e-08
"6F676E",7.348877594111032e-08
"6C7472",7.34001818772874e-08
"73616E",7.317869671773012e-08
"6E7175",7.304580562199575e-08
"73653A",7.295721155817283e-08
"6F6C65",7.295721155817283e-08
"6C6961",7.286861749434991e-08
"6E6E65",7.251424123905824e-08
"206765",7.251424123905824e-08
"666F72",7.207127091994365e-08
"6E6469",7.207127091994365e-08
"206163",7.184978576038635e-08
"726961",7.176119169656343e-08
"206F67",7.171689466465198e-08
"72646F",7.122962731362592e-08
"696368",7.109673621789155e-08
"766974",7.087525105833426e-08
"727469",7.074235996259988e-08
"6C6965",7.052087480304259e-08
"616E7A",7.047657777113112e-08
"616573",7.029938964348529e-08
"676961",7.0077904483928e-08
"6F7264",6.994501338819361e-08
"6C2066",6.98564193243707e-08
"696E65",6.976782526054778e-08
"73C3AC",6.972352822863633e-08
"766F73",6.950204306907902e-08
"612075",6.94134490052561e-08
"617669",6.932485494143319e-08
"20756F",6.932485494143319e-08
"696E63",6.928055790952174e-08
"726F76",6.928055790952174e-08
"656C69",6.919196384569882e-08
"696D61",6.897047868614152e-08
"646F6E",6.88818846223186e-08
"696520",6.874899352658423e-08
"6C2067",6.861610243084986e-08
"6F3B20",6.861610243084986e-08
"6D6961",6.857180539893839e-08
"657274",6.808453804791235e-08
"736567",6.799594398408943e-08
"646176",6.777445882453213e-08
"7A7A61",6.768586476070921e-08
"69612C",6.755297366497484e-08
"766964",6.742008256924046e-08
"75616C",6.728719147350609e-08
"476975",6.724289444159462e-08
"616D61",6.71543003777717e-08
"652068",6.711000334586025e-08
"757374",6.706570631394878e-08
"676E69",6.702140928203733e-08
"696E74",6.679992412248003e-08
"6F7465",6.679992412248003e-08
"206F72",6.671133005865711e-08
"69C3B9",6.662273599483419e-08
"72696F",6.644554786718836e-08
"653B20",6.635695380336545e-08
"75746F",6.622406270763107e-08
"7474C3",6.582538942042794e-08
"612071",6.578109238851648e-08
"206164",6.578109238851648e-08
"636170",6.51166369098446e-08
"4E6F6E",6.502804284602168e-08
"756172",6.462936955881854e-08
"7069C3",6.458507252690709e-08
"206365",6.449647846308417e-08
"61726C",6.431929033543834e-08
"692044",6.418639923970395e-08
"506572",6.387632001632375e-08
"6E652C",6.369913188867791e-08
"63616D",6.365483485676646e-08
"6C206C",6.352194376103207e-08
"616262",6.343334969720916e-08
"617361",6.334475563338624e-08
"206173",6.330045860147479e-08
"647265",6.321186453765187e-08
"686F20",6.28574882823602e-08
"697665",6.272459718662581e-08
"6C6974",6.210443873986538e-08
"637269",6.206014170795393e-08
"205361",6.170576545266226e-08
"706165",6.152857732501642e-08
"646567",6.14399832611935e-08
"697261",6.139568622928205e-08
"757361",6.130709216545914e-08
"736F6C",6.126279513354767e-08
"207261",6.121849810163622e-08
"666572",6.121849810163622e-08
"6D6D65",6.099701294207892e-08
"676765",6.095271591016746e-08
"6520C3",6.081982481443308e-08
"65636F",6.073123075061016e-08
"6F2071",6.055404262296432e-08
"726F6C",6.050974559105287e-08
"636120",6.042115152722995e-08
"646F74",6.042115152722995e-08
"706961",6.019966636767265e-08
"646172",6.019966636767265e-08
"736961",6.011107230384973e-08
"6F676C",6.006677527193828e-08
"692041",5.988958714429245e-08
"666963",5.966810198473514e-08
"6E2076",5.9490913857089315e-08
"6369C3",5.931372572944348e-08
"206567",5.926942869753202e-08
"62656E",5.913653760179764e-08
"697573",5.913653760179764e-08
"726469",5.9047943537974724e-08
"747520",5.9003646506063265e-08
"6E2069",5.8959349474151806e-08
"6F7661",5.8959349474151806e-08
"656C6F",5.891505244224035e-08
"626974",5.878216134650597e-08
"616D69",5.8516379155037216e-08
"626265",5.8339191027391386e-08
"6F206F",5.825059696356847e-08
"722069",5.7940517740188255e-08
"63696E",5.785192367636534e-08
"656767",5.771903258063096e-08
"646972",5.771903258063096e-08
"657264",5.7453250389162206e-08
"6D6172",5.7408953357250747e-08
"20686F",5.7408953357250747e-08
"612062",5.727606226151637e-08
"652E20",5.714317116578199e-08
"6F2E20",5.6965983038136156e-08
"696172",5.69216860062247e-08
"206261",5.687738897431324e-08
"6F2044",5.67002008466674e-08
"61676C",5.67002008466674e-08
"616767",5.6523012719021566e-08
"656E69",5.639012162328719e-08
"646574",5.630152755946427e-08
"204461",5.625723052755281e-08
"677561",5.603574536799552e-08
"72746F",5.5947151304172605e-08
"72612C",5.581426020843823e-08
"706173",5.576996317652677e-08
"206E75",5.572566614461531e-08
"B22063",5.559277504888093e-08
"206167",5.532699285741218e-08
"676E61",5.514980472976634e-08
"20746F",5.4972616602120506e-08
"696669",5.488402253829759e-08
"6C6F6E",5.479542847447467e-08
"416C6C",5.475113144256321e-08
"706F74",5.4573943314917375e-08
"726966",5.4529646283005916e-08
"646573",5.4130972995802784e-08
"6F6E6E",5.395378486815695e-08
"7A6F20",5.377659674051112e-08
"617264",5.377659674051112e-08
"656D69",5.359940861286528e-08
"64656E",5.3422220485219446e-08
"766F20",5.3422220485219446e-08
"7A7A6F",5.328932938948507e-08
"B22061",5.328932938948507e-08
"4D6120",5.2979250166104856e-08
"766520",5.275776500654756e-08
"726972",5.275776500654756e-08
"6C692C",5.27134679746361e-08
"6D616C",5.266917094272464e-08
"693B20",5.2580576878901725e-08
"756469",5.244768578316735e-08
"207661",5.231479468743297e-08
"6C6174",5.222620062361005e-08
"693A20",5.187182436831838e-08
"2C2074",5.182752733640692e-08
"736563",5.178323030449546e-08
"746974",5.1694636240672544e-08
"6E6172",5.156174514493817e-08
"696C69",5.156174514493817e-08
"6D6573",5.1517448113026714e-08
"6F7072",5.1428854049203796e-08
"646F76",5.1428854049203796e-08
"756F72",5.138455701729234e-08
"6D6174",5.125166592155796e-08
"6D6965",5.12073688896465e-08
"706F69",5.116307185773504e-08
"726369",5.1030180762000665e-08
"6F6D70",5.085299263435483e-08
"726564",5.085299263435483e-08
"27616C",5.0542913410974616e-08
"476572",5.0542913410974616e-08
"726976",5.04543193471517e-08
"70696F",5.027713121950586e-08
"6C746F",5.027713121950586e-08
"727669",5.027713121950586e-08
"697465",5.02328341875944e-08
"446176",5.02328341875944e-08
"646976",5.0144240123771484e-08
"612047",5.0055646059948566e-08
"72736F",5.0055646059948566e-08
"6C276F",4.992275496421419e-08
"6C2775",4.983416090039127e-08
"B22069",4.952408167701106e-08
"64696E",4.94797846450996e-08
"6C652C",4.943548761318814e-08
"C2BB2E",4.934689354936522e-08
"BB2E20",4.9258299485542304e-08
"6F6E73",4.916970542171939e-08
"6FC2BB",4.9081111357896474e-08
"6E2067",4.9036814325985015e-08
"646974",4.890392323025064e-08
"6E6974",4.885962619833918e-08
"6C6567",4.877103213451626e-08
"676572",4.877103213451626e-08
"726172",4.87267351026048e-08
"69656C",4.8593844006870425e-08
"72616D",4.846095291113605e-08
"737520",4.823946775157875e-08
"642065",4.823946775157875e-08
"6E6765",4.8195170719667293e-08
"6E7A69",4.8150873687755834e-08
"65C2BB",4.8062279623932916e-08
"6E636F",4.8062279623932916e-08
"6F7361",4.801798259202146e-08
"63616E",4.801798259202146e-08
"692062",4.784079446437562e-08
"6E7365",4.784079446437562e-08
"717569",4.7707903368641244e-08
"616420",4.7619309304818326e-08
"6D706F",4.7619309304818326e-08
"696E73",4.7619309304818326e-08
"756C20",4.757501227290687e-08
"2C2076",4.735352711334957e-08
"6C2064",4.735352711334957e-08
"737065",4.7264933049526654e-08
"206F20",4.7220636017615195e-08
"62696C",4.7132041953792276e-08
"667520",4.691055679423499e-08
"20696D",4.691055679423499e-08
"206172",4.686625976232353e-08
"6E692C",4.677766569850061e-08
"656D6D",4.677766569850061e-08
"616461",4.6644774602766234e-08
"686169",4.6600477570854775e-08
"73C3B9",4.6600477570854775e-08
"737069",4.6556180538943316e-08
"6E2075",4.6556180538943316e-08
"6920C3",4.642328944320894e-08
"696564",4.642328944320894e-08
"736F72",4.633469537938602e-08
"69756E",4.6113210219828725e-08
"63696F",4.598031912409435e-08
"626572",4.593602209218289e-08
"74612C",4.589172506027143e-08
"657669",4.584742802835997e-08
"696E66",4.575883396453705e-08
"6E2064",4.5714536932625594e-08
"756E69",4.5625942868802676e-08
"697365",4.5625942868802676e-08
"6573C3",4.54930517730683e-08
"613B20",4.544875474115684e-08
"727265",4.544875474115684e-08
"697269",4.540445770924538e-08
"206775",4.540445770924538e-08
"636965",4.531586364542246e-08
"726F2C",4.5182972549688085e-08
"617070",4.5138675517776626e-08
"6E7369",4.505008145395371e-08
"207075",4.500578442204225e-08
"627261",4.491719035821933e-08
"204D61",4.487289332630787e-08
"737061",4.4740002230573495e-08
"626961",4.4740002230573495e-08
"697661",4.4695705198662036e-08
"6E6961",4.4651408166750584e-08
"647565",4.438562597528183e-08
"6D6F6C",4.438562597528183e-08
"72656D",4.438562597528183e-08
"6E6369",4.434132894337037e-08
"476573",4.429703191145891e-08
"736965",4.420843784763599e-08
"6D6572",4.403124971999016e-08
"646961",4.403124971999016e-08
"61206F",4.39869526880787e-08
"756E71",4.39869526880787e-08
"616E65",4.394265565616724e-08
"6E2071",4.385406159234432e-08
"64C3B2",4.380976456043286e-08
"6E2066",4.3721170496609944e-08
"517561",4.3676873464698485e-08
"727365",4.358827940087557e-08
"6C2076",4.349968533705265e-08
"616D70",4.349968533705265e-08
"746176",4.345538830514119e-08
"726962",4.345538830514119e-08
"6D7061",4.332249720940681e-08
"6C6F2C",4.3233903145583894e-08
"726F66",4.3189606113672435e-08
"74696D",4.3145309081760976e-08
"C3A02C",4.3145309081760976e-08
"A02C20",4.3145309081760976e-08
"6972C3",4.305671501793806e-08
"A02069",4.305671501793806e-08
"6C2769",4.305671501793806e-08
"61766F",4.296812095411514e-08
"726F73",4.296812095411514e-08
"6D657A",4.292382392220368e-08
"757363",4.292382392220368e-08
"6E6E69",4.283522985838076e-08
"6F7272",4.2746635794557845e-08
"63756F",4.256944766691201e-08
"657275",4.252515063500055e-08
"726E69",4.248085360308909e-08
"706563",4.239225953926617e-08
"616C63",4.239225953926617e-08
"6C656D",4.239225953926617e-08
"636F2C",4.2170774379708884e-08
"726163",4.2082180315885966e-08
"6E6F69",4.203788328397451e-08
"726E61",4.190499218824013e-08
"736574",4.181639812441721e-08
"6F6666",4.181639812441721e-08
"6F20C3",4.1683507028682835e-08
"206564",4.1506318901037e-08
"747275",4.146202186912554e-08
"206E61",4.132913077339116e-08
"206F63",4.1284833741479703e-08
"747572",4.1284833741479703e-08
"206170",4.1240536709568244e-08
"6F6E61",4.1196239677656785e-08
"617069",4.1151942645745326e-08
"517565",4.110764561383387e-08
"6F6D61",4.110764561383387e-08
"6E2065",4.093045748618803e-08
"6D6574",4.093045748618803e-08
"6EC3A9",4.088616045427657e-08
"6F7363",4.0753269358542195e-08
"646965",4.0708972326630736e-08
"616372",4.05317841989849e-08
"206EC3",4.048748716707344e-08
"706972",4.044319013516198e-08
"766564",4.039889310325052e-08
"736361",4.0354596071339064e-08
"677565",4.0266002007516146e-08
"656369",4.013311091178177e-08
"63756E",4.008881387987031e-08
"652062",4.008881387987031e-08
"207461",4.00002198160474e-08
"3FC2BB",3.991162575222448e-08
"64756E",3.991162575222448e-08
"656420",3.986732872031302e-08
"676974",3.986732872031302e-08
"204D6F",3.97787346564901e-08
"73656D",3.9734437624578644e-08
"613A20",3.9601546528844267e-08
"656D65",3.942435840119843e-08
"6E6E61",3.9158576209729676e-08
"756461",3.90256851139953e-08
"696D65",3.898138808208384e-08
"617374",3.898138808208384e-08
"6D7072",3.898138808208384e-08
"626174",3.898138808208384e-08
"74696E",3.893709105017238e-08
"6C7469",3.889279401826092e-08
"27756F",3.889279401826092e-08
"A92069",3.884849698634946e-08
"27696E",3.884849698634946e-08
"652044",3.8715605890615086e-08
"2C2072",3.867130885870363e-08
"2C2071",3.867130885870363e-08
"696163",3.867130885870363e-08
"64616E",3.867130885870363e-08
"616D6D",3.862701182679217e-08
"656E6E",3.858271479488071e-08
"727573",3.849412073105779e-08
"6F7273",3.840552666723487e-08
"65736F",3.840552666723487e-08
"68616E",3.840552666723487e-08
"696E76",3.8228338539589036e-08
"276F72",3.818404150767758e-08
"726C61",3.818404150767758e-08
"637265",3.800685338003174e-08
"69766F",3.800685338003174e-08
"4D6F73",3.796255634812028e-08
"657369",3.791825931620882e-08
"666563",3.7829665252385905e-08
"707261",3.7829665252385905e-08
"B2206C",3.778536822047445e-08
"506F69",3.7608180092828617e-08
"69726F",3.7608180092828617e-08
"726563",3.7608180092828617e-08
"73C3A8",3.7608180092828617e-08
"736569",3.75195860290057e-08
"657472",3.747528899709424e-08
"726F3A",3.738669493327132e-08
"766174",3.734239790135986e-08
"207573",3.734239790135986e-08
"6D696C",3.734239790135986e-08
"612044",3.7253803837536944e-08
"696E67",3.7165209773714026e-08
"696D69",3.7165209773714026e-08
"6E6F6D",3.7165209773714026e-08
"692053",3.7165209773714026e-08
"696C65",3.707661570989111e-08
"6F6963",3.667794242268798e-08
"616E61",3.658934835886506e-08
"70656E",3.650075429504214e-08
"626269",3.645645726313068e-08
"766961",3.6367863199307764e-08
"637175",3.6323566167396304e-08
"636573",3.6323566167396304e-08
"2C2075",3.619067507166193e-08
"6D6973",3.619067507166193e-08
"726164",3.610208100783901e-08
"766973",3.601348694401609e-08
"686572",3.601348694401609e-08
"737375",3.596918991210463e-08
"47696F",3.596918991210463e-08
"72617A",3.592489288019317e-08
"616371",3.5880595848281714e-08
"B22064",3.5880595848281714e-08
"626520",3.5792001784458796e-08
"2C206F",3.5792001784458796e-08
"21C2BB",3.574770475254734e-08
"727269",3.552621959299004e-08
"2E2045",3.548192256107859e-08
"736170",3.530473443343275e-08
"73696D",3.5216140369609835e-08
"726965",3.5171843337698376e-08
"656262",3.512754630578692e-08
"666574",3.512754630578692e-08
"65726E",3.512754630578692e-08
"206372",3.5038952241964e-08
"6F6C6C",3.5038952241964e-08
"766573",3.5038952241964e-08
"726D69",3.499465521005254e-08
"727369",3.499465521005254e-08
"204261",3.499465521005254e-08
"65726D",3.495035817814108e-08
"20616D",3.495035817814108e-08
"2C2067",3.490606114622962e-08
"706920",3.490606114622962e-08
"737565",3.486176411431816e-08
"696D70",3.4817467082406704e-08
"A02063",3.4817467082406704e-08
"707572",3.4773170050495245e-08
"736368",3.4728873018583786e-08
"75726F",3.459598192284941e-08
"616C76",3.459598192284941e-08
"692E20",3.450738785902649e-08
"617272",3.446309082711503e-08
"756363",3.441879379520357e-08
"6E6769",3.441879379520357e-08
"A82073",3.4330199731380654e-08
"A02073",3.410871457182336e-08
"656775",3.410871457182336e-08
"72692C",3.410871457182336e-08
"6D652C",3.40644175399119e-08
"636576",3.402012050800044e-08
"536520",3.393152644417752e-08
"A02065",3.393152644417752e-08
"757265",3.3887229412266064e-08
"766F72",3.3842932380354605e-08
"66756F",3.3798635348443146e-08
"676F20",3.375433831653169e-08
"69C2BB",3.371004128462023e-08
"6F7369",3.366574425270877e-08
"A82069",3.362144722079731e-08
"726361",3.353285315697439e-08
"76696E",3.353285315697439e-08
"6E6573",3.3399962061240015e-08
"746963",3.326707096550564e-08
"726461",3.322277393359418e-08
"722073",3.3178476901682726e-08
"206272",3.3178476901682726e-08
"436869",3.3178476901682726e-08
"617672",3.308988283785981e-08
"6F6767",3.304558580594835e-08
"612E20",3.304558580594835e-08
"A0206C",3.300128877403689e-08
"6D6D69",3.295699174212543e-08
"726964",3.286839767830251e-08
"204265",3.2735506582568136e-08
"6D6D6F",3.2691209550656677e-08
"69204D",3.264691251874522e-08
"6E6775",3.260261548683376e-08
"726176",3.260261548683376e-08
"4C6120",3.25583184549223e-08
"6F6365",3.25583184549223e-08
"6F2062",3.246972439109938e-08
"61636F",3.242542735918792e-08
"726572",3.2381130327276463e-08
"636972",3.2381130327276463e-08
"656E73",3.2336833295365004e-08
"766F63",3.2292536263453545e-08
"696E64",3.2248239231542086e-08
"6F6469",3.220394219963063e-08
"617676",3.202675407198479e-08
"696C61",3.198245704007333e-08
"456769",3.198245704007333e-08
"6E6661",3.198245704007333e-08
"A02061",3.193816000816187e-08
"6E2072",3.193816000816187e-08
"686965",3.1893862976250414e-08
"736372",3.1893862976250414e-08
"616C6F",3.1849565944338955e-08
"74C3B2",3.1805268912427496e-08
"636164",3.167237781669312e-08
"65706F",3.149518968904728e-08
"6F6262",3.1450892657135824e-08
"6E7665",3.1406595625224365e-08
"20496F",3.1406595625224365e-08
"6E2C20",3.127370452948999e-08
"646576",3.127370452948999e-08
"27616E",3.127370452948999e-08
"692045",3.114081343375561e-08
"676920",3.105221936993269e-08
"617263",3.100792233802123e-08
"73756E",3.0919328274198315e-08
"756974",3.0919328274198315e-08
"636365",3.0830734210375404e-08
"746972",3.0786437178463945e-08
"677569",3.0742140146552486e-08
"637569",3.0742140146552486e-08
"736174",3.0697843114641027e-08
"456363",3.065354608272957e-08
"45676C",3.060924905081811e-08
"6EC3B2",3.060924905081811e-08
"74616C",3.060924905081811e-08
"61676E",3.047635795508373e-08
"707065",3.043206092317227e-08
"752064",3.0387763891260813e-08
"6C6172",3.0254872795526436e-08
"61706F",3.00776846678806e-08
"676574",3.003338763596914e-08
"666163",2.998909060405768e-08
"276172",2.994479357214622e-08
"6F7469",2.9856199508323305e-08
"6F2068",2.9811902476411846e-08
"A02070",2.9811902476411846e-08
"6F7065",2.9767605444500387e-08
"696F76",2.963471434876601e-08
"6C206E",2.963471434876601e-08
"6C6173",2.9457526221120174e-08
"756269",2.9457526221120174e-08
"72206D",2.9457526221120174e-08
"6C2765",2.9324635125385796e-08
"66616D",2.9324635125385796e-08
"692042",2.9324635125385796e-08
"726967",2.9280338093474337e-08
"63656C",2.923604106156288e-08
"766574",2.923604106156288e-08
"204361",2.923604106156288e-08
"616C7A",2.9058852933917046e-08
"6C6962",2.9014555902005587e-08
"692043",2.9014555902005587e-08
"C2AB53",2.8970258870094128e-08
"206174",2.892596183818267e-08
"6F6665",2.883736777435975e-08
"72696E",2.879307074244829e-08
"6D6F67",2.879307074244829e-08
"696461",2.8748773710536832e-08
"6C6375",2.8748773710536832e-08
"726C6F",2.8660179646713914e-08
"6E7574",2.8660179646713914e-08
"766976",2.8615882614802455e-08
"6E6365",2.8615882614802455e-08
"72653A",2.8615882614802455e-08
"656E61",2.8615882614802455e-08
"76616C",2.8571585582890996e-08
"496F20",2.8527288550979537e-08
"204162",2.839439745524516e-08
"697574",2.8261506359510783e-08
"6F6361",2.8261506359510783e-08
"696C6C",2.8217209327599324e-08
"617573",2.8172912295687865e-08
"6C6576",2.8128615263776406e-08
"6F636F",2.8128615263776406e-08
"657469",2.8084318231864947e-08
"436F73",2.804002119995349e-08
"A8206C",2.804002119995349e-08
"6120C3",2.7951427136130573e-08
"204172",2.7951427136130573e-08
"616769",2.7862833072307655e-08
"756E67",2.7862833072307655e-08
"6F6E66",2.7818536040396196e-08
"74697A",2.7774239008484737e-08
"726E65",2.7729941976573278e-08
"657070",2.7729941976573278e-08
"616666",2.768564494466182e-08
"696569",2.755275384892744e-08
"205061",2.755275384892744e-08
"6E616E",2.7508456817015983e-08
"656D6F",2.7508456817015983e-08
"6C6176",2.7464159785104524e-08
"736570",2.7419862753193065e-08
"636175",2.7419862753193065e-08
"2E2049",2.7331268689370146e-08
"61C2BB",2.7286971657458687e-08
"756D65",2.7286971657458687e-08
"617267",2.7286971657458687e-08
"726F70",2.710978352981285e-08
"722074",2.710978352981285e-08
"206F70",2.710978352981285e-08
"20656E",2.710978352981285e-08
"736F70",2.7065486497901392e-08
"7272C3",2.7065486497901392e-08
"6D6963",2.7021189465989933e-08
"206F66",2.6932595402167015e-08
"6F7070",2.6932595402167015e-08
"657363",2.68440013383441e-08
"616C61",2.679970430643264e-08
"73652C",2.679970430643264e-08
"206275",2.6755407274521182e-08
"6F6E63",2.6755407274521182e-08
"6C6561",2.6755407274521182e-08
"6C2062",2.6711110242609723e-08
"6E676F",2.6711110242609723e-08
"757461",2.6666813210698264e-08
"A9206E",2.6666813210698264e-08
"6E64C3",2.6666813210698264e-08
"4F7261",2.6622516178786805e-08
"6F726D",2.6622516178786805e-08
"726765",2.6622516178786805e-08
"696F73",2.6622516178786805e-08
"747472",2.6533922114963887e-08
"657361",2.6533922114963887e-08
"746576",2.6489625083052428e-08
"205365",2.6489625083052428e-08
"B92064",2.644532805114097e-08
"722063",2.635673398731805e-08
"746965",2.6268139923495133e-08
"736375",2.6179545859672215e-08
"646F6D",2.6179545859672215e-08
"696176",2.6135248827760756e-08
"696769",2.6046654763937838e-08
"756F6E",2.600235773202638e-08
"6C7465",2.600235773202638e-08
"6E756E",2.595806070011492e-08
"676520",2.595806070011492e-08
"204372",2.591376366820346e-08
"697475",2.5869466636292e-08
"6F692C",2.5780872572469083e-08
"696265",2.5780872572469083e-08
"A92073",2.560368444482325e-08
"65766F",2.555938741291179e-08
"617273",2.555938741291179e-08
"3B2069",2.5515090381000333e-08
"6F2053",2.5515090381000333e-08
"6C7661",2.5426496317177414e-08
"6C656E",2.5426496317177414e-08
"636176",2.5426496317177414e-08
"666564",2.5337902253354496e-08
"C2AB43",2.5293605221443037e-08
"69736F",2.5249308189531578e-08
"696363",2.5249308189531578e-08
"736F74",2.51164170937972e-08
"646F6C",2.51164170937972e-08
"756F63",2.51164170937972e-08
"204669",2.5072120061885742e-08
"666665",2.5027823029974283e-08
"612053",2.5027823029974283e-08
"6F7669",2.5027823029974283e-08
"20726F",2.4983525998062824e-08
"636973",2.4939228966151365e-08
"6E206F",2.4939228966151365e-08
"652047",2.4939228966151365e-08
"20416D",2.4939228966151365e-08
"6D6F2C",2.4894931934239906e-08
"646169",2.4850634902328447e-08
"206F73",2.4806337870416988e-08
"736967",2.476204083850553e-08
"696665",2.476204083850553e-08
"62616E",2.467344677468261e-08
"656E75",2.467344677468261e-08
"6E6965",2.4629149742771152e-08
"206D75",2.4584852710859696e-08
"73696F",2.4584852710859696e-08
"2C2053",2.4540555678948237e-08
"6F6D62",2.4540555678948237e-08
"20626F",2.4496258647036778e-08
"6D6173",2.445196161512532e-08
"207563",2.445196161512532e-08
"6F676F",2.43633675513024e-08
"707061",2.4319070519390942e-08
"676E65",2.4319070519390942e-08
"6D6967",2.4274773487479483e-08
"6C6574",2.4186179423656565e-08
"7A612C",2.4097585359833647e-08
"616475",2.4097585359833647e-08
"6E6569",2.4053288327922188e-08
"756C74",2.4053288327922188e-08
"20456C",2.400899129601073e-08
"61204D",2.396469426409927e-08
"746F6C",2.392039723218781e-08
"6F2047",2.392039723218781e-08
"466967",2.387610020027635e-08
"72726F",2.3831803168364892e-08
"496E20",2.3743209104541974e-08
"616465",2.3743209104541974e-08
"6F6C70",2.3610318008807597e-08
"53616C",2.3610318008807597e-08
"726D61",2.352172394498468e-08
"746961",2.352172394498468e-08
"646F70",2.352172394498468e-08
"437269",2.352172394498468e-08
"696E71",2.3433129881161764e-08
"726F63",2.3433129881161764e-08
"677269",2.3388832849250305e-08
"656761",2.3388832849250305e-08
"64696D",2.3344535817338846e-08
"7672C3",2.3300238785427387e-08
"647269",2.3300238785427387e-08
"726167",2.3255941753515928e-08
"666672",2.321164472160447e-08
"62726F",2.316734768969301e-08
"67656C",2.316734768969301e-08
"6C756F",2.3078753625870092e-08
"204567",2.3078753625870092e-08
"756767",2.2990159562047174e-08
"756F67",2.2945862530135715e-08
"6CC3A0",2.2901565498224256e-08
"72657A",2.2812971434401338e-08
"722071",2.276867440248988e-08
"20436F",2.2635783306755502e-08
"726173",2.2635783306755502e-08
"204368",2.2635783306755502e-08
"204E6F",2.2591486274844043e-08
"616469",2.2547189242932584e-08
"747565",2.2547189242932584e-08
"64612C",2.2547189242932584e-08
"27C3A8",2.2458595179109666e-08
"72C3AC",2.2414298147198207e-08
"646563",2.2414298147198207e-08
"726970",2.2414298147198207e-08
"677265",2.2370001115286748e-08
"696C6F",2.2370001115286748e-08
"206F6C",2.2370001115286748e-08
"766965",2.2281407051463833e-08
"6F6D6D",2.2281407051463833e-08
"204173",2.2237110019552374e-08
"69656D",2.2192812987640915e-08
"3B2070",2.2192812987640915e-08
"68696F",2.2148515955729456e-08
"746F3A",2.2148515955729456e-08
"C2AB50",2.2148515955729456e-08
"616369",2.2104218923817997e-08
"647572",2.2059921891906538e-08
"7A6174",2.2059921891906538e-08
"756465",2.201562485999508e-08
"766563",2.197132782808362e-08
"766172",2.197132782808362e-08
"696D6D",2.192703079617216e-08
"6E612C",2.18827337642607e-08
"476C69",2.18827337642607e-08
"6C6963",2.1838436732349242e-08
"6C616D",2.1838436732349242e-08
"636F70",2.1794139700437783e-08
"6E6F74",2.1794139700437783e-08
"726F64",2.1794139700437783e-08
"3B2065",2.1794139700437783e-08
"63616C",2.1749842668526324e-08
"205065",2.1661248604703406e-08
"6E2068",2.1661248604703406e-08
"436865",2.1616951572791947e-08
"206563",2.148406047705757e-08
"202D20",2.143976344514611e-08
"73696E",2.143976344514611e-08
"6F7472",2.143976344514611e-08
"652041",2.1395466413234652e-08
"766963",2.1395466413234652e-08
"626261",2.1351169381323193e-08
"676C6F",2.1351169381323193e-08
"617065",2.1306872349411734e-08
"69646F",2.1218278285588816e-08
"6C6973",2.1218278285588816e-08
"756972",2.1218278285588816e-08
"C2AB4E",2.11296842217659e-08
"706167",2.11296842217659e-08
"616E20",2.11296842217659e-08
"66616E",2.1085387189854442e-08
"706573",2.1085387189854442e-08
"A82063",2.1085387189854442e-08
"3B2073",2.0996793126031524e-08
"6F6C75",2.0996793126031524e-08
"6C756E",2.0952496094120065e-08
"61726E",2.0952496094120065e-08
"72766F",2.0952496094120065e-08
"72636F",2.0952496094120065e-08
"73612C",2.0952496094120065e-08
"697669",2.0908199062208606e-08
"6E7475",2.0863902030297147e-08
"A82070",2.0863902030297147e-08
"746167",2.0819604998385688e-08
"626573",2.0819604998385688e-08
"6D6169",2.0819604998385688e-08
"727574",2.077530796647423e-08
"667572",2.077530796647423e-08
"2E2053",2.077530796647423e-08
"676865",2.077530796647423e-08
"767665",2.073101093456277e-08
"706574",2.073101093456277e-08
"72653B",2.073101093456277e-08
"752073",2.068671390265131e-08
"726F6D",2.068671390265131e-08
"756174",2.0598119838828393e-08
"6E206E",2.0598119838828393e-08
"736564",2.0598119838828393e-08
"6C7A61",2.0553822806916934e-08
"657370",2.0509525775005475e-08
"206166",2.0509525775005475e-08
"6F6E76",2.0509525775005475e-08
"206327",2.0420931711182557e-08
"617365",2.0420931711182557e-08
"2E2041",2.0420931711182557e-08
"6574C3",2.0420931711182557e-08
"274567",2.0420931711182557e-08
"676120",2.0420931711182557e-08
"476961",2.0420931711182557e-08
"61726D",2.0376634679271097e-08
"722C20",2.028804061544818e-08
"274973",2.028804061544818e-08
"6E7361",2.024374358353672e-08
"A9206C",2.019944655162526e-08
"6F736F",2.019944655162526e-08
"3B206C",2.019944655162526e-08
"657461",2.019944655162526e-08
"642749",2.019944655162526e-08
"6E6669",2.0155149519713802e-08
"697369",2.0155149519713802e-08
"C3B26E",2.002225842397943e-08
"637572",2.002225842397943e-08
"6E656D",1.997796139206797e-08
"6D2C20",1.993366436015651e-08
"70616E",1.988936732824505e-08
"A82064",1.988936732824505e-08
"B22073",1.9800773264422133e-08
"617369",1.9800773264422133e-08
"647574",1.9800773264422133e-08
"6DC3B2",1.9712179200599215e-08
"6E6564",1.9712179200599215e-08
"64652C",1.9712179200599215e-08
"757269",1.9712179200599215e-08
"A82061",1.9667882168687756e-08
"206CC3",1.9667882168687756e-08
"756F76",1.9667882168687756e-08
"722064",1.9623585136776297e-08
"756365",1.9579288104864838e-08
"657665",1.9579288104864838e-08
"6E6475",1.949069404104192e-08
"617072",1.949069404104192e-08
"547574",1.949069404104192e-08
"636964",1.9313505913396084e-08
"706520",1.9269208881484625e-08
"617A7A",1.9269208881484625e-08
"727361",1.9269208881484625e-08
"AB4E6F",1.9224911849573166e-08
"6E6761",1.9224911849573166e-08
"656E6F",1.9224911849573166e-08
"6E2062",1.9180614817661707e-08
"7A6172",1.9136317785750248e-08
"276163",1.909202075383879e-08
"6C612C",1.909202075383879e-08
"456C69",1.909202075383879e-08
"7472C3",1.904772372192733e-08
"AC2064",1.904772372192733e-08
"61756C",1.904772372192733e-08
"536175",1.900342669001587e-08
"696173",1.895912965810441e-08
"616368",1.895912965810441e-08
"756572",1.8914832626192953e-08
"756E7A",1.8914832626192953e-08
"6C6F63",1.8870535594281497e-08
"A92061",1.8870535594281497e-08
"736167",1.878194153045858e-08
"62756F",1.873764449854712e-08
"6D6F73",1.873764449854712e-08
"736F2C",1.86490504347242e-08
"66726F",1.86490504347242e-08
"3B2063",1.8560456370901284e-08
"696469",1.8516159338989825e-08
"652053",1.8516159338989825e-08
"67616E",1.8471862307078366e-08
"656C61",1.8471862307078366e-08
"706F6E",1.8471862307078366e-08
"7A6920",1.8427565275166906e-08
"3B206E",1.8427565275166906e-08
"C2AB45",1.8383268243255447e-08
"64276F",1.8383268243255447e-08
"62656C",1.825037714752107e-08
"666573",1.825037714752107e-08
"676869",1.825037714752107e-08
"6E2047",1.825037714752107e-08
"2C2044",1.820608011560961e-08
"726562",1.8161783083698152e-08
"6E6F3A",1.8161783083698152e-08
"C2AB49",1.8161783083698152e-08
"667567",1.8161783083698152e-08
"74616D",1.8117486051786693e-08
"757469",1.8117486051786693e-08
"706974",1.8073189019875234e-08
"6E6973",1.8073189019875234e-08
"727661",1.8028891987963775e-08
"6F6961",1.8028891987963775e-08
"72652E",1.7984594956052316e-08
"64697A",1.7984594956052316e-08
"626F63",1.7984594956052316e-08
"6C6572",1.7940297924140857e-08
"B22065",1.7940297924140857e-08
"756E74",1.7896000892229398e-08
"457373",1.7896000892229398e-08
"70706F",1.780740682840648e-08
"6F727A",1.780740682840648e-08
"6C2071",1.776310979649502e-08
"726D65",1.7585921668849188e-08
"6962C3",1.754162463693773e-08
"6C2C20",1.749732760502627e-08
"6E6972",1.745303057311481e-08
"205175",1.7408733541203352e-08
"6E696F",1.7408733541203352e-08
"6F7270",1.7364436509291893e-08
"757365",1.7364436509291893e-08
"696E6E",1.7320139477380434e-08
"636F62",1.7320139477380434e-08
"612049",1.7187248381646057e-08
"646F72",1.7142951349734598e-08
"746F3B",1.7142951349734598e-08
"A92074",1.709865431782314e-08
"6F766F",1.709865431782314e-08
"727665",1.705435728591168e-08
"707069",1.705435728591168e-08
"6E736F",1.701006025400022e-08
"7265C2",1.696576322208876e-08
"6F2049",1.6921466190177303e-08
"722065",1.6921466190177303e-08
"62C3B9",1.6877169158265843e-08
"722061",1.6832872126354384e-08
"276572",1.6832872126354384e-08
"617220",1.6832872126354384e-08
"6C617A",1.6832872126354384e-08
"6F7267",1.6699981030620007e-08
"6C696E",1.6655683998708548e-08
"65616E",1.6655683998708548e-08
"3B206D",1.661138696679709e-08
"41726F",1.661138696679709e-08
"6C616E",1.6478495871062715e-08
"642761",1.6434198839151256e-08
"6E617A",1.6434198839151256e-08
"20496C",1.6389901807239797e-08
"2E2050",1.6389901807239797e-08
"706163",1.6345604775328338e-08
"626173",1.630130774341688e-08
"6C6F6D",1.630130774341688e-08
"727569",1.630130774341688e-08
"697375",1.630130774341688e-08
"722076",1.621271367959396e-08
"C3A86C",1.621271367959396e-08
"6E20C3",1.6168416647682502e-08
"7A7A65",1.6168416647682502e-08
"666F73",1.6124119615771043e-08
"6D6261",1.6035525551948125e-08
"6C7665",1.5991228520036666e-08
"636970",1.5946931488125207e-08
"656368",1.5946931488125207e-08
"746F6E",1.5946931488125207e-08
"204163",1.5946931488125207e-08
"4C6520",1.5902634456213748e-08
"6F646F",1.5902634456213748e-08
"616761",1.5902634456213748e-08
"6E6361",1.585833742430229e-08
"276573",1.585833742430229e-08
"B22070",1.581404039239083e-08
"42656E",1.581404039239083e-08
"722070",1.581404039239083e-08
"62696E",1.576974336047937e-08
"C2AB41",1.576974336047937e-08
"666F6E",1.576974336047937e-08
"666669",1.5725446328567912e-08
"6E6173",1.5725446328567912e-08
"6E756F",1.5725446328567912e-08
"204573",1.5725446328567912e-08
"6D6269",1.5725446328567912e-08
"726570",1.5681149296656453e-08
"646F2C",1.5636852264744994e-08
"207564",1.5592555232833535e-08
"616464",1.5548258200922076e-08
"6E696D",1.5548258200922076e-08
"646966",1.5548258200922076e-08
"636564",1.5548258200922076e-08
"73692C",1.5503961169010617e-08
"636570",1.5503961169010617e-08
"436F6D",1.5503961169010617e-08
"653F20",1.5503961169010617e-08
"6F6162",1.5503961169010617e-08
"667269",1.5503961169010617e-08
"696F69",1.5503961169010617e-08
"65726C",1.5459664137099158e-08
"64726F",1.5459664137099158e-08
"697572",1.5459664137099158e-08
"7A6965",1.5459664137099158e-08
"6C6972",1.5415367105187702e-08
"2E2043",1.5415367105187702e-08
"746162",1.5415367105187702e-08
"3B2061",1.5371070073276243e-08
"547520",1.5371070073276243e-08
"70616C",1.5371070073276243e-08
"686975",1.5326773041364784e-08
"6F7672",1.5326773041364784e-08
"AC2061",1.5238178977541866e-08
"657267",1.5238178977541866e-08
"766567",1.5238178977541866e-08
"204E61",1.5193881945630407e-08
"656769",1.5193881945630407e-08
"63C3B2",1.501669381798457e-08
"616D62",1.501669381798457e-08
"6D756E",1.501669381798457e-08
"75696E",1.4928099754161652e-08
"6E74C3",1.4928099754161652e-08
"697175",1.4928099754161652e-08
"A82075",1.4928099754161652e-08
"64C3A0",1.4883802722250193e-08
"767669",1.4839505690338734e-08
"612042",1.4795208658427275e-08
"6E7669",1.4795208658427275e-08
"6F6D75",1.4795208658427275e-08
"767261",1.4750911626515816e-08
"737570",1.4750911626515816e-08
"6E756C",1.4750911626515816e-08
"746976",1.4706614594604357e-08
"65692C",1.4706614594604357e-08
"63696D",1.4706614594604357e-08
"736F67",1.4662317562692898e-08
"6F3F20",1.4662317562692898e-08
"A92065",1.4662317562692898e-08
"6D6974",1.4662317562692898e-08
"6E7375",1.4662317562692898e-08
"6F6465",1.461802053078144e-08
"616F6E",1.4573723498869982e-08
"642041",1.4529426466958523e-08
"707075",1.4529426466958523e-08
"452720",1.4485129435047064e-08
"646F3A",1.4440832403135605e-08
"696269",1.4440832403135605e-08
"636975",1.4396535371224146e-08
"46696C",1.4396535371224146e-08
"536920",1.4396535371224146e-08
"63652C",1.4396535371224146e-08
"736963",1.4396535371224146e-08
"204965",1.4307941307401228e-08
"746F2E",1.4263644275489769e-08
"6D7065",1.4263644275489769e-08
"766967",1.4263644275489769e-08
"2C2068",1.4263644275489769e-08
"666120",1.421934724357831e-08
"72706F",1.417505021166685e-08
"6D6164",1.417505021166685e-08
"70656C",1.417505021166685e-08
"747569",1.417505021166685e-08
"68657A",1.417505021166685e-08
"74657A",1.417505021166685e-08
"204761",1.417505021166685e-08
"656D62",1.417505021166685e-08
"67696E",1.4130753179755391e-08
"726465",1.4130753179755391e-08
"722066",1.4130753179755391e-08
"617276",1.4130753179755391e-08
"666964",1.4130753179755391e-08
"757065",1.4086456147843932e-08
"697263",1.4086456147843932e-08
"746FC2",1.4042159115932473e-08
"A02075",1.4042159115932473e-08
"647261",1.4042159115932473e-08
"656E67",1.4042159115932473e-08
"616961",1.3997862084021016e-08
"204D65",1.3997862084021016e-08
"6FC3A8",1.3997862084021016e-08
"676F6E",1.3997862084021016e-08
"C2AB44",1.3953565052109557e-08
"767265",1.3864970988286639e-08
"436F6E",1.3864970988286639e-08
"A92063",1.3864970988286639e-08
"416272",1.3864970988286639e-08
"656272",1.382067395637518e-08
"7A7A69",1.382067395637518e-08
"53616D",1.382067395637518e-08
"626120",1.377637692446372e-08
"C3B22C",1.377637692446372e-08
"B22C20",1.377637692446372e-08
"756E27",1.377637692446372e-08
"2E204D",1.3732079892552262e-08
"417373",1.3687782860640803e-08
"426162",1.3643485828729344e-08
"727A61",1.3599188796817885e-08
"667275",1.3554891764906426e-08
"626272",1.3554891764906426e-08
"61626F",1.3554891764906426e-08
"752063",1.3510594732994967e-08
"736973",1.3510594732994967e-08
"756D69",1.3466297701083508e-08
"6E6E75",1.3466297701083508e-08
"676174",1.342200066917205e-08
"696563",1.342200066917205e-08
"756369",1.3377703637260591e-08
"616C6D",1.3377703637260591e-08
"6E6F3B",1.3377703637260591e-08
"696775",1.3333406605349132e-08
"656461",1.3333406605349132e-08
"6F6C67",1.3289109573437673e-08
"736573",1.3244812541526214e-08
"6E616C",1.3244812541526214e-08
"736964",1.3244812541526214e-08
"737572",1.3200515509614755e-08
"616261",1.3200515509614755e-08
"20416C",1.3200515509614755e-08
"656472",1.3200515509614755e-08
"722072",1.3156218477703296e-08
"747475",1.3156218477703296e-08
"74693B",1.3156218477703296e-08
"75692C",1.3156218477703296e-08
"276173",1.3111921445791837e-08
"AB4368",1.3111921445791837e-08
"63726F",1.3111921445791837e-08
"69706F",1.3111921445791837e-08
"A0206E",1.3067624413880378e-08
"C2AB56",1.3023327381968919e-08
"6E6971",1.3023327381968919e-08
"736162",1.3023327381968919e-08
"B2206E",1.2934733318146e-08
"6C2745",1.2934733318146e-08
"A92064",1.2934733318146e-08
"727563",1.2934733318146e-08
"657A69",1.2934733318146e-08
"752C20",1.2934733318146e-08
"7A6520",1.2934733318146e-08
"636163",1.2890436286234542e-08
"2C2047",1.2890436286234542e-08
"6C7574",1.2890436286234542e-08
"2073C3",1.2801842222411625e-08
"6E756D",1.2801842222411625e-08
"627275",1.2757545190500166e-08
"726561",1.2757545190500166e-08
"70756E",1.2757545190500166e-08
"696F6C",1.2757545190500166e-08
"65646F",1.2757545190500166e-08
"646967",1.2757545190500166e-08
"657061",1.2713248158588707e-08
"2E204C",1.2713248158588707e-08
"637562",1.2713248158588707e-08
"72206E",1.2713248158588707e-08
"426574",1.2713248158588707e-08
"72616F",1.2713248158588707e-08
"206562",1.2713248158588707e-08
"2E2044",1.2668951126677248e-08
"69652C",1.2668951126677248e-08
"6F7220",1.2668951126677248e-08
"506164",1.2668951126677248e-08
"207275",1.2668951126677248e-08
"204E65",1.2624654094765789e-08
"726569",1.2624654094765789e-08
"69204E",1.258035706285433e-08
"6E6665",1.258035706285433e-08
"A8206D",1.258035706285433e-08
"636574",1.2536060030942871e-08
"6327C3",1.2491762999031412e-08
"612043",1.2491762999031412e-08
"76656C",1.2491762999031412e-08
"676172",1.2447465967119953e-08
"766173",1.2447465967119953e-08
"746F73",1.2447465967119953e-08
"746163",1.2447465967119953e-08
"616C64",1.2447465967119953e-08
"AC2069",1.2447465967119953e-08
"706174",1.2447465967119953e-08
"627265",1.2403168935208494e-08
"726C69",1.2403168935208494e-08
"204D69",1.2403168935208494e-08
"6F6E2C",1.2403168935208494e-08
"616361",1.2403168935208494e-08
"706C69",1.2358871903297035e-08
"652049",1.2358871903297035e-08
"204520",1.2314574871385576e-08
"656174",1.2314574871385576e-08
"676F67",1.2314574871385576e-08
"416E63",1.2314574871385576e-08
"2C2049",1.2314574871385576e-08
"656768",1.2314574871385576e-08
"75C3B2",1.2314574871385576e-08
"653FC2",1.2270277839474119e-08
"43616E",1.2270277839474119e-08
"666961",1.222598080756266e-08
"7A6572",1.222598080756266e-08
"656C74",1.222598080756266e-08
"64656D",1.222598080756266e-08
"74693A",1.21816837756512e-08
"617370",1.21816837756512e-08
"63617A",1.21816837756512e-08
"74653B",1.2137386743739741e-08
"6E6176",1.2137386743739741e-08
"696F3A",1.2137386743739741e-08
"746569",1.2137386743739741e-08
"3A2073",1.2093089711828282e-08
"6D6167",1.2093089711828282e-08
"726170",1.2093089711828282e-08
"696765",1.2093089711828282e-08
"20676F",1.2093089711828282e-08
"6C7563",1.2048792679916823e-08
"616DC3",1.2048792679916823e-08
"706F2C",1.2048792679916823e-08
"742C20",1.2048792679916823e-08
"2C2041",1.2004495648005364e-08
"667265",1.1960198616093905e-08
"C3A062",1.1960198616093905e-08
"64696F",1.1915901584182446e-08
"697361",1.1915901584182446e-08
"75C3A8",1.1915901584182446e-08
"617475",1.1871604552270987e-08
"63692C",1.1871604552270987e-08
"656F6E",1.1871604552270987e-08
"756973",1.1827307520359528e-08
"206269",1.1827307520359528e-08
"496F61",1.1827307520359528e-08
"757373",1.173871345653661e-08
"656475",1.173871345653661e-08
"647563",1.1694416424625153e-08
"4D616E",1.1694416424625153e-08
"2E2051",1.1650119392713694e-08
"737475",1.1650119392713694e-08
"756E73",1.1650119392713694e-08
"72676F",1.1605822360802235e-08
"696FC3",1.1605822360802235e-08
"6F72C3",1.1561525328890776e-08
"20416E",1.1561525328890776e-08
"47C3A0",1.1561525328890776e-08
"27756E",1.1517228296979317e-08
"2047C3",1.1517228296979317e-08
"64692C",1.1472931265067858e-08
"6E766F",1.1472931265067858e-08
"616D20",1.1472931265067858e-08
"727567",1.1472931265067858e-08
"68692C",1.1472931265067858e-08
"646570",1.1472931265067858e-08
"206972",1.1428634233156398e-08
"526973",1.1428634233156398e-08
"6F6369",1.1428634233156398e-08
"627269",1.1428634233156398e-08
"A82076",1.1428634233156398e-08
"622C20",1.1428634233156398e-08
"612045",1.138433720124494e-08
"616C75",1.138433720124494e-08
"507265",1.138433720124494e-08
"767574",1.134004016933348e-08
"416269",1.134004016933348e-08
"C3B92C",1.134004016933348e-08
"B92C20",1.134004016933348e-08
"626F6E",1.134004016933348e-08
"76612C",1.1295743137422021e-08
"6C2044",1.1295743137422021e-08
"6F3FC2",1.1251446105510562e-08
"3B2064",1.1251446105510562e-08
"6C2047",1.1251446105510562e-08
"636C61",1.1251446105510562e-08
"626973",1.1207149073599103e-08
"7274C3",1.1207149073599103e-08
"697069",1.1162852041687646e-08
"204C61",1.1162852041687646e-08
"746F63",1.1162852041687646e-08
"7375C3",1.1162852041687646e-08
"74696C",1.1118555009776187e-08
"642745",1.1118555009776187e-08
"637573",1.1118555009776187e-08
"666975",1.1074257977864728e-08
"6C7069",1.1074257977864728e-08
"70657A",1.1074257977864728e-08
"205370",1.1074257977864728e-08
"2C2020",1.1074257977864728e-08
"757272",1.1029960945953269e-08
"6C74C3",1.1029960945953269e-08
"706963",1.098566391404181e-08
"207376",1.098566391404181e-08
"A02066",1.098566391404181e-08
"72656C",1.094136688213035e-08
"6C2741",1.094136688213035e-08
"6D692C",1.094136688213035e-08
"206F62",1.094136688213035e-08
"6F7375",1.094136688213035e-08
"646F73",1.0897069850218892e-08
"752072",1.0897069850218892e-08
"656120",1.0897069850218892e-08
"766167",1.0852772818307433e-08
"6F21C2",1.0852772818307433e-08
"537069",1.0808475786395974e-08
"7AC3B2",1.0808475786395974e-08
"696F3B",1.0808475786395974e-08
"6C6569",1.0764178754484515e-08
"6C2768",1.0764178754484515e-08
"506172",1.0764178754484515e-08
"6E6576",1.0764178754484515e-08
"737569",1.0719881722573056e-08
"642061",1.0719881722573056e-08
"417261",1.0719881722573056e-08
"6D7572",1.0719881722573056e-08
"697A7A",1.0675584690661596e-08
"AB4563",1.0675584690661596e-08
"676972",1.0675584690661596e-08
"637261",1.0675584690661596e-08
"6CC3AC",1.0631287658750137e-08
"69205A",1.0631287658750137e-08
"616220",1.0631287658750137e-08
"61696D",1.0631287658750137e-08
"696573",1.0631287658750137e-08
"6C693A",1.058699062683868e-08
"2C20C3",1.058699062683868e-08
"A92070",1.058699062683868e-08
"3B2074",1.058699062683868e-08
"4D6920",1.058699062683868e-08
"6F7461",1.058699062683868e-08
"626920",1.0542693594927221e-08
"7075C3",1.0542693594927221e-08
"656F20",1.0542693594927221e-08
"204566",1.0542693594927221e-08
"646167",1.0498396563015762e-08
"737072",1.0498396563015762e-08
"616EC3",1.0454099531104303e-08
"722075",1.0454099531104303e-08
"4E656C",1.0454099531104303e-08
"726F72",1.0454099531104303e-08
"A0206D",1.0409802499192844e-08
"652043",1.0365505467281385e-08
"6472C3",1.0365505467281385e-08
"626F6C",1.0365505467281385e-08
"657262",1.0321208435369926e-08
"3A2065",1.0321208435369926e-08
"205469",1.0321208435369926e-08
"61646F",1.0321208435369926e-08
"75652C",1.0276911403458467e-08
"6164C3",1.0276911403458467e-08
"6C653A",1.0276911403458467e-08
"446963",1.0276911403458467e-08
"A8206E",1.0232614371547008e-08
"692046",1.0232614371547008e-08
"656D61",1.0232614371547008e-08
"692050",1.0232614371547008e-08
"AB5065",1.0188317339635549e-08
"726F74",1.0188317339635549e-08
"205069",1.014402030772409e-08
"6521C2",1.009972327581263e-08
"6E7A6F",1.009972327581263e-08
"A82066",1.0055426243901172e-08
"72653F",1.0055426243901172e-08
"656772",1.0055426243901172e-08
"696E75",1.0055426243901172e-08
"666973",1.0055426243901172e-08
"206F6E",1.0055426243901172e-08
"20656C",1.0055426243901172e-08
"6F6368",1.0011129211989714e-08
"446920",1.0011129211989714e-08
"617472",1.0011129211989714e-08
"6EC3A0",1.0011129211989714e-08
"722067",9.966832180078255e-09
"636375",9.966832180078255e-09
"3A2069",9.922535148166796e-09
"64616D",9.922535148166796e-09
"6F2041",9.922535148166796e-09
"6C2050",9.922535148166796e-09
"706120",9.878238116255337e-09
"756D61",9.878238116255337e-09
"736974",9.878238116255337e-09
"696261",9.878238116255337e-09
"756F6C",9.833941084343878e-09
"204F72",9.833941084343878e-09
"666F6C",9.833941084343878e-09
"6C6167",9.789644052432419e-09
"AC206C",9.74534702052096e-09
"B22074",9.74534702052096e-09
"C2AB51",9.74534702052096e-09
"AB5175",9.74534702052096e-09
"4D6172",9.74534702052096e-09
"652120",9.74534702052096e-09
"53616E",9.74534702052096e-09
"736F6D",9.701049988609501e-09
"B22075",9.701049988609501e-09
"7374C3",9.701049988609501e-09
"C2AB54",9.656752956698042e-09
"76696F",9.656752956698042e-09
"416C20",9.656752956698042e-09
"205375",9.656752956698042e-09
"536F6E",9.612455924786583e-09
"73C3A9",9.612455924786583e-09
"6C6F64",9.612455924786583e-09
"6E6966",9.612455924786583e-09
"456672",9.612455924786583e-09
"A92076",9.612455924786583e-09
"A82072",9.612455924786583e-09
"3A2063",9.568158892875124e-09
"2E204E",9.568158892875124e-09
"AC2063",9.568158892875124e-09
"737665",9.568158892875124e-09
"76756F",9.568158892875124e-09
"65746F",9.568158892875124e-09
"72616C",9.568158892875124e-09
"756F74",9.568158892875124e-09
"566F69",9.568158892875124e-09
"A82065",9.523861860963665e-09
"207675",9.523861860963665e-09
"276F6C",9.523861860963665e-09
"69626F",9.479564829052206e-09
"612041",9.479564829052206e-09
"2064C3",9.479564829052206e-09
"72206F",9.479564829052206e-09
"6E6163",9.479564829052206e-09
"A02074",9.479564829052206e-09
"746973",9.479564829052206e-09
"692052",9.479564829052206e-09
"A02076",9.435267797140748e-09
"6D6F64",9.39097076522929e-09
"204961",9.39097076522929e-09
"C3A82C",9.39097076522929e-09
"A82C20",9.39097076522929e-09
"6C6967",9.39097076522929e-09
"626F20",9.34667373331783e-09
"63C3AC",9.34667373331783e-09
"766972",9.34667373331783e-09
"3A2043",9.34667373331783e-09
"6C6161",9.34667373331783e-09
"C2AB46",9.302376701406371e-09
"6D6D61",9.302376701406371e-09
"76692C",9.302376701406371e-09
"2C2062",9.302376701406371e-09
"726F67",9.302376701406371e-09
"456420",9.302376701406371e-09
"53696D",9.302376701406371e-09
"C3A06E",9.302376701406371e-09
"205269",9.258079669494912e-09
"696272",9.258079669494912e-09
"6C6163",9.258079669494912e-09
"752070",9.213782637583453e-09
"74653A",9.213782637583453e-09
"707072",9.213782637583453e-09
"6E6567",9.213782637583453e-09
"4C6F20",9.213782637583453e-09
"696F67",9.169485605671994e-09
"6E6472",9.169485605671994e-09
"A92068",9.125188573760535e-09
"205475",9.125188573760535e-09
"6D2065",9.125188573760535e-09
"6E6768",9.125188573760535e-09
"757A69",9.125188573760535e-09
"76697A",9.125188573760535e-09
"693FC2",9.080891541849076e-09
"206574",9.080891541849076e-09
"4769C3",9.080891541849076e-09
"726261",9.036594509937617e-09
"6E7A65",9.036594509937617e-09
"636F67",9.036594509937617e-09
"69616C",9.036594509937617e-09
"6D6165",9.036594509937617e-09
"756567",9.036594509937617e-09
"6E653A",8.992297478026158e-09
"693F20",8.992297478026158e-09
"757465",8.992297478026158e-09
"206973",8.948000446114699e-09
"746567",8.948000446114699e-09
"2C204D",8.948000446114699e-09
"C3A06C",8.948000446114699e-09
"6C6562",8.948000446114699e-09
