"20E0A4",3.776867095034232e-07
"E0A4BE",1.9497581720461824e-07
"E0A4B0",1.6852654842400366e-07
"A4B0E0",1.456672483508104e-07
"A4BEE0",1.4383138692541442e-07
"BEE0A4",1.436955307754015e-07
"E0A4A8",1.4219750632481646e-07
"E0A58D",1.4159757518449385e-07
"A58DE0",1.3793066140095904e-07
"8DE0A4",1.317570213096635e-07
"A4A8E0",1.265085255319516e-07
"E0A4BF",1.0856830012935924e-07
"E0A587",9.389523479455569e-08
"E0A4AE",9.279576179290238e-08
"B0E0A5",8.642735447769451e-08
"E0A4B9",8.549319316300384e-08
"A4AEE0",8.433541022085825e-08
"A4B9E0",8.408173192304649e-08
"A4BFE0",8.384668876085599e-08
"BFE0A4",8.380460942235641e-08
"E0A495",8.314997514198436e-08
"E0A4B2",7.89979466988901e-08
"A495E0",7.86751380592576e-08
"E0A4A4",7.729734029009993e-08
"A8E0A5",7.650985552675064e-08
"A4B2E0",7.544224259567559e-08
"E0A58B",7.409450149687475e-08
"A4A4E0",7.057306199786704e-08
"E0A4B8",6.934494644708644e-08
"A4B8E0",6.441144457471425e-08
"B9E0A4",6.108537343302602e-08
"B0E0A4",5.923989387311587e-08
"E0A581",5.480533272866727e-08
"E0A4AF",5.4115231577274165e-08
"E0A4AA",5.270196693709541e-08
"87E0A4",5.215673893682228e-08
"A4AAE0",5.190967310648903e-08
"E0A582",5.114022234535386e-08
"81E0A4",5.1086721472118675e-08
"A4AFE0",5.087392024599223e-08
"A587E0",5.024333130190567e-08
"A8E0A4",4.9998670005200965e-08
"E0A580",4.989948299302338e-08
"AEE0A4",4.947508280758476e-08
"A4BE20",4.93843116631071e-08
"BE20E0",4.907232342480307e-08
"A58B20",4.54781467835318e-08
"8B20E0",4.532064983086194e-08
"95E0A5",4.4040836807067575e-08
"A4E0A4",4.342046713090234e-08
"B8E0A4",4.294436947244994e-08
"A581E0",4.273517504676632e-08
"8720E0",4.153170596567833e-08
"A58720",4.126299933268816e-08
"B2E0A5",4.102014143620486e-08
"82E0A4",4.07875028076429e-08
"E0A5A4",3.963452893275441e-08
"E0A4A6",3.679176905040421e-08
"A4A6E0",3.568448131445812e-08
"A582E0",3.5208984789412865e-08
"AAE0A4",3.520778252259859e-08
"AEE0A5",3.486032741327349e-08
"95E0A4",3.463430125219003e-08
"B2E0A4",3.442210115947072e-08
"E0A49B",3.272209588408769e-08
"A580E0",3.087300952373471e-08
"80E0A4",3.077923271222136e-08
"E0A497",2.9848077064566375e-08
"E0A4AC",2.9429087079791982e-08
"8820E0",2.92727923939364e-08
"E0A4AD",2.922349945455118e-08
"A4ADE0",2.9155571379544712e-08
"A420E0",2.8384317218188127e-08
"AFE0A4",2.8178128459540183e-08
"A497E0",2.7669569597102404e-08
"A49BE0",2.7444745702833218e-08
"A4E0A5",2.7164617535107442e-08
"A58BE0",2.6222641486123988e-08
"E0A4B5",2.5415319320339187e-08
"A4ACE0",2.5188692025848593e-08
"A4B5E0",2.4965070398393683e-08
"E0A49C",2.447574780498428e-08
"A4BF20",2.435491999014977e-08
"BF20E0",2.4241906909608042e-08
"E0A4B6",2.3840950927047758e-08
"A49CE0",2.37177185785847e-08
"E0A48F",2.3453219879444486e-08
"B9E0A5",2.2996358490020473e-08
"97E0A4",2.2737269991544487e-08
"AFE0A5",2.2695791786452046e-08
"E0A488",2.229663920411317e-08
"A4B6E0",2.2147558119143233e-08
"A5A420",2.2147558119143233e-08
"B5E0A4",2.1919127424431226e-08
"A4B020",2.1747203269990086e-08
"B020E0",2.167386499431939e-08
"9CE0A4",2.1530795243420815e-08
"B8E0A5",2.146707510226431e-08
"A48FE0",2.0995786511069015e-08
"E0A588",2.0845503159284798e-08
"ADE0A4",2.0755934281621408e-08
"8BE0A4",2.051007071810243e-08
"E0A489",2.0377220235125188e-08
"E0A485",2.0089277333106633e-08
"A489E0",2.0075451264742485e-08
"A485E0",2.0071844464299663e-08
"85E0A4",2.0071844464299663e-08
"89E0A4",2.006463086341402e-08
"A6E0A4",1.998828692070764e-08
"9BE0A5",1.901625420136734e-08
"A48820",1.8816677910197907e-08
"A58020",1.848304886923695e-08
"8020E0",1.8427143462373223e-08
"8220E0",1.7206241512478266e-08
"ACE0A4",1.70078674881231e-08
"AAE0A5",1.670189058389044e-08
"E0A481",1.5907793353062655e-08
"A6E0A5",1.5696194393750478e-08
"8FE0A4",1.54551398974886e-08
"A58220",1.5115499522456275e-08
"8120E0",1.5102875720906402e-08
"A4A820",1.4314789824149982e-08
"E0A4A5",1.4290744487864508e-08
"A820E0",1.4252271949807749e-08
"E0A49F",1.3443146383801539e-08
"88E0A4",1.3318110635117072e-08
"A4A5E0",1.3030768866505654e-08
"E0A486",1.1890418793167037e-08
"B6E0A5",1.186276665643874e-08
"A486E0",1.183631678652472e-08
"86E0A4",1.183631678652472e-08
"A481E0",1.1511704746670817e-08
"A58120",1.1019977619632867e-08
"A5E0A4",1.0845047798156042e-08
"E0A496",1.058355476605151e-08
"A58820",1.058355476605151e-08
"E0A49A",1.0427260080195926e-08
"B6E0A4",1.0284791462704491e-08
"A588E0",1.0123086576184676e-08
"A49AE0",1.0103850307156296e-08
"A496E0",1.0036523365556968e-08
"2C20E0",9.511733901126492e-09
"E0A482",9.302539475442867e-09
"9BE0A4",8.428491501465875e-09
"A49FE0",8.415867699916001e-09
"ADE0A5",8.399637097923306e-09
"A4AE20",8.210280074675196e-09
"ACE0A5",8.18082453772549e-09
"AE20E0",8.18082453772549e-09
"E0A4A7",8.138144065818774e-09
"E0A4AB",7.770851554058153e-09
"A4ABE0",7.3206026321126475e-09
"A4A7E0",6.946096519466385e-09
"9CE0A5",6.78078483250375e-09
"A482E0",6.753733829182591e-09
"E0A58C",6.5721915402272605e-09
"A4A420",6.5174884001778065e-09
"9AE0A4",6.396660585343298e-09
"8DE0A5",6.173640091295524e-09
"E0A4B7",6.156207222488555e-09
"E0A487",6.075655345932216e-09
"E0A4A1",5.878483588391327e-09
"8BE0A5",5.798532845242125e-09
"A487E0",5.565894216680161e-09
"8FE0A5",5.5406466135804135e-09
"96E0A4",5.268934313554553e-09
"E0A4A3",5.230461775497795e-09
"A4A1E0",5.2208436409836054e-09
"ABE0A5",5.210023239655142e-09
"A4B7E0",5.195596037883857e-09
"A49F20",4.965963076357578e-09
"97E0A5",4.932299605557914e-09
"9F20E0",4.929895071929366e-09
"9FE0A4",4.7826173871808365e-09
"96E0A5",4.767589052002415e-09
"A4B820",4.758572050895362e-09
"B820E0",4.735728981424161e-09
"E2809C",4.656379371682096e-09
"809CE0",4.5938614973398634e-09
"A58CE0",4.33056506501392e-09
"A49520",4.278266458593013e-09
"9520E0",4.263839256821728e-09
"20E280",4.187495314115348e-09
"A48120",4.147820509244315e-09
"A4AC20",4.06065616520947e-09
"AC20E0",4.051038030695281e-09
"E0A48A",3.805174467176306e-09
"A7E0A4",3.747465660091168e-09
"9AE0A5",3.7071897218129986e-09
"E2809D",3.704184054777314e-09
"87E0A5",3.6524865817635447e-09
"9FE0A5",3.6332503127351653e-09
"E0A4A0",3.533462167150447e-09
"A1E0A4",3.4601238914797504e-09
"A49B20",3.4553148242226554e-09
"2C20E2",3.4499046235584236e-09
"A4A0E0",3.398808283951791e-09
"9B20E0",3.360335745895032e-09
"A4E280",3.339897210052379e-09
"A5A4E2",3.3320824757596e-09
"A488E0",3.329677942131052e-09
"98E0A4",3.2599464669031767e-09
"A4B220",3.200434259596628e-09
"A7E0A5",3.1986308593752175e-09
"B220E0",3.183001390789659e-09
"81E0A5",3.1601583213184584e-09
"A4AF20",3.1355118516258473e-09
"AF20E0",3.1216857832616997e-09
"E0A498",3.103651781047594e-09
"A498E0",3.0934325131262675e-09
"B5E0A5",3.045942973962456e-09
"A4A320",2.9329298934207267e-09
"A320E0",2.9269185593493578e-09
"B7E0A5",2.831338347614598e-09
"A48AE0",2.7471796706154377e-09
"2DE0A4",2.678049328794699e-09
"E0A49D",2.5109342416106526e-09
"8CE0A4",2.4448095668255983e-09
"A58D20",2.3768814918191335e-09
"B7E0A4",2.3642576902692594e-09
"8D20E0",2.346223688055154e-09
"E0A4A2",2.3143636174769005e-09
"A4A2E0",2.243429875434751e-09
"A4A3E0",2.2247947398135086e-09
"A5872C",2.2211879393706874e-09
"A48220",2.210968671449361e-09
"A0E0A4",2.1971426030852134e-09
"872C20",2.1971426030852134e-09
"A49DE0",2.1881256019781605e-09
"A5E0A5",2.1857210683496127e-09
"A49720",2.1189952601574218e-09
"ABE0A4",2.110579392457506e-09
"9720E0",2.1081748588289582e-09
"8CE0A5",2.052269451965231e-09
"83E0A4",2.045656984486725e-09
"8AE0A4",1.8785418973026788e-09
"A58B2C",1.876738497081268e-09
"A48F20",1.8256421574746354e-09
"E0A583",1.8094115554819403e-09
"8F20E0",1.8094115554819403e-09
"A583E0",1.8070070218533928e-09
"A1E0A5",1.7607197495038548e-09
"8B2C20",1.7414834804754755e-09
"A4B620",1.6236613326766515e-09
"B620E0",1.6176499986052828e-09
"A58C20",1.4300963755785834e-09
"9DE0A5",1.4210793744715305e-09
"8C20E0",1.4162703072144356e-09
"9D20E0",1.3104708275583488e-09
"A2E0A4",1.3002515596370222e-09
"A49B2C",1.2473518198089789e-09
"9B2C20",1.2275144173734626e-09
"A4A520",1.2106826819736306e-09
"A520E0",1.2064747481236724e-09
"A0E0A5",1.2016656808665776e-09
"A4B920",1.2010645474594407e-09
"E0A49E",1.1896430127238404e-09
"A49EE0",1.183631678652472e-09
"82E0A5",1.175215810952556e-09
"A4A720",1.16679994325264e-09
"A720E0",1.1631931428098187e-09
"B920E0",1.1607886091812714e-09
"A3E0A4",1.1241194713459231e-09
"A3E0A5",1.1006752684675857e-09
"E28098",1.048376662046679e-09
"809D20",1.039960794346763e-09
"A4A620",1.0375562607182157e-09
"A620E0",1.035752860496805e-09
"9EE0A4",9.996848560685935e-10
"3F20E0",9.756395197831193e-10
"A4B720",9.455828494262765e-10
"B720E0",9.455828494262765e-10
"A2E0A5",9.43178315797729e-10
"812C20",9.329590478764025e-10
"8AE0A5",8.686377733127587e-10
"8098E0",8.50603771098653e-10
"2120E0",8.241539011846313e-10
"A48A20",8.157380334847153e-10
"A4BE2D",8.133334998561679e-10
"BE2DE0",8.121312330418941e-10
"8A20E0",8.103278328204835e-10
"E0A499",8.031142319348413e-10
"A5812C",7.898892969778304e-10
"A499E0",7.886870301635567e-10
"A4BE2C",7.850802297207356e-10
"9DE0A4",7.820745626850512e-10
"A4A82C",7.712541613565878e-10
"A58D2C",7.676473609137667e-10
"8D2C20",7.53821292549619e-10
"A4AA20",7.490122252925241e-10
"A82C20",7.472088250711135e-10
"99E0A5",7.460065582568399e-10
"AA20E0",7.454054248497029e-10
"BE2C20",7.411974909997449e-10
"822C20",7.36989557149787e-10
"E0A483",6.852920841360173e-10
"98E0A5",6.840898173217435e-10
"A4B02C",6.756739496218275e-10
"B02C20",6.61246747850543e-10
"9C20E0",6.480218128935321e-10
"A49C20",6.450161458578478e-10
"A4A120",6.287855438651527e-10
"A120E0",6.281844104580158e-10
"E0A493",6.089481414296364e-10
"E28099",6.059424743939521e-10
"A493E0",5.969254732868993e-10
"93E0A4",5.764869374442461e-10
"A48F2C",5.64464269301509e-10
"8F2C20",5.51840467751635e-10
"2020E0",5.289973982804343e-10
"A5822C",5.157724633234235e-10
"3FE280",5.037497951806864e-10
"A49620",5.031486617735495e-10
"9620E0",4.97137327702181e-10
"A48720",4.658783905310643e-10
"A4AB20",4.4303532105986377e-10
"AB20E0",4.4183305424559006e-10
"A4B520",4.298103861028529e-10
"B520E0",4.274058524743055e-10
"A49B3F",4.0576504981737864e-10
"A48320",3.9734918211746263e-10
"3020E0",3.919389814532309e-10
"A58C2C",3.841242471604518e-10
"8C2C20",3.7570837946053577e-10
"A5802C",3.6909591198203034e-10
"A58C3F",3.6729251176061975e-10
"802C20",3.558709770250195e-10
"A49D20",3.137916385254395e-10
"A49A20",3.1018483808261836e-10
"9A20E0",3.1018483808261836e-10
"A48920",2.9756103653274434e-10
"8920E0",2.9756103653274434e-10
"809920",2.867406352042809e-10
"303020",2.855383683900072e-10
"8320E0",2.771225006900912e-10
"9920E0",2.7652136728295436e-10
"A4A83F",2.5908849847598545e-10
"A483E0",2.3864996263333235e-10
"A4822C",2.3504316219051117e-10
"A83F20",2.2542502767632148e-10
"28E0A4",2.236216274549109e-10
"A4B02D",2.2302049404777403e-10
"B02DE0",2.2121709382636347e-10
"A58B3F",2.1821142679067917e-10
"A4BF2C",2.140034929407212e-10
"2028E0",2.1280122612644746e-10
"BF2C20",2.109978259050369e-10
"822DE0",2.1039669249790004e-10
"A5822D",2.0739102546221574e-10
"9B3F20",1.9777289094802605e-10
"A4AE2C",1.9476722391234175e-10
"A4B92C",1.911604234695206e-10
"A4B22C",1.8935702324811003e-10
"9DE280",1.8635135621242574e-10
"AE2C20",1.8575022280528888e-10
"809DE2",1.8514908939815203e-10
"9EE0A5",1.8394682258387832e-10
"8C3F20",1.8334568917674146e-10
"2C3030",1.815422889553309e-10
"B22C20",1.7793548851250975e-10
"A58DE2",1.7673322169823604e-10
"8DE280",1.7673322169823604e-10
"B92C20",1.731264212554149e-10
"303030",1.6891848740545688e-10
"E2808C",1.6771622059118317e-10
"A4AC2C",1.6711508718404632e-10
"808CE0",1.6651395377690946e-10
"AC2C20",1.617048865198146e-10
"A48A2C",1.605026197055409e-10
"A4812C",1.5990148629840404e-10
"882C20",1.5930035289126716e-10
"8A2C20",1.5629468585558289e-10
"A4A82D",1.532890188198986e-10
"A82DE0",1.5268788541276173e-10
"A58D3F",1.5148561859848803e-10
"202020",1.4667655134139317e-10
"21E280",1.436708843057089e-10
"2920E0",1.418674840842983e-10
"A58B21",1.3946295045575089e-10
"A4B22D",1.364572834200666e-10
"B22DE0",1.3585615001292973e-10
"BEE0A5",1.3585615001292973e-10
"88E0A5",1.3465388319865603e-10
"E0A494",1.3224934957010858e-10
"A4BF2D",1.292436825344243e-10
"BF2DE0",1.280414157201506e-10
"A4A821",1.280414157201506e-10
"A58D21",1.2683914890587687e-10
"9B3FE2",1.2623801549874001e-10
"A4B021",1.2563688209160316e-10
"A5802D",1.2323234846305574e-10
"802DE0",1.2263121505591889e-10
"A4B82C",1.1661988098455032e-10
"B82C20",1.1361421394886602e-10
"A420E2",1.1241194713459231e-10
"8B2120",1.1241194713459231e-10
"8C3FE2",1.1181081372745544e-10
"8320E2",1.1000741350604488e-10
"8B3F20",1.070017464703606e-10
"812120",1.070017464703606e-10
"A49B21",1.0459721284181317e-10
"A4A42C",1.0038927899185516e-10
"A4A020",9.97881455847183e-11
"B02120",9.918701217758145e-11
"A020E0",9.858587877044458e-11
"A4952C",9.738361195617087e-11
"A58121",9.738361195617087e-11
"952C20",9.618134514189717e-11
"A494E0",9.55802117347603e-11
"80E0A5",9.377681151334973e-11
"94E0A4",9.317567810621287e-11
"A42C20",9.077114447766545e-11
"A82120",9.017001107052858e-11
"9B20E2",8.776547744198115e-11
"3B20E0",8.71643440348443e-11
"A5882C",8.656321062770744e-11
"E0A48B",8.596207722057059e-11
"A48BE0",8.596207722057059e-11
"882DE0",8.29564101848863e-11
"8B3FE2",8.29564101848863e-11
"A4A42D",8.29564101848863e-11
"A42DE0",8.115300996347573e-11
"A4882C",8.055187655633887e-11
"8D3F20",7.995074314920202e-11
"A4952D",7.694507611351772e-11
"812DE0",7.634394270638087e-11
"A58B2D",7.634394270638087e-11
"952DE0",7.574280929924401e-11
"8B2DE0",7.514167589210716e-11
"A49C2D",7.514167589210716e-11
"9C2DE0",7.514167589210716e-11
"872020",7.45405424849703e-11
"BE2020",7.153487544928601e-11
"A5A429",7.093374204214915e-11
"A5813F",6.973147522787544e-11
"A42028",6.612467478505429e-11
"A4A220",6.612467478505429e-11
"A220E0",6.612467478505429e-11
"8D2120",6.552354137791744e-11
"8B20E2",6.492240797078058e-11
"A48A21",6.372014115650687e-11
"A4AD20",6.311900774937001e-11
"AD20E0",6.311900774937001e-11
"872DE0",6.251787434223315e-11
"A5812D",6.131560752795944e-11
"A5873F",6.131560752795944e-11
"A4AF2C",5.951220730654887e-11
"AF2C20",5.951220730654887e-11
"302C30",5.830994049227516e-11
"8B2020",5.650654027086458e-11
"9B2120",5.650654027086458e-11
"A4823F",5.530427345659087e-11
"813F20",5.4703140049454007e-11
"8720E2",5.289973982804344e-11
"A4A32C",5.289973982804344e-11
"A32C20",5.289973982804344e-11
"8820E2",5.169747301376972e-11
"882020",5.169747301376972e-11
"8D3FE2",5.0495206199496007e-11
"9CE280",4.989407279235915e-11
"203130",4.929293938522229e-11
"A5872D",4.929293938522229e-11
"20312C",4.929293938522229e-11
"822120",4.869180597808544e-11
"A4A62C",4.748953916381172e-11
"9820E0",4.748953916381172e-11
"99E0A4",4.748953916381172e-11
"809CE2",4.688840575667487e-11
"809820",4.568613894240115e-11
"A4B03F",4.448387212812744e-11
"A4882D",4.3882738720990576e-11
"A62C20",4.3882738720990576e-11
"A58221",4.3882738720990576e-11
"BFE0A5",4.2079338499580007e-11
"A4BE21",4.147820509244315e-11
"A4B62C",4.147820509244315e-11
"8A2120",4.147820509244315e-11
"A58C21",4.147820509244315e-11
"B62C20",4.027593827816944e-11
"A4BEE2",4.027593827816944e-11
"BEE280",4.027593827816944e-11
"A5882D",3.9674804871032576e-11
"20E0A5",3.7871404649622007e-11
"2D20E0",3.727027124248515e-11
"BE2031",3.727027124248515e-11
"203230",3.727027124248515e-11
"E0A490",3.666913783534829e-11
"BE2032",3.666913783534829e-11
"203132",3.606800442821144e-11
"A4B82D",3.606800442821144e-11
"B82DE0",3.606800442821144e-11
"A4A52C",3.486573761393772e-11
"A52C20",3.486573761393772e-11
"813FE2",3.486573761393772e-11
"A49420",3.486573761393772e-11
"9420E0",3.486573761393772e-11
"BE2120",3.426460420680086e-11
"A48121",3.3663470799664007e-11
"823F20",3.3062337392527146e-11
"873F20",3.186007057825344e-11
"322C30",3.186007057825344e-11
"A42020",3.1258937171116576e-11
"312C30",3.1258937171116576e-11
"8120E2",3.065780376397972e-11
"2CE280",3.065780376397972e-11
"A4862D",3.065780376397972e-11
"862DE0",3.065780376397972e-11
"A42920",3.005667035684286e-11
"353020",2.885440354256915e-11
"A4813F",2.885440354256915e-11
"BE20E2",2.885440354256915e-11
"A4A8E2",2.825327013543229e-11
"A8E280",2.825327013543229e-11
"3220E0",2.825327013543229e-11
"822020",2.825327013543229e-11
"A49F2C",2.825327013543229e-11
"9F2C20",2.825327013543229e-11
"BF2020",2.825327013543229e-11
"A4AE2D",2.825327013543229e-11
"AE2DE0",2.825327013543229e-11
"B03F20",2.825327013543229e-11
"A4872C",2.7652136728295434e-11
"A58BE2",2.7652136728295434e-11
"8BE280",2.7652136728295434e-11
"A4972D",2.644986991402172e-11
"972DE0",2.644986991402172e-11
"BE2033",2.644986991402172e-11
"8C2120",2.644986991402172e-11
"A4AF2D",2.584873650688486e-11
"A49C2C",2.584873650688486e-11
"A4BE3F",2.584873650688486e-11
"AF2DE0",2.5247603099748003e-11
"3520E0",2.5247603099748003e-11
"9C2C20",2.5247603099748003e-11
"203A20",2.5247603099748003e-11
"203330",2.4646469692611146e-11
"8D21E2",2.404533628547429e-11
"323020",2.404533628547429e-11
"BE2034",2.404533628547429e-11
"81E280",2.3444202878337434e-11
"A49F2D",2.3444202878337434e-11
"9F2DE0",2.3444202878337434e-11
"A4AA2C",2.2843069471200576e-11
"203235",2.2843069471200576e-11
"BE2028",2.224193606406372e-11
"A48F3F",2.224193606406372e-11
"AA2C20",2.164080265692686e-11
"A48620",2.164080265692686e-11
"BF20E2",2.164080265692686e-11
"203430",2.164080265692686e-11
"823FE2",2.164080265692686e-11
"872031",2.164080265692686e-11
"A4B62D",2.1039669249790003e-11
"2C2020",2.1039669249790003e-11
"313030",2.1039669249790003e-11
"8D20E2",2.1039669249790003e-11
"812020",2.1039669249790003e-11
"B62DE0",2.0438535842653146e-11
"353030",2.0438535842653146e-11
"203232",2.0438535842653146e-11
"A4972C",2.0438535842653146e-11
"8620E0",2.0438535842653146e-11
"93E0A5",2.0438535842653146e-11
"BE2036",2.0438535842653146e-11
"20332C",2.0438535842653146e-11
"82E280",2.0438535842653146e-11
"9B21E2",2.0438535842653146e-11
"31302C",2.0438535842653146e-11
"A48221",1.9837402435516288e-11
"203530",1.9837402435516288e-11
"A49020",1.9837402435516288e-11
"9020E0",1.9837402435516288e-11
"B02020",1.9837402435516288e-11
"20322C",1.9837402435516288e-11
"363030",1.923626902837943e-11
"972C20",1.923626902837943e-11
"A58B29",1.923626902837943e-11
"A58721",1.923626902837943e-11
"A4822D",1.923626902837943e-11
"A4A02C",1.923626902837943e-11
"822031",1.923626902837943e-11
"A582E2",1.923626902837943e-11
"A82020",1.8635135621242576e-11
"873FE2",1.8635135621242576e-11
"B020E2",1.8635135621242576e-11
"A02C20",1.8635135621242576e-11
"A581E2",1.803400221410572e-11
"A4962C",1.803400221410572e-11
"962C20",1.803400221410572e-11
"A820E2",1.803400221410572e-11
"A4A62D",1.803400221410572e-11
"343030",1.803400221410572e-11
"A4A32D",1.803400221410572e-11
"A32DE0",1.803400221410572e-11
"A58021",1.743286880696886e-11
"333030",1.743286880696886e-11
"B92031",1.743286880696886e-11
"203630",1.743286880696886e-11
"3120E0",1.743286880696886e-11
"A83FE2",1.743286880696886e-11
"A62DE0",1.743286880696886e-11
"323030",1.743286880696886e-11
"A4962D",1.743286880696886e-11
"962DE0",1.743286880696886e-11
"802020",1.6831735399832003e-11
"30302C",1.6831735399832003e-11
"BE2035",1.6831735399832003e-11
"352C30",1.6831735399832003e-11
"203131",1.6831735399832003e-11
"BF2031",1.6831735399832003e-11
"A4202D",1.6831735399832003e-11
"A4B0E2",1.6230601992695146e-11
"B0E280",1.6230601992695146e-11
"A490E0",1.6230601992695146e-11
"90E0A4",1.6230601992695146e-11
"A58D3B",1.6230601992695146e-11
"A821E2",1.6230601992695146e-11
"822D20",1.6230601992695146e-11
"A4812D",1.5629468585558288e-11
"A4A12D",1.5629468585558288e-11
"A12DE0",1.5629468585558288e-11
"A4A72C",1.5629468585558288e-11
"9920E2",1.5629468585558288e-11
"A4AA2D",1.5629468585558288e-11
"AA2DE0",1.5629468585558288e-11
"A4BE31",1.5629468585558288e-11
"8A21E2",1.5629468585558288e-11
"A42032",1.502833517842143e-11
"8220E2",1.502833517842143e-11
"809DE0",1.502833517842143e-11
"BF2032",1.502833517842143e-11
"88E280",1.502833517842143e-11
"802120",1.4427201771284574e-11
"9D2028",1.4427201771284574e-11
"A49920",1.4427201771284574e-11
"A49521",1.4427201771284574e-11
"A72C20",1.4427201771284574e-11
"2C3530",1.4427201771284574e-11
"A4AF21",1.4427201771284574e-11
"AF2120",1.4427201771284574e-11
"332C30",1.4427201771284574e-11
"9D2020",1.4427201771284574e-11
"203332",1.3826068364147717e-11
"9F2031",1.3826068364147717e-11
"342C30",1.3826068364147717e-11
"333020",1.322493495701086e-11
"29E0A5",1.322493495701086e-11
"A4872D",1.322493495701086e-11
"BE3F20",1.322493495701086e-11
"A4A52D",1.322493495701086e-11
"A52DE0",1.322493495701086e-11
"8D3B20",1.322493495701086e-11
"A4B221",1.322493495701086e-11
"8F3F20",1.322493495701086e-11
"A4A021",1.322493495701086e-11
"A4B029",1.2623801549874002e-11
"A49B3B",1.2623801549874002e-11
"31322C",1.2623801549874002e-11
"A58D2D",1.2022668142737146e-11
"A82028",1.2022668142737146e-11
"952120",1.2022668142737146e-11
"3320E0",1.2022668142737146e-11
"A4BE29",1.2022668142737146e-11
"9B3B20",1.2022668142737146e-11
"872028",1.2022668142737146e-11
"A5A4E0",1.2022668142737146e-11
"3A2031",1.2022668142737146e-11
"8D2DE0",1.1421534735600288e-11
"203234",1.1421534735600288e-11
"313220",1.1421534735600288e-11
"203730",1.1421534735600288e-11
"313020",1.1421534735600288e-11
"203138",1.1421534735600288e-11
"872120",1.1421534735600288e-11
"BE2920",1.1421534735600288e-11
"A488E2",1.1421534735600288e-11
"B02028",1.1421534735600288e-11
"B02920",1.1421534735600288e-11
"B22120",1.1421534735600288e-11
"A48F21",1.1421534735600288e-11
"203830",1.082040132846343e-11
"BE2038",1.082040132846343e-11
"A4A829",1.082040132846343e-11
"2C3430",1.082040132846343e-11
"872032",1.082040132846343e-11
"89E0A5",1.082040132846343e-11
"822033",1.082040132846343e-11
"20342C",1.082040132846343e-11
"A580E2",1.0219267921326573e-11
"80E280",1.0219267921326573e-11
"A49B29",1.0219267921326573e-11
"A4A12C",1.0219267921326573e-11
"A12C20",1.0219267921326573e-11
"822028",1.0219267921326573e-11
"373030",1.0219267921326573e-11
"3620E0",1.0219267921326573e-11
"A4BE3B",1.0219267921326573e-11
"A4B821",1.0219267921326573e-11
"A02120",1.0219267921326573e-11
"32302C",1.0219267921326573e-11
"A49BE2",1.0219267921326573e-11
"9BE280",1.0219267921326573e-11
"202C20",1.0219267921326573e-11
"203133",9.618134514189715e-12
"A42031",9.618134514189715e-12
"A4AE21",9.618134514189715e-12
"812CE2",9.618134514189715e-12
"A48AE2",9.618134514189715e-12
"8AE280",9.618134514189715e-12
"3820E0",9.618134514189715e-12
"32322C",9.618134514189715e-12
"BE3FE2",9.618134514189715e-12
"203134",9.618134514189715e-12
"A4B52D",9.618134514189715e-12
"B52DE0",9.618134514189715e-12
"A4B72C",9.618134514189715e-12
"B72C20",9.618134514189715e-12
"8B2920",9.618134514189715e-12
"A49721",9.618134514189715e-12
"972120",9.618134514189715e-12
"8121E2",9.618134514189715e-12
"2020E2",9.618134514189715e-12
"3720E0",9.01700110705286e-12
"A42033",9.01700110705286e-12
"203135",9.01700110705286e-12
"A4B52C",9.01700110705286e-12
"B52C20",9.01700110705286e-12
"A587E2",9.01700110705286e-12
"87E280",9.01700110705286e-12
"AE2020",9.01700110705286e-12
"A4A43F",9.01700110705286e-12
"8C20E2",9.01700110705286e-12
"362C30",9.01700110705286e-12
"32342C",9.01700110705286e-12
"B82120",9.01700110705286e-12
"8B2031",9.01700110705286e-12
"32352C",9.01700110705286e-12
"A48520",9.01700110705286e-12
"8520E0",9.01700110705286e-12
"2C2031",9.01700110705286e-12
"A48F29",8.415867699916002e-12
"B021E2",8.415867699916002e-12
"A49820",8.415867699916002e-12
"A58029",8.415867699916002e-12
"802920",8.415867699916002e-12
"383020",8.415867699916002e-12
"20372C",8.415867699916002e-12
"BE3B20",8.415867699916002e-12
"2C2032",8.415867699916002e-12
"882031",8.415867699916002e-12
"8F2120",8.415867699916002e-12
"312C32",8.415867699916002e-12
"2E20E0",8.415867699916002e-12
"A4A4E2",7.814734292779144e-12
"30E0A4",7.814734292779144e-12
"BF2033",7.814734292779144e-12
"B02032",7.814734292779144e-12
"8B2028",7.814734292779144e-12
"B82020",7.814734292779144e-12
"A58229",7.814734292779144e-12
"2C3630",7.814734292779144e-12
"2C3230",7.814734292779144e-12
"2C3730",7.814734292779144e-12
"2CE0A4",7.814734292779144e-12
"8C21E2",7.814734292779144e-12
"8B21E2",7.814734292779144e-12
"372C30",7.814734292779144e-12
"822036",7.814734292779144e-12
"312D32",7.814734292779144e-12
"31383A",7.814734292779144e-12
"202D20",7.213600885642287e-12
"A4B8E2",7.213600885642287e-12
"B8E280",7.213600885642287e-12
"BE2039",7.213600885642287e-12
"203136",7.213600885642287e-12
"32E0A4",7.213600885642287e-12
"A4AEE2",7.213600885642287e-12
"AEE280",7.213600885642287e-12
"8020E2",7.213600885642287e-12
"A4B229",7.213600885642287e-12
"822920",7.213600885642287e-12
"323530",7.213600885642287e-12
"8099E2",7.213600885642287e-12
"99E280",7.213600885642287e-12
"A4A83B",7.213600885642287e-12
"203435",7.213600885642287e-12
"822032",7.213600885642287e-12
"802032",7.213600885642287e-12
"822037",7.213600885642287e-12
"203331",7.213600885642287e-12
"BE3120",7.213600885642287e-12
"9D2C20",7.213600885642287e-12
"A49320",7.213600885642287e-12
"9320E0",7.213600885642287e-12
"8F20E2",7.213600885642287e-12
"B92032",7.213600885642287e-12
"3A312D",7.213600885642287e-12
"A4203A",7.213600885642287e-12
"8221E2",6.61246747850543e-12
"343020",6.61246747850543e-12
"A48F2D",6.61246747850543e-12
"A82920",6.61246747850543e-12
"A4AE29",6.61246747850543e-12
"809C20",6.61246747850543e-12
"A43FE2",6.61246747850543e-12
"203238",6.61246747850543e-12
"20362C",6.61246747850543e-12
"AE2028",6.61246747850543e-12
"20352C",6.61246747850543e-12
"202120",6.61246747850543e-12
"A4B921",6.61246747850543e-12
"9F2020",6.61246747850543e-12
"A4852C",6.61246747850543e-12
"852C20",6.61246747850543e-12
"A4AC2D",6.61246747850543e-12
"AC2DE0",6.61246747850543e-12
"2D3132",6.61246747850543e-12
"AF2020",6.61246747850543e-12
"312D31",6.61246747850543e-12
"992020",6.61246747850543e-12
"B03FE2",6.011334071368573e-12
"313230",6.011334071368573e-12
"203239",6.011334071368573e-12
"8F2DE0",6.011334071368573e-12
"A4B92D",6.011334071368573e-12
"B92DE0",6.011334071368573e-12
"A4AB2C",6.011334071368573e-12
"AB2C20",6.011334071368573e-12
"8F2920",6.011334071368573e-12
"9B2920",6.011334071368573e-12
"BF2034",6.011334071368573e-12
"3420E0",6.011334071368573e-12
"203533",6.011334071368573e-12
"3F20E2",6.011334071368573e-12
"203233",6.011334071368573e-12
"872033",6.011334071368573e-12
"363020",6.011334071368573e-12
"9D20E2",6.011334071368573e-12
"A5803F",6.011334071368573e-12
"B82028",6.011334071368573e-12
"382C30",6.011334071368573e-12
"A49E20",6.011334071368573e-12
"9E20E0",6.011334071368573e-12
"8B2032",6.011334071368573e-12
"2120E2",6.011334071368573e-12
"A4883F",6.011334071368573e-12
"AE2120",6.011334071368573e-12
"202D31",6.011334071368573e-12
"202D32",6.011334071368573e-12
"383A31",6.011334071368573e-12
"373020",5.410200664231715e-12
"203635",5.410200664231715e-12
"B92036",5.410200664231715e-12
"BE2037",5.410200664231715e-12
"8F2028",5.410200664231715e-12
"BE21E2",5.410200664231715e-12
"292C20",5.410200664231715e-12
"A481E2",5.410200664231715e-12
"B22920",5.410200664231715e-12
"802028",5.410200664231715e-12
"A83B20",5.410200664231715e-12
"A49B2D",5.410200664231715e-12
"203532",5.410200664231715e-12
"B02031",5.410200664231715e-12
"A58B3B",5.410200664231715e-12
"8B3B20",5.410200664231715e-12
"B22020",5.410200664231715e-12
"872037",5.410200664231715e-12
"802031",5.410200664231715e-12
"882120",5.410200664231715e-12
"203520",5.410200664231715e-12
"872035",5.410200664231715e-12
"809D29",5.410200664231715e-12
"203231",5.410200664231715e-12
"A49A2C",5.410200664231715e-12
"9A2C20",5.410200664231715e-12
"A495E2",5.410200664231715e-12
"95E280",5.410200664231715e-12
"A4BFE2",5.410200664231715e-12
"BFE280",5.410200664231715e-12
"9620E2",5.410200664231715e-12
"3A3131",5.410200664231715e-12
"3A2032",5.410200664231715e-12
"313138",5.410200664231715e-12
"383A32",5.410200664231715e-12
"3A3232",5.410200664231715e-12
"393020",4.809067257094858e-12
"3920E0",4.809067257094858e-12
"35E0A4",4.809067257094858e-12
"203236",4.809067257094858e-12
"A4B2E2",4.809067257094858e-12
"B2E280",4.809067257094858e-12
"AE2920",4.809067257094858e-12
"A58D29",4.809067257094858e-12
"A58CE2",4.809067257094858e-12
"8CE280",4.809067257094858e-12
"A49C21",4.809067257094858e-12
"A42034",4.809067257094858e-12
"BF2035",4.809067257094858e-12
"AE20E2",4.809067257094858e-12
"8099E0",4.809067257094858e-12
"2C2028",4.809067257094858e-12
"203632",4.809067257094858e-12
"9B2DE0",4.809067257094858e-12
"203432",4.809067257094858e-12
"882920",4.809067257094858e-12
"313130",4.809067257094858e-12
"9B2CE2",4.809067257094858e-12
"802033",4.809067257094858e-12
"8F3FE2",4.809067257094858e-12
"A5823F",4.809067257094858e-12
"A48821",4.809067257094858e-12
"203339",4.809067257094858e-12
"20312D",4.809067257094858e-12
"38302C",4.809067257094858e-12
"203137",4.809067257094858e-12
"B92120",4.809067257094858e-12
"A49D2C",4.809067257094858e-12
"A49621",4.809067257094858e-12
"A58C3B",4.809067257094858e-12
"8C3B20",4.809067257094858e-12
"342C35",4.809067257094858e-12
"AC2020",4.809067257094858e-12
"20383A",4.809067257094858e-12
"313A31",4.809067257094858e-12
"3A3130",4.809067257094858e-12
"34303A",4.809067257094858e-12
"952020",4.809067257094858e-12
"203930",4.207933849958001e-12
"313520",4.207933849958001e-12
"203336",4.207933849958001e-12
"36E0A4",4.207933849958001e-12
"39E0A4",4.207933849958001e-12
"882028",4.207933849958001e-12
"8B29E0",4.207933849958001e-12
"203237",4.207933849958001e-12
"203334",4.207933849958001e-12
"A58729",4.207933849958001e-12
"A49A2D",4.207933849958001e-12
"9A2DE0",4.207933849958001e-12
"873B20",4.207933849958001e-12
"A58C2D",4.207933849958001e-12
"8C2DE0",4.207933849958001e-12
"203734",4.207933849958001e-12
"34302C",4.207933849958001e-12
"203431",4.207933849958001e-12
"A4A72D",4.207933849958001e-12
"A72DE0",4.207933849958001e-12
"8C2020",4.207933849958001e-12
"A48F3B",4.207933849958001e-12
"31382C",4.207933849958001e-12
"822035",4.207933849958001e-12
"882032",4.207933849958001e-12
"A82032",4.207933849958001e-12
"2C3830",4.207933849958001e-12
"333220",4.207933849958001e-12
"962120",4.207933849958001e-12
"A5813B",4.207933849958001e-12
"2D3233",4.207933849958001e-12
"2D3237",4.207933849958001e-12
"8098E2",4.207933849958001e-12
"98E280",4.207933849958001e-12
"982020",4.207933849958001e-12
"3A2033",4.207933849958001e-12
"20363A",4.207933849958001e-12
"363A31",4.207933849958001e-12
"B82031",4.207933849958001e-12
"32323A",4.207933849958001e-12
"203335",3.6068004428211436e-12
"A48829",3.6068004428211436e-12
"872920",3.6068004428211436e-12
"A829E0",3.6068004428211436e-12
"203333",3.6068004428211436e-12
"8D2CE2",3.6068004428211436e-12
"A4BF3F",3.6068004428211436e-12
"812920",3.6068004428211436e-12
"822034",3.6068004428211436e-12
"BF2028",3.6068004428211436e-12
"A4A7E2",3.6068004428211436e-12
"A7E280",3.6068004428211436e-12
"A5873B",3.6068004428211436e-12
"2C3330",3.6068004428211436e-12
"322C37",3.6068004428211436e-12
"2C3130",3.6068004428211436e-12
"203634",3.6068004428211436e-12
"3030E0",3.6068004428211436e-12
"33302C",3.6068004428211436e-12
"8C2CE2",3.6068004428211436e-12
"8F3B20",3.6068004428211436e-12
"832031",3.6068004428211436e-12
"803FE2",3.6068004428211436e-12
"3B20E2",3.6068004428211436e-12
"A48A3F",3.6068004428211436e-12
"BF2036",3.6068004428211436e-12
"203337",3.6068004428211436e-12
"37302C",3.6068004428211436e-12
"A49F21",3.6068004428211436e-12
"9F2120",3.6068004428211436e-12
"313820",3.6068004428211436e-12
"8B2033",3.6068004428211436e-12
"203636",3.6068004428211436e-12
"A5803B",3.6068004428211436e-12
"9F2032",3.6068004428211436e-12
"A4932C",3.6068004428211436e-12
"932C20",3.6068004428211436e-12
"A49FE2",3.6068004428211436e-12
"9FE280",3.6068004428211436e-12
"A588E2",3.6068004428211436e-12
"32312D",3.6068004428211436e-12
"32322D",3.6068004428211436e-12
"32332D",3.6068004428211436e-12
"9B2020",3.6068004428211436e-12
"A49B2E",3.6068004428211436e-12
"333A31",3.6068004428211436e-12
"373B20",3.6068004428211436e-12
"303A31",3.6068004428211436e-12
"352D32",3.6068004428211436e-12
"303B20",3.6068004428211436e-12
"9D203A",3.6068004428211436e-12
"323A31",3.6068004428211436e-12
"A32020",3.6068004428211436e-12
"31343A",3.6068004428211436e-12
"34E0A4",3.0056670356842864e-12
"383030",3.0056670356842864e-12
"363520",3.0056670356842864e-12
"952031",3.0056670356842864e-12
"203539",3.0056670356842864e-12
"33E0A4",3.0056670356842864e-12
"313530",3.0056670356842864e-12
"8D2020",3.0056670356842864e-12
"203935",3.0056670356842864e-12
"29E0A4",3.0056670356842864e-12
"8D2920",3.0056670356842864e-12
"BF2037",3.0056670356842864e-12
"9C2120",3.0056670356842864e-12
"A4B23B",3.0056670356842864e-12
"302C35",3.0056670356842864e-12
"33322C",3.0056670356842864e-12
"322C32",3.0056670356842864e-12
"312C35",3.0056670356842864e-12
"332C34",3.0056670356842864e-12
"312C38",3.0056670356842864e-12
"323733",3.0056670356842864e-12
"373320",3.0056670356842864e-12
"31342C",3.0056670356842864e-12
"312C37",3.0056670356842864e-12
"203732",3.0056670356842864e-12
"203631",3.0056670356842864e-12
"373520",3.0056670356842864e-12
"882033",3.0056670356842864e-12
"A82031",3.0056670356842864e-12
"812031",3.0056670356842864e-12
"A49C31",3.0056670356842864e-12
"A4BF21",3.0056670356842864e-12
"A520E2",3.0056670356842864e-12
"203139",3.0056670356842864e-12
"8B2034",3.0056670356842864e-12
"323220",3.0056670356842864e-12
"A43F20",3.0056670356842864e-12
"8D2021",3.0056670356842864e-12
"323520",3.0056670356842864e-12
"823B20",3.0056670356842864e-12
"3A20E0",3.0056670356842864e-12
"203639",3.0056670356842864e-12
"A49CE2",3.0056670356842864e-12
"A4B72D",3.0056670356842864e-12
"B72DE0",3.0056670356842864e-12
"822039",3.0056670356842864e-12
"2C2033",3.0056670356842864e-12
"2D3131",3.0056670356842864e-12
"31312D",3.0056670356842864e-12
"2D3137",3.0056670356842864e-12
"31372D",3.0056670356842864e-12
"2D3236",3.0056670356842864e-12
"883F20",3.0056670356842864e-12
"A4AD2D",3.0056670356842864e-12
"AD2DE0",3.0056670356842864e-12
"A021E2",3.0056670356842864e-12
"8F2020",3.0056670356842864e-12
"3A3138",3.0056670356842864e-12
"20393A",3.0056670356842864e-12
"3A3433",3.0056670356842864e-12
"322D32",3.0056670356842864e-12
"31303A",3.0056670356842864e-12
"343A34",3.0056670356842864e-12
"393A31",3.0056670356842864e-12
"A58D2E",3.0056670356842864e-12
"34372D",3.0056670356842864e-12
"372D35",3.0056670356842864e-12
"343A31",3.0056670356842864e-12
"20323A",3.0056670356842864e-12
"323A32",3.0056670356842864e-12
"3A372D",3.0056670356842864e-12
"AE2031",2.404533628547429e-12
"203931",2.404533628547429e-12
"203833",2.404533628547429e-12
"203936",2.404533628547429e-12
"B92039",2.404533628547429e-12
"203737",2.404533628547429e-12
"2C2035",2.404533628547429e-12
"8B2036",2.404533628547429e-12
"3232E0",2.404533628547429e-12
"A4A22C",2.404533628547429e-12
"A22C20",2.404533628547429e-12
"203939",2.404533628547429e-12
"3235E0",2.404533628547429e-12
"A72020",2.404533628547429e-12
"A4B03B",2.404533628547429e-12
"A4A02D",2.404533628547429e-12
"A02DE0",2.404533628547429e-12
"AC2028",2.404533628547429e-12
"38E0A4",2.404533628547429e-12
"A58129",2.404533628547429e-12
"812028",2.404533628547429e-12
"8B2CE2",2.404533628547429e-12
"203436",2.404533628547429e-12
"A42035",2.404533628547429e-12
"203420",2.404533628547429e-12
"362C35",2.404533628547429e-12
"34352C",2.404533628547429e-12
"342C36",2.404533628547429e-12
"352C34",2.404533628547429e-12
"35332C",2.404533628547429e-12
"343530",2.404533628547429e-12
"822038",2.404533628547429e-12
"20382C",2.404533628547429e-12
"322C36",2.404533628547429e-12
"33362C",2.404533628547429e-12
"333120",2.404533628547429e-12
"323320",2.404533628547429e-12
"A58829",2.404533628547429e-12
"203120",2.404533628547429e-12
"972031",2.404533628547429e-12
"A42036",2.404533628547429e-12
"A320E2",2.404533628547429e-12
"803F20",2.404533628547429e-12
"A5A42C",2.404533628547429e-12
"94E0A5",2.404533628547429e-12
"B02036",2.404533628547429e-12
"832036",2.404533628547429e-12
"A496E2",2.404533628547429e-12
"96E280",2.404533628547429e-12
"809D2C",2.404533628547429e-12
"802034",2.404533628547429e-12
"333320",2.404533628547429e-12
"B02034",2.404533628547429e-12
"A4A421",2.404533628547429e-12
"A42120",2.404533628547429e-12
"A4B9E2",2.404533628547429e-12
"B9E280",2.404533628547429e-12
"8B2035",2.404533628547429e-12
"313320",2.404533628547429e-12
"363636",2.404533628547429e-12
"363620",2.404533628547429e-12
"313720",2.404533628547429e-12
"8721E2",2.404533628547429e-12
"883FE2",2.404533628547429e-12
"313620",2.404533628547429e-12
"313120",2.404533628547429e-12
"373630",2.404533628547429e-12
"A5823B",2.404533628547429e-12
"803B20",2.404533628547429e-12
"A4892C",2.404533628547429e-12
"892C20",2.404533628547429e-12
"2C2037",2.404533628547429e-12
"332C36",2.404533628547429e-12
"A5872E",2.404533628547429e-12
"322C38",2.404533628547429e-12
"2C3235",2.404533628547429e-12
"323534",2.404533628547429e-12
"313238",2.404533628547429e-12
"812CE0",2.404533628547429e-12
"9D2DE0",2.404533628547429e-12
"2D3130",2.404533628547429e-12
"31332D",2.404533628547429e-12
"31352D",2.404533628547429e-12
"2D3139",2.404533628547429e-12
"32302D",2.404533628547429e-12
"2D3231",2.404533628547429e-12
"32362D",2.404533628547429e-12
"2D3330",2.404533628547429e-12
"B820E2",2.404533628547429e-12
"802038",2.404533628547429e-12
"A49A21",2.404533628547429e-12
"383A33",2.404533628547429e-12
"3A3136",2.404533628547429e-12
"35333A",2.404533628547429e-12
"323B20",2.404533628547429e-12
"353A31",2.404533628547429e-12
"31333A",2.404533628547429e-12
"39203A",2.404533628547429e-12
"3A3236",2.404533628547429e-12
"332D31",2.404533628547429e-12
"8D2E20",2.404533628547429e-12
"303A33",2.404533628547429e-12
"332D32",2.404533628547429e-12
"32352D",2.404533628547429e-12
"31313A",2.404533628547429e-12
"3FE0A4",2.404533628547429e-12
"3A3437",2.404533628547429e-12
"323A34",2.404533628547429e-12
"BE202D",2.404533628547429e-12
"80992C",2.404533628547429e-12
"992C20",2.404533628547429e-12
"372D38",2.404533628547429e-12
"3A3134",2.404533628547429e-12
"202031",2.404533628547429e-12
"A4B6E2",1.8034002214105718e-12
"B6E280",1.8034002214105718e-12
"313330",1.8034002214105718e-12
"AE2039",1.8034002214105718e-12
"303520",1.8034002214105718e-12
"B22036",1.8034002214105718e-12
"363220",1.8034002214105718e-12
"203638",1.8034002214105718e-12
"373720",1.8034002214105718e-12
"B92035",1.8034002214105718e-12
"B02033",1.8034002214105718e-12
"9B29E0",1.8034002214105718e-12
"A4B629",1.8034002214105718e-12
"B62920",1.8034002214105718e-12
"393920",1.8034002214105718e-12
"B03B20",1.8034002214105718e-12
"A4AFE2",1.8034002214105718e-12
"AFE280",1.8034002214105718e-12
"8B292C",1.8034002214105718e-12
"3238E0",1.8034002214105718e-12
"BF3F20",1.8034002214105718e-12
"992028",1.8034002214105718e-12
"972036",1.8034002214105718e-12
"203433",1.8034002214105718e-12
"A4852D",1.8034002214105718e-12
"852DE0",1.8034002214105718e-12
"8D2028",1.8034002214105718e-12
"323820",1.8034002214105718e-12
"31E0A4",1.8034002214105718e-12
"A4BF29",1.8034002214105718e-12
"BF2920",1.8034002214105718e-12
"203439",1.8034002214105718e-12
"A4AC3B",1.8034002214105718e-12
"9F2035",1.8034002214105718e-12
"352C36",1.8034002214105718e-12
"203534",1.8034002214105718e-12
"342C34",1.8034002214105718e-12
"35372C",1.8034002214105718e-12
"2C3033",1.8034002214105718e-12
"353530",1.8034002214105718e-12
"312C34",1.8034002214105718e-12
"882037",1.8034002214105718e-12
"372C35",1.8034002214105718e-12
"2C3735",1.8034002214105718e-12
"203620",1.8034002214105718e-12
"AE2032",1.8034002214105718e-12
"342C37",1.8034002214105718e-12
"A42D20",1.8034002214105718e-12
"203736",1.8034002214105718e-12
"A4862C",1.8034002214105718e-12
"862C20",1.8034002214105718e-12
"2C3031",1.8034002214105718e-12
"8A2CE2",1.8034002214105718e-12
"A4892D",1.8034002214105718e-12
"892DE0",1.8034002214105718e-12
"332C33",1.8034002214105718e-12
"373220",1.8034002214105718e-12
"31362C",1.8034002214105718e-12
"313233",1.8034002214105718e-12
"8D29E0",1.8034002214105718e-12
"9C3120",1.8034002214105718e-12
"A4A221",1.8034002214105718e-12
"A48129",1.8034002214105718e-12
"B221E2",1.8034002214105718e-12
"A58821",1.8034002214105718e-12
"972033",1.8034002214105718e-12
"A49421",1.8034002214105718e-12
"942120",1.8034002214105718e-12
"972034",1.8034002214105718e-12
"872038",1.8034002214105718e-12
"203220",1.8034002214105718e-12
"802036",1.8034002214105718e-12
"362D36",1.8034002214105718e-12
"2D3620",1.8034002214105718e-12
"A5883B",1.8034002214105718e-12
"883B20",1.8034002214105718e-12
"3B2033",1.8034002214105718e-12
"9C21E2",1.8034002214105718e-12
"343520",1.8034002214105718e-12
"203535",1.8034002214105718e-12
"343120",1.8034002214105718e-12
"333520",1.8034002214105718e-12
"B921E2",1.8034002214105718e-12
"B02035",1.8034002214105718e-12
"872034",1.8034002214105718e-12
"353220",1.8034002214105718e-12
"323920",1.8034002214105718e-12
"A4AC29",1.8034002214105718e-12
"AC2920",1.8034002214105718e-12
"35302C",1.8034002214105718e-12
"B02D20",1.8034002214105718e-12
"313132",1.8034002214105718e-12
"832035",1.8034002214105718e-12
"832033",1.8034002214105718e-12
"322C31",1.8034002214105718e-12
"313732",1.8034002214105718e-12
"2C3035",1.8034002214105718e-12
"9F2039",1.8034002214105718e-12
"20312F",1.8034002214105718e-12
"B22037",1.8034002214105718e-12
"313237",1.8034002214105718e-12
"323720",1.8034002214105718e-12
"203735",1.8034002214105718e-12
"A4B83F",1.8034002214105718e-12
"81202D",1.8034002214105718e-12
"AF20E2",1.8034002214105718e-12
"9521E2",1.8034002214105718e-12
"9D2032",1.8034002214105718e-12
"BE202C",1.8034002214105718e-12
"A497E2",1.8034002214105718e-12
"97E280",1.8034002214105718e-12
"B2202C",1.8034002214105718e-12
"2CE0A5",1.8034002214105718e-12
"A49D2D",1.8034002214105718e-12
"B220E2",1.8034002214105718e-12
"31302D",1.8034002214105718e-12
"31322D",1.8034002214105718e-12
"2D3238",1.8034002214105718e-12
"33302D",1.8034002214105718e-12
"B620E2",1.8034002214105718e-12
"813B20",1.8034002214105718e-12
"A58320",1.8034002214105718e-12
"A48A2D",1.8034002214105718e-12
"8A20E2",1.8034002214105718e-12
"9A21E2",1.8034002214105718e-12
"A4AA29",1.8034002214105718e-12
"AA2920",1.8034002214105718e-12
"9D2031",1.8034002214105718e-12
"31203A",1.8034002214105718e-12
"36203A",1.8034002214105718e-12
"372D31",1.8034002214105718e-12
"20353A",1.8034002214105718e-12
"3A3137",1.8034002214105718e-12
"363A39",1.8034002214105718e-12
"3A392D",1.8034002214105718e-12
"392D31",1.8034002214105718e-12
"2D3334",1.8034002214105718e-12
"343B20",1.8034002214105718e-12
"34332D",1.8034002214105718e-12
"323620",1.8034002214105718e-12
"31373B",1.8034002214105718e-12
"302D32",1.8034002214105718e-12
"33343A",1.8034002214105718e-12
"323729",1.8034002214105718e-12
"20333A",1.8034002214105718e-12
"8021E2",1.8034002214105718e-12
"383B20",1.8034002214105718e-12
"393A32",1.8034002214105718e-12
"312D33",1.8034002214105718e-12
"3A3235",1.8034002214105718e-12
"313A32",1.8034002214105718e-12
"3A3135",1.8034002214105718e-12
"8C3FE0",1.8034002214105718e-12
"2D3536",1.8034002214105718e-12
"35363B",1.8034002214105718e-12
"363B20",1.8034002214105718e-12
"2D3533",1.8034002214105718e-12
"333B20",1.8034002214105718e-12
"3A332D",1.8034002214105718e-12
"313229",1.8034002214105718e-12
"202DE0",1.8034002214105718e-12
"332D35",1.8034002214105718e-12
"3A3133",1.8034002214105718e-12
"87202C",1.8034002214105718e-12
"342C20",1.8034002214105718e-12
"32363A",1.8034002214105718e-12
"20313A",1.8034002214105718e-12
"3F2020",1.8034002214105718e-12
"3A2034",1.8034002214105718e-12
"31363A",1.8034002214105718e-12
"A4B829",1.8034002214105718e-12
"B82920",1.8034002214105718e-12
"972020",1.8034002214105718e-12
"B92033",1.8034002214105718e-12
"B92034",1.8034002214105718e-12
"32383A",1.8034002214105718e-12
"33323A",1.8034002214105718e-12
"36353A",1.8034002214105718e-12
"373A31",1.8034002214105718e-12
"20373A",1.8034002214105718e-12
"3A362D",1.8034002214105718e-12
"353A37",1.8034002214105718e-12
"9B2E20",1.8034002214105718e-12
"33313A",1.8034002214105718e-12
"A4A82E",1.8034002214105718e-12
"A8202D",1.2022668142737144e-12
"3234E0",1.2022668142737144e-12
"393330",1.2022668142737144e-12
"A42038",1.2022668142737144e-12
"A82038",1.2022668142737144e-12
"203834",1.2022668142737144e-12
"393520",1.2022668142737144e-12
"952033",1.2022668142737144e-12
"333635",1.2022668142737144e-12
"3530E0",1.2022668142737144e-12
"3239E0",1.2022668142737144e-12
"3236E0",1.2022668142737144e-12
"3237E0",1.2022668142737144e-12
"37E0A4",1.2022668142737144e-12
"AE21E2",1.2022668142737144e-12
"8F29E0",1.2022668142737144e-12
"808C20",1.2022668142737144e-12
"29E280",1.2022668142737144e-12
"333720",1.2022668142737144e-12
"343330",1.2022668142737144e-12
"952034",1.2022668142737144e-12
"872036",1.2022668142737144e-12
"B02037",1.2022668142737144e-12
"A4A721",1.2022668142737144e-12
"A72120",1.2022668142737144e-12
"A49F3B",1.2022668142737144e-12
"34362C",1.2022668142737144e-12
"35392C",1.2022668142737144e-12
"392C33",1.2022668142737144e-12
"9F2034",1.2022668142737144e-12
"2C3635",1.2022668142737144e-12
"363530",1.2022668142737144e-12
"9F2037",1.2022668142737144e-12
"37342C",1.2022668142737144e-12
"35342C",1.2022668142737144e-12
"203537",1.2022668142737144e-12
"372C34",1.2022668142737144e-12
"33352C",1.2022668142737144e-12
"36322C",1.2022668142737144e-12
"34312C",1.2022668142737144e-12
"30332C",1.2022668142737144e-12
"332C35",1.2022668142737144e-12
"2C3535",1.2022668142737144e-12
"802CE0",1.2022668142737144e-12
"2C3237",1.2022668142737144e-12
"312C33",1.2022668142737144e-12
"2C3336",1.2022668142737144e-12
"373530",1.2022668142737144e-12
"2C3633",1.2022668142737144e-12
"363330",1.2022668142737144e-12
"343830",1.2022668142737144e-12
"A4BF3B",1.2022668142737144e-12
"BF3B20",1.2022668142737144e-12
"8B2037",1.2022668142737144e-12
"AE2037",1.2022668142737144e-12
"332C37",1.2022668142737144e-12
"2C3733",1.2022668142737144e-12
"373330",1.2022668142737144e-12
"302C20",1.2022668142737144e-12
"36342C",1.2022668142737144e-12
"36302C",1.2022668142737144e-12
"322C35",1.2022668142737144e-12
"9F2028",1.2022668142737144e-12
"362C37",1.2022668142737144e-12
"37352C",1.2022668142737144e-12
"30E0A5",1.2022668142737144e-12
"33372C",1.2022668142737144e-12
"9F2036",1.2022668142737144e-12
"203637",1.2022668142737144e-12
"3432E0",1.2022668142737144e-12
"203338",1.2022668142737144e-12
"A4A429",1.2022668142737144e-12
"3332E0",1.2022668142737144e-12
"A48A3B",1.2022668142737144e-12
"8A3B20",1.2022668142737144e-12
"333231",1.2022668142737144e-12
"A4B621",1.2022668142737144e-12
"B62120",1.2022668142737144e-12
"B0292C",1.2022668142737144e-12
"B22028",1.2022668142737144e-12
"AE292C",1.2022668142737144e-12
"A42039",1.2022668142737144e-12
"393030",1.2022668142737144e-12
"BF21E2",1.2022668142737144e-12
"A82CE2",1.2022668142737144e-12
"312C31",1.2022668142737144e-12
"32362C",1.2022668142737144e-12
"A52028",1.2022668142737144e-12
"BF2120",1.2022668142737144e-12
"BF3FE2",1.2022668142737144e-12
"9F2033",1.2022668142737144e-12
"812032",1.2022668142737144e-12
"A82035",1.2022668142737144e-12
"8A3F20",1.2022668142737144e-12
"BE2CE2",1.2022668142737144e-12
"313920",1.2022668142737144e-12
"3339E0",1.2022668142737144e-12
"A5A43F",1.2022668142737144e-12
"20362D",1.2022668142737144e-12
"323420",1.2022668142737144e-12
"AC3B20",1.2022668142737144e-12
"A4AAE2",1.2022668142737144e-12
"AAE280",1.2022668142737144e-12
"A4B7E2",1.2022668142737144e-12
"B7E280",1.2022668142737144e-12
"203820",1.2022668142737144e-12
"2C2034",1.2022668142737144e-12
"203320",1.2022668142737144e-12
"313420",1.2022668142737144e-12
"8A2021",1.2022668142737144e-12
"9B2021",1.2022668142737144e-12
"A4AC21",1.2022668142737144e-12
"AC2120",1.2022668142737144e-12
"952028",1.2022668142737144e-12
"2C2036",1.2022668142737144e-12
"A4B929",1.2022668142737144e-12
"B92920",1.2022668142737144e-12
"8A3FE2",1.2022668142737144e-12
"333920",1.2022668142737144e-12
"862028",1.2022668142737144e-12
"832020",1.2022668142737144e-12
"AF2028",1.2022668142737144e-12
"323120",1.2022668142737144e-12
"8B2D20",1.2022668142737144e-12
"203434",1.2022668142737144e-12
"2C3736",1.2022668142737144e-12
"3B2032",1.2022668142737144e-12
"81203A",1.2022668142737144e-12
"A4A43B",1.2022668142737144e-12
"A43B20",1.2022668142737144e-12
"A4873B",1.2022668142737144e-12
"323230",1.2022668142737144e-12
"363820",1.2022668142737144e-12
"BF2038",1.2022668142737144e-12
"AA2031",1.2022668142737144e-12
"872E20",1.2022668142737144e-12
"372C37",1.2022668142737144e-12
"8D202D",1.2022668142737144e-12
"2C3137",1.2022668142737144e-12
"333732",1.2022668142737144e-12
"2C3831",1.2022668142737144e-12
"363432",1.2022668142737144e-12
"203938",1.2022668142737144e-12
"323233",1.2022668142737144e-12
"373433",1.2022668142737144e-12
"363231",1.2022668142737144e-12
"313232",1.2022668142737144e-12
"333230",1.2022668142737144e-12
"333435",1.2022668142737144e-12
"203937",1.2022668142737144e-12
"393733",1.2022668142737144e-12
"303532",1.2022668142737144e-12
"2C3234",1.2022668142737144e-12
"323437",1.2022668142737144e-12
"303137",1.2022668142737144e-12
"333932",1.2022668142737144e-12
"363532",1.2022668142737144e-12
"882035",1.2022668142737144e-12
"872039",1.2022668142737144e-12
"A42037",1.2022668142737144e-12
"393620",1.2022668142737144e-12
"AC20E2",1.2022668142737144e-12
"322C33",1.2022668142737144e-12
"AF2031",1.2022668142737144e-12
"333735",1.2022668142737144e-12
"312031",1.2022668142737144e-12
"32E0A5",1.2022668142737144e-12
"9F20E2",1.2022668142737144e-12
"A4982C",1.2022668142737144e-12
"982C20",1.2022668142737144e-12
"813BE0",1.2022668142737144e-12
"3BE0A4",1.2022668142737144e-12
"A4AE3F",1.2022668142737144e-12
"202D33",1.2022668142737144e-12
"2D3135",1.2022668142737144e-12
"31392D",1.2022668142737144e-12
"31382D",1.2022668142737144e-12
"2D3230",1.2022668142737144e-12
"2D3232",1.2022668142737144e-12
"2D3234",1.2022668142737144e-12
"32382D",1.2022668142737144e-12
"A49D21",1.2022668142737144e-12
"A4B02E",1.2022668142737144e-12
"9B2028",1.2022668142737144e-12
"A4AD21",1.2022668142737144e-12
"AD2120",1.2022668142737144e-12
"822CE2",1.2022668142737144e-12
"A482E2",1.2022668142737144e-12
"A49DE2",1.2022668142737144e-12
"8A2DE0",1.2022668142737144e-12
"A22120",1.2022668142737144e-12
"333930",1.2022668142737144e-12
"BE2D20",1.2022668142737144e-12
"B2292C",1.2022668142737144e-12
"30203A",1.2022668142737144e-12
"36313A",1.2022668142737144e-12
"333A34",1.2022668142737144e-12
"31323B",1.2022668142737144e-12
"372D32",1.2022668142737144e-12
"323629",1.2022668142737144e-12
"312D34",1.2022668142737144e-12
"98203A",1.2022668142737144e-12
"302D33",1.2022668142737144e-12
"323329",1.2022668142737144e-12
"2D3332",1.2022668142737144e-12
"393A34",1.2022668142737144e-12
"332D34",1.2022668142737144e-12
"31303B",1.2022668142737144e-12
"33322D",1.2022668142737144e-12
"2D3337",1.2022668142737144e-12
"33373B",1.2022668142737144e-12
"31373A",1.2022668142737144e-12
"362D33",1.2022668142737144e-12
"342D33",1.2022668142737144e-12
"31393A",1.2022668142737144e-12
"2032E0",1.2022668142737144e-12
"333A37",1.2022668142737144e-12
"3A3132",1.2022668142737144e-12
"322D31",1.2022668142737144e-12
"2D3136",1.2022668142737144e-12
"8B2C29",1.2022668142737144e-12
"2C2920",1.2022668142737144e-12
"2D3235",1.2022668142737144e-12
"323529",1.2022668142737144e-12
"313B20",1.2022668142737144e-12
"302D31",1.2022668142737144e-12
"2D3134",1.2022668142737144e-12
"A5883F",1.2022668142737144e-12
"3A3331",1.2022668142737144e-12
"33312D",1.2022668142737144e-12
"BF2D20",1.2022668142737144e-12
"3A3230",1.2022668142737144e-12
"3A3233",1.2022668142737144e-12
"32333A",1.2022668142737144e-12
"39313A",1.2022668142737144e-12
"A49F29",1.2022668142737144e-12
"9F2920",1.2022668142737144e-12
"81203F",1.2022668142737144e-12
"9B292C",1.2022668142737144e-12
"203531",1.2022668142737144e-12
"8A2020",1.2022668142737144e-12
"31342D",1.2022668142737144e-12
"312D35",1.2022668142737144e-12
"353B20",1.2022668142737144e-12
"313A34",1.2022668142737144e-12
"352D35",1.2022668142737144e-12
"353329",1.2022668142737144e-12
"2D3530",1.2022668142737144e-12
"35303B",1.2022668142737144e-12
"BF202C",1.2022668142737144e-12
"393A38",1.2022668142737144e-12
"35203A",1.2022668142737144e-12
"B821E2",1.2022668142737144e-12
"323A37",1.2022668142737144e-12
"A48721",1.2022668142737144e-12
"9C2020",1.2022668142737144e-12
"35393A",1.2022668142737144e-12
"32393A",1.2022668142737144e-12
"383A34",1.2022668142737144e-12
"35323A",1.2022668142737144e-12
"813BE2",1.2022668142737144e-12
"3BE280",1.2022668142737144e-12
"B52020",1.2022668142737144e-12
"39353A",1.2022668142737144e-12
"303A36",1.2022668142737144e-12
"362D38",1.2022668142737144e-12
"313A33",1.2022668142737144e-12
"3A3334",1.2022668142737144e-12
"B62033",1.2022668142737144e-12
"A82E20",1.2022668142737144e-12
"2EE0A5",1.2022668142737144e-12
"9D2038",6.011334071368572e-13
"203933",6.011334071368572e-13
"313035",6.011334071368572e-13
"383037",6.011334071368572e-13
"303720",6.011334071368572e-13
"393132",6.011334071368572e-13
"B02039",6.011334071368572e-13
"B62038",6.011334071368572e-13
"203831",6.011334071368572e-13
"383135",6.011334071368572e-13
"393035",6.011334071368572e-13
"A82037",6.011334071368572e-13
"383430",6.011334071368572e-13
"A82039",6.011334071368572e-13
"393130",6.011334071368572e-13
"B22038",6.011334071368572e-13
"383330",6.011334071368572e-13
"203839",6.011334071368572e-13
"383935",6.011334071368572e-13
"A62031",6.011334071368572e-13
"313632",6.011334071368572e-13
"3632E0",6.011334071368572e-13
"A62038",6.011334071368572e-13
"393632",6.011334071368572e-13
"952036",6.011334071368572e-13
"313836",6.011334071368572e-13
"3836E0",6.011334071368572e-13
"363832",6.011334071368572e-13
"3832E0",6.011334071368572e-13
"393639",6.011334071368572e-13
"3639E0",6.011334071368572e-13
"313832",6.011334071368572e-13
"383220",6.011334071368572e-13
"952035",6.011334071368572e-13
"353935",6.011334071368572e-13
"373737",6.011334071368572e-13
"2033E0",6.011334071368572e-13
"B22031",6.011334071368572e-13
"9C2033",6.011334071368572e-13
"363031",6.011334071368572e-13
"303120",6.011334071368572e-13
"333530",6.011334071368572e-13
"393530",6.011334071368572e-13
"3334E0",6.011334071368572e-13
"AE212C",6.011334071368572e-13
"212C20",6.011334071368572e-13
"AE2121",6.011334071368572e-13
"2121E2",6.011334071368572e-13
"3335E0",6.011334071368572e-13
"802D20",6.011334071368572e-13
"A4ACE2",6.011334071368572e-13
"ACE280",6.011334071368572e-13
"B229E0",6.011334071368572e-13
"B52028",6.011334071368572e-13
"A493E2",6.011334071368572e-13
"93E280",6.011334071368572e-13
"8B29E2",6.011334071368572e-13
"9D2033",6.011334071368572e-13
"3333E0",6.011334071368572e-13
"AF2034",6.011334071368572e-13
"313337",6.011334071368572e-13
"383320",6.011334071368572e-13
"AA20E2",6.011334071368572e-13
"3436E0",6.011334071368572e-13
"A4B93B",6.011334071368572e-13
"B93B20",6.011334071368572e-13
"B22034",6.011334071368572e-13
"343920",6.011334071368572e-13
"A4B529",6.011334071368572e-13
"B52920",6.011334071368572e-13
"9F3B20",6.011334071368572e-13
"A4AA3B",6.011334071368572e-13
"2C3836",6.011334071368572e-13
"38362C",6.011334071368572e-13
"362C34",6.011334071368572e-13
"2C3531",6.011334071368572e-13
"35312C",6.011334071368572e-13
"2C3435",6.011334071368572e-13
"2C3038",6.011334071368572e-13
"30382C",6.011334071368572e-13
"382C31",6.011334071368572e-13
"2C3537",6.011334071368572e-13
"372C36",6.011334071368572e-13
"382C33",6.011334071368572e-13
"362C32",6.011334071368572e-13
"332C32",6.011334071368572e-13
"382C34",6.011334071368572e-13
"2C3438",6.011334071368572e-13
"A4A629",6.011334071368572e-13
"A62920",6.011334071368572e-13
"322C34",6.011334071368572e-13
"3435E0",6.011334071368572e-13
"34332C",6.011334071368572e-13
"AC2032",6.011334071368572e-13
"37362C",6.011334071368572e-13
"342C33",6.011334071368572e-13
"35322C",6.011334071368572e-13
"8829E0",6.011334071368572e-13
"30312C",6.011334071368572e-13
"32332C",6.011334071368572e-13
"37322C",6.011334071368572e-13
"36312C",6.011334071368572e-13
"2C3337",6.011334071368572e-13
"363735",6.011334071368572e-13
"882036",6.011334071368572e-13
"363120",6.011334071368572e-13
"333820",6.011334071368572e-13
"962020",6.011334071368572e-13
"3133E0",6.011334071368572e-13
"8C2033",6.011334071368572e-13
"8A2028",6.011334071368572e-13
"3231E2",6.011334071368572e-13
"31E280",6.011334071368572e-13
"AF2033",6.011334071368572e-13
"972035",6.011334071368572e-13
"A429E2",6.011334071368572e-13
"9C2028",6.011334071368572e-13
"A4292C",6.011334071368572e-13
"3336E0",6.011334071368572e-13
"31352C",6.011334071368572e-13
"802037",6.011334071368572e-13
"34322C",6.011334071368572e-13
"3230E0",6.011334071368572e-13
"352C31",6.011334071368572e-13
"AB2031",6.011334071368572e-13
"AF2036",6.011334071368572e-13
"A4A2E2",6.011334071368572e-13
"A2E280",6.011334071368572e-13
"A82036",6.011334071368572e-13
"3430E0",6.011334071368572e-13
"203835",6.011334071368572e-13
"383520",6.011334071368572e-13
"A4A63F",6.011334071368572e-13
"A63FE2",6.011334071368572e-13
"882034",6.011334071368572e-13
"A4B23F",6.011334071368572e-13
"B23FE2",6.011334071368572e-13
"333630",6.011334071368572e-13
"812033",6.011334071368572e-13
"A4AF29",6.011334071368572e-13
"AF2920",6.011334071368572e-13
"A4A53F",6.011334071368572e-13
"A53FE2",6.011334071368572e-13
"AE29E0",6.011334071368572e-13
"AE2038",6.011334071368572e-13
"A82033",6.011334071368572e-13
"A4AE3B",6.011334071368572e-13
"8F293B",6.011334071368572e-13
"312DE0",6.011334071368572e-13
"20322D",6.011334071368572e-13
"322DE0",6.011334071368572e-13
"20332D",6.011334071368572e-13
"332DE0",6.011334071368572e-13
"303035",6.011334071368572e-13
"203438",6.011334071368572e-13
"AA2032",6.011334071368572e-13
"343230",6.011334071368572e-13
"822021",6.011334071368572e-13
"323332",6.011334071368572e-13
"32372C",6.011334071368572e-13
"9D2920",6.011334071368572e-13
"832034",6.011334071368572e-13
"BE29E0",6.011334071368572e-13
"AE2033",6.011334071368572e-13
"343220",6.011334071368572e-13
"B22035",6.011334071368572e-13
"9C2032",6.011334071368572e-13
"8F2CE0",6.011334071368572e-13
"3134E0",6.011334071368572e-13
"B02CE0",6.011334071368572e-13
"2C3835",6.011334071368572e-13
"38352C",6.011334071368572e-13
"353520",6.011334071368572e-13
"A4A129",6.011334071368572e-13
"A12920",6.011334071368572e-13
"812037",6.011334071368572e-13
"B22D20",6.011334071368572e-13
"34342C",6.011334071368572e-13
"203837",6.011334071368572e-13
"38372C",6.011334071368572e-13
"303334",6.011334071368572e-13
"333420",6.011334071368572e-13
"302C32",6.011334071368572e-13
"31372C",6.011334071368572e-13
"372C32",6.011334071368572e-13
"363930",6.011334071368572e-13
"323132",6.011334071368572e-13
"B23B20",6.011334071368572e-13
"A4B63B",6.011334071368572e-13
"B63B20",6.011334071368572e-13
"A62D20",6.011334071368572e-13
"882D20",6.011334071368572e-13
"362C38",6.011334071368572e-13
"372C31",6.011334071368572e-13
"302C38",6.011334071368572e-13
"32382C",6.011334071368572e-13
"382C36",6.011334071368572e-13
"9F2038",6.011334071368572e-13
"31312C",6.011334071368572e-13
"33382C",6.011334071368572e-13
"809C32",6.011334071368572e-13
"9C3234",6.011334071368572e-13
"323838",6.011334071368572e-13
"383820",6.011334071368572e-13
"A4AB29",6.011334071368572e-13
"AB2920",6.011334071368572e-13
"80202D",6.011334071368572e-13
"A4982D",6.011334071368572e-13
"982DE0",6.011334071368572e-13
"2C3533",6.011334071368572e-13
"A02032",6.011334071368572e-13
"B62035",6.011334071368572e-13
"AA2035",6.011334071368572e-13
"2E20E2",6.011334071368572e-13
"9B2DE2",6.011334071368572e-13
"2DE280",6.011334071368572e-13
"2C3037",6.011334071368572e-13
"30372C",6.011334071368572e-13
"3B2037",6.011334071368572e-13
"87202D",6.011334071368572e-13
"AB2020",6.011334071368572e-13
"2D20E2",6.011334071368572e-13
"343130",6.011334071368572e-13
"373735",6.011334071368572e-13
"383132",6.011334071368572e-13
"203934",6.011334071368572e-13
"393435",6.011334071368572e-13
"363233",6.011334071368572e-13
"2C3232",6.011334071368572e-13
"323232",6.011334071368572e-13
"303536",6.011334071368572e-13
"343534",6.011334071368572e-13
"333233",6.011334071368572e-13
"203536",6.011334071368572e-13
"313536",6.011334071368572e-13
"373235",6.011334071368572e-13
"393220",6.011334071368572e-13
"A8203A",6.011334071368572e-13
"333430",6.011334071368572e-13
"B82032",6.011334071368572e-13
"323138",6.011334071368572e-13
"313630",6.011334071368572e-13
"382031",6.011334071368572e-13
"312F32",6.011334071368572e-13
"2F3220",6.011334071368572e-13
"2C2039",6.011334071368572e-13
"AE2035",6.011334071368572e-13
"A4B729",6.011334071368572e-13
"B72920",6.011334071368572e-13
"3532E0",6.011334071368572e-13
"383138",6.011334071368572e-13
"383435",6.011334071368572e-13
"363438",6.011334071368572e-13
"363238",6.011334071368572e-13
"2C3332",6.011334071368572e-13
"333232",6.011334071368572e-13
"363637",6.011334071368572e-13
"2C3036",6.011334071368572e-13
"303637",6.011334071368572e-13
"363535",6.011334071368572e-13
"333238",6.011334071368572e-13
"333234",6.011334071368572e-13
"313838",6.011334071368572e-13
"373231",6.011334071368572e-13
"332C39",6.011334071368572e-13
"2C3933",6.011334071368572e-13
"313438",6.011334071368572e-13
"313338",6.011334071368572e-13
"3139E0",6.011334071368572e-13
"353330",6.011334071368572e-13
"312F33",6.011334071368572e-13
"2F3320",6.011334071368572e-13
"312F34",6.011334071368572e-13
"2F3420",6.011334071368572e-13
"363720",6.011334071368572e-13
"343638",6.011334071368572e-13
"8F2038",6.011334071368572e-13
"203832",6.011334071368572e-13
"383232",6.011334071368572e-13
"832032",6.011334071368572e-13
"323432",6.011334071368572e-13
"38E0A5",6.011334071368572e-13
"323834",6.011334071368572e-13
"3834E0",6.011334071368572e-13
"34E0A5",6.011334071368572e-13
"A4902C",6.011334071368572e-13
"902C20",6.011334071368572e-13
"313830",6.011334071368572e-13
"8821E2",6.011334071368572e-13
"82203A",6.011334071368572e-13
"9B203F",6.011334071368572e-13
"203F20",6.011334071368572e-13
"B83F20",6.011334071368572e-13
"A720E2",6.011334071368572e-13
"A58028",6.011334071368572e-13
"8028E0",6.011334071368572e-13
"B22029",6.011334071368572e-13
"202920",6.011334071368572e-13
"A4AF3B",6.011334071368572e-13
"AF3B20",6.011334071368572e-13
"A4BE28",6.011334071368572e-13
"BE28E0",6.011334071368572e-13
"B9202C",6.011334071368572e-13
"A4AB21",6.011334071368572e-13
"AB2120",6.011334071368572e-13
"872CE0",6.011334071368572e-13
"AE3F20",6.011334071368572e-13
"2D312D",6.011334071368572e-13
"2D322D",6.011334071368572e-13
"2D332D",6.011334071368572e-13
"202D34",6.011334071368572e-13
"2D342D",6.011334071368572e-13
"202D35",6.011334071368572e-13
"2D352D",6.011334071368572e-13
"202D36",6.011334071368572e-13
"2D362D",6.011334071368572e-13
"202D37",6.011334071368572e-13
"2D372D",6.011334071368572e-13
"202D38",6.011334071368572e-13
"2D382D",6.011334071368572e-13
"202D39",6.011334071368572e-13
"2D392D",6.011334071368572e-13
"2D3133",6.011334071368572e-13
"2D3138",6.011334071368572e-13
"32342D",6.011334071368572e-13
"32372D",6.011334071368572e-13
"2D3239",6.011334071368572e-13
"32392D",6.011334071368572e-13
"2036E0",6.011334071368572e-13
"9D2120",6.011334071368572e-13
"8C202D",6.011334071368572e-13
"B02E2E",6.011334071368572e-13
"2E2E2E",6.011334071368572e-13
"9F202D",6.011334071368572e-13
"A429E0",6.011334071368572e-13
"8F2C21",6.011334071368572e-13
"2C2120",6.011334071368572e-13
