"207761",7.019680535209175e-06
"776120",6.218874739508028e-06
"6E6120",5.2134908236059026e-06
"61206B",5.028920343522377e-06
"61206D",4.1175723361722905e-06
"206E61",4.094063359034281e-06
"206B75",3.5118410316163332e-06
"616C69",3.497835683534114e-06
"207961",3.2947581363419433e-06
"616B61",3.1887176437194306e-06
"6E6920",3.1832155426871306e-06
"61206E",2.974135703459723e-06
"616E61",2.861092536796101e-06
"612077",2.7245403929944687e-06
"796120",2.5204624637964254e-06
"206B77",2.513459789755316e-06
"6B7761",2.4284273192561313e-06
"206D61",2.1818331548084953e-06
"612C20",2.118308897435575e-06
"6B6120",2.067289415136064e-06
"6E6775",2.0592863590890817e-06
"616D62",1.974253888589897e-06
"77616B",1.7956857005416088e-06
"206861",1.7791793974447081e-06
"206E69",1.67664024184275e-06
"77616E",1.672638713819259e-06
"757761",1.6666364217840225e-06
"6B7577",1.6471289726695037e-06
"696C69",1.6416268716372035e-06
"747520",1.6401262986283943e-06
"206B61",1.6246203775373664e-06
"6D6120",1.59510910836412e-06
"617461",1.5851052883053922e-06
"692C20",1.582104142287774e-06
"696120",1.5751014682466647e-06
"612061",1.5320850419941358e-06
"612068",1.5185798849148536e-06
"696B61",1.491569570756289e-06
"20616B",1.4695611666270882e-06
"69206B",1.4400498974538418e-06
"20616C",1.4250441673657502e-06
"77616C",1.4015351902277403e-06
"692077",1.3940323251836947e-06
"696E69",1.3715237300515574e-06
"616E69",1.3595191459810843e-06
"617469",1.3490151349194204e-06
"6C6920",1.3475145619106112e-06
"617761",1.3220048207608557e-06
"756E67",1.3215046297579193e-06
"612079",1.2969952706140367e-06
"6B6174",1.2764874394936451e-06
"616B69",1.2734862934760267e-06
"6D6261",1.2639826644202356e-06
"6C6520",1.2299696762205616e-06
"776174",1.215964328138343e-06
"616B65",1.2074610810884244e-06
"206B69",1.2054603170766788e-06
"69206E",1.1834519129474782e-06
"6B616D",1.1749486658975597e-06
"752061",1.1699467558681957e-06
"77656E",1.1554412167830409e-06
"697368",1.1479383517389951e-06
"796520",1.130931857639158e-06
"692079",1.1244293746009851e-06
"752077",1.1149257455451938e-06
"677520",1.1139253635393212e-06
"69206D",1.1049219254864663e-06
"616D61",1.0974190604424205e-06
"617475",1.0924171504130568e-06
"796F20",1.0814129483484563e-06
"6C6120",1.0659070272574286e-06
"652077",1.0634060722427466e-06
"617369",1.0458993871399733e-06
"752C20",1.032394230060691e-06
"612075",1.0293930840430726e-06
"616E67",1.0218902189990269e-06
"686120",1.0213900279960906e-06
"2C206E",1.0018825788815718e-06
"206875",1.0018825788815718e-06
"612073",1.0003820058727627e-06
"61204D",9.77373219737689e-07
"206D77",9.77373219737689e-07
"736861",9.528638605938063e-07
"6D6269",9.488623325703153e-07
"7A6120",9.433602315380151e-07
"4D756E",9.41859658529206e-07
"696B75",9.348569844880967e-07
"756C69",9.343567934851602e-07
"6F2077",9.2885469245286e-07
"6F7465",9.278543104469873e-07
"77616D",9.138489623647686e-07
"204D75",9.108478163471504e-07
"656D61",8.728333001239853e-07
"6C696B",8.698321541063671e-07
"2C2061",8.698321541063671e-07
"697761",8.61829098059385e-07
"74616B",8.513250869977209e-07
"6F2C20",8.44822603959548e-07
"656E64",8.44822603959548e-07
"626120",8.363193569096295e-07
"746520",8.173120987980471e-07
"6D7761",8.128103797716196e-07
"616B75",8.06808087736383e-07
"6B6520",8.063078967334466e-07
"652C20",8.053075147275739e-07
"20616D",8.048073237246375e-07
"752079",8.008057957011464e-07
"616261",7.988050316894009e-07
"652061",7.958038856717827e-07
"65206B",7.908019756424188e-07
"206869",7.797977735778185e-07
"207361",7.692937625161544e-07
"206D69",7.662926164985361e-07
"696B69",7.642918524867906e-07
"617965",7.562887964398085e-07
"2C2077",7.557886054368722e-07
"6E6461",7.522872684163175e-07
"6B696E",7.507866954075083e-07
"6A6120",7.50286504404572e-07
"657375",7.427836393605262e-07
"206D74",7.427836393605262e-07
"596573",7.39782493342908e-07
"746120",7.377817293311624e-07
"617269",7.37281538328226e-07
"646120",7.177740892137071e-07
"616E79",7.107714151725978e-07
"616F20",7.087706511608522e-07
"61616E",7.087706511608522e-07
"76796F",7.082704601579159e-07
"207765",6.972662580933155e-07
"207475",6.967660670903791e-07
"737520",6.92764539066888e-07
"65206E",6.762582359699875e-07
"206C61",6.747576629611784e-07
"6F6A61",6.74257471958242e-07
"2C2022",6.717565169435601e-07
"65206D",6.652540339053871e-07
"697461",6.627530788907052e-07
"79616B",6.607523148789596e-07
"75206B",6.597519328730869e-07
"696E67",6.567507868554686e-07
"6E6769",6.522490678290412e-07
"6D6F6A",6.517488768261048e-07
"656E69",6.497481128143593e-07
"205965",6.367431467380133e-07
"73656D",6.347423827262679e-07
"6E6761",6.332418097174587e-07
"207369",6.317412367086496e-07
"746920",6.292402816939677e-07
"7A6920",6.252387536704766e-07
"6E7965",6.252387536704766e-07
"75206E",6.172356976234945e-07
"74696B",6.162353156176217e-07
"2C206D",6.147347426088126e-07
"6B7574",6.132341696000035e-07
"776520",6.132341696000035e-07
"6B6F20",6.107332145853215e-07
"6D7475",6.102330235823852e-07
"726920",6.077320685677033e-07
"207A61",6.072318775647668e-07
"6B756D",5.947271024913573e-07
"6E6469",5.94226911488421e-07
"6C6979",5.842230914296933e-07
"6F206E",5.842230914296933e-07
"612074",5.827225184208842e-07
"6E7969",5.797213724032659e-07
"616A69",5.782207993944568e-07
"692068",5.777206083915204e-07
"6F2061",5.752196533768384e-07
"736920",5.73218889365093e-07
"696D61",5.677167883327928e-07
"636861",5.657160243210472e-07
"20616E",5.647156423151745e-07
"69706F",5.632150693063653e-07
"206261",5.617144962975561e-07
"69796F",5.597137322858107e-07
"756120",5.577129682740651e-07
"756B75",5.49709912227083e-07
"66616E",5.472089572124012e-07
"692061",5.437076201918465e-07
"616D65",5.427072381859737e-07
"736869",5.427072381859737e-07
"6C696D",5.367049461507372e-07
"696C61",5.35204373141928e-07
"20696C",5.342039911360552e-07
"6E7961",5.327034181272461e-07
"6F206D",5.31202845118437e-07
"6D7765",5.302024631125642e-07
"616C65",5.302024631125642e-07
"6F2079",5.267011260920095e-07
"6C6970",5.236999800743912e-07
"6F2068",5.236999800743912e-07
"6E6179",5.226995980685184e-07
"616675",5.196984520509002e-07
"207965",5.186980700450274e-07
"61796F",5.18197879042091e-07
"73696B",5.161971150303455e-07
"6F206B",5.156969240274091e-07
"616C61",5.146965420215363e-07
"757520",5.146965420215363e-07
"696E61",5.141963510186e-07
"697679",5.111952050009817e-07
"646920",5.086942499862998e-07
"73692C",5.03692339956936e-07
"756E61",5.03692339956936e-07
"206E64",4.996908119334449e-07
"656C65",4.981902389246358e-07
"206368",4.97189856918763e-07
"646861",4.961894749128902e-07
"656120",4.951890929070175e-07
"656E79",4.916877558864628e-07
"756E69",4.891868008717809e-07
"746F6B",4.841848908424171e-07
"61706F",4.841848908424171e-07
"6E692C",4.811837448247988e-07
"656E67",4.771822168013077e-07
"74756D",4.756816437924986e-07
"796F74",4.751814527895622e-07
"6F6B61",4.731806887778167e-07
"626961",4.666782057396437e-07
"6D7520",4.65677823733771e-07
"627520",4.65677823733771e-07
"75206D",4.651776327308346e-07
"68756B",4.6417725072496184e-07
"207669",4.6367705972202545e-07
"697965",4.596755316985344e-07
"696675",4.596755316985344e-07
"617961",4.576747676867889e-07
"6B6177",4.576747676867889e-07
"616B6F",4.511722846486159e-07
"6E696E",4.496717116398068e-07
"66756E",4.491715206368704e-07
"206D62",4.48671329633934e-07
"686920",4.4767094762806125e-07
"696C65",4.4717075662512486e-07
"63686F",4.441696106075066e-07
"68616D",4.376671275693336e-07
"696D69",4.3366559954584255e-07
"2C206B",4.3266521753996983e-07
"776161",4.3216502653703344e-07
"616D69",4.3116464453116067e-07
"61206A",4.3116464453116067e-07
"667520",4.301642625252879e-07
"612069",4.286636895164788e-07
"616275",4.27663307510606e-07
"756D62",4.2416197049005134e-07
"616D77",4.2366177948711495e-07
"617A69",4.226613974812422e-07
"6B7765",4.226613974812422e-07
"656E75",4.226613974812422e-07
"6B696C",4.201604424665603e-07
"752068",4.1865986945775113e-07
"657765",4.1815967845481474e-07
"6C696F",4.1765948745187835e-07
"757461",4.1765948745187835e-07
"726973",4.17159296448942e-07
"617261",4.126575774225146e-07
"617061",4.0865604939902353e-07
"6B756C",4.061550943843416e-07
"612059",4.046545213755325e-07
"746F20",4.0015280234910505e-07
"6D616E",3.9915242034323227e-07
"756B61",3.9915242034323227e-07
"61616D",3.956510833226776e-07
"6D616D",3.951508923197412e-07
"6D626F",3.9465070131680483e-07
"6D6161",3.9465070131680483e-07
"6D6265",3.9164955529918656e-07
"6D6920",3.906491732933138e-07
"697269",3.89648791287441e-07
"616368",3.891486002845046e-07
"6F6B75",3.886484092815683e-07
"69612C",3.871478362727591e-07
"6B6961",3.8664764526982273e-07
"616120",3.846468812580772e-07
"612070",3.846468812580772e-07
"756D69",3.811455442375225e-07
"616E64",3.811455442375225e-07
"6C616B",3.801451622316498e-07
"426173",3.79144780225777e-07
"616D75",3.7864458922284064e-07
"686F20",3.7764420721696786e-07
"68616E",3.75143252202286e-07
"74656E",3.75143252202286e-07
"207061",3.731424881905404e-07
"77657A",3.716419151817313e-07
"206D6B",3.7064153317585854e-07
"6E6520",3.6914096016704937e-07
"4C616B",3.68640769164113e-07
"706174",3.6764038715824026e-07
"697A61",3.636388591347492e-07
"6F6E61",3.631386681318128e-07
"652079",3.6213828612594005e-07
"617465",3.6163809512300366e-07
"616661",3.606377131171309e-07
"6B7566",3.6013752211419455e-07
"206174",3.591371401083218e-07
"697369",3.591371401083218e-07
"68616B",3.576365670995126e-07
"626F20",3.556358030877671e-07
"616861",3.5463542108189434e-07
"796920",3.526346570701488e-07
"756C65",3.521344660672124e-07
"6C6977",3.511340840613397e-07
"657A61",3.506338930584033e-07
"697475",3.491333200495941e-07
"61206C",3.47632747040785e-07
"696E79",3.451317920261031e-07
"6E616D",3.421306460084848e-07
"612E20",3.396296909938029e-07
"6E6465",3.3912949999086653e-07
"6E6F20",3.37128735979121e-07
"617361",3.37128735979121e-07
"6B7575",3.361283539732482e-07
"656B61",3.3562816297031187e-07
"612076",3.351279719673755e-07
"617765",3.336273989585663e-07
"706F20",3.336273989585663e-07
"70656E",3.336273989585663e-07
"6D612C",3.3312720795562993e-07
"6F6E69",3.291256799321389e-07
"612062",3.286254889292025e-07
"206D6D",3.286254889292025e-07
"6E616F",3.271249159203934e-07
"20756C",3.26624724917457e-07
"696469",3.261245339145206e-07
"6B7573",3.256243429115842e-07
"706F6B",3.2512415190864783e-07
"697374",3.2462396090571144e-07
"6B616E",3.2262319689396594e-07
"427761",3.2262319689396594e-07
"73746F",3.20122241879284e-07
"6E692E",3.196220508763476e-07
"75746F",3.196220508763476e-07
"207461",3.1361975884111107e-07
"756469",3.131195678381747e-07
"616269",3.106186128234928e-07
"696E65",3.106186128234928e-07
"756675",3.0961823081762e-07
"204D61",3.0861784881174724e-07
"776170",3.0811765780881086e-07
"6B6974",3.0811765780881086e-07
"77616F",3.0761746680587447e-07
"74616E",3.0711727580293813e-07
"657475",3.0711727580293813e-07
"20776F",3.0661708480000175e-07
"206A75",3.0661708480000175e-07
"612064",3.0611689379706536e-07
"6D6174",3.051165117911926e-07
"696B6F",3.036159387823834e-07
"696275",3.031157477794471e-07
"6E646F",3.026155567765107e-07
"67696E",3.026155567765107e-07
"706120",3.021153657735743e-07
"61207A",3.021153657735743e-07
"652068",3.021153657735743e-07
"656C69",3.016151747706379e-07
"626162",3.0061479276476515e-07
"736162",2.9961441075889237e-07
"67752C",2.9911421975595604e-07
"736120",2.9811383775008326e-07
"2C2068",2.961130737383377e-07
"61746F",2.961130737383377e-07
"626179",2.956128827354013e-07
"612042",2.936121187236558e-07
"4B7269",2.911111637089739e-07
"776F74",2.8961059070016477e-07
"204B72",2.891103996972284e-07
"616461",2.88610208694292e-07
"6F746F",2.876098266884192e-07
"206E79",2.876098266884192e-07
"6E6177",2.866094446825465e-07
"6E676F",2.8510887167373734e-07
"6B756A",2.831081076619918e-07
"617365",2.806071526473099e-07
"6E7A69",2.806071526473099e-07
"204277",2.7910657963850074e-07
"686174",2.7910657963850074e-07
"6C6961",2.7710581562675524e-07
"6E6166",2.7710581562675524e-07
"756D65",2.756052426179461e-07
"6B756E",2.736044786062006e-07
"6A7575",2.731042876032642e-07
"6C697A",2.721039055973914e-07
"657761",2.721039055973914e-07
"79656E",2.701031415856459e-07
"6D7769",2.671019955680276e-07
"687579",2.666018045650912e-07
"697361",2.636006585474729e-07
"6D6D6F",2.6310046754453654e-07
"67752E",2.6260027654160015e-07
"696368",2.6260027654160015e-07
"204261",2.621000855386638e-07
"205761",2.6159989453572743e-07
"686179",2.6109970353279104e-07
"756D61",2.6109970353279104e-07
"696661",2.6059951252985465e-07
"6D696E",2.6009932152691826e-07
"206D6E",2.590989395210455e-07
"776173",2.585987485181091e-07
"616468",2.5809855751517277e-07
"6E7520",2.5809855751517277e-07
"676120",2.570981755093e-07
"62616C",2.570981755093e-07
"616D6F",2.560977935034272e-07
"616E65",2.5559760250049083e-07
"69207A",2.5259645648287255e-07
"6E616E",2.5259645648287255e-07
"796F2C",2.515960744769998e-07
"6D6E61",2.515960744769998e-07
"206D6F",2.515960744769998e-07
"6B6173",2.490951194623179e-07
"6E612C",2.485949284593815e-07
"686976",2.480947374564451e-07
"70616D",2.480947374564451e-07
"61204B",2.4659416444763595e-07
"206468",2.460939734446996e-07
"68616C",2.460939734446996e-07
"79616E",2.460939734446996e-07
"74756B",2.4559378244176323e-07
"726120",2.4409320943295407e-07
"6A6920",2.410920634153358e-07
"617A61",2.405918724123994e-07
"6E6961",2.405918724123994e-07
"652075",2.40091681409463e-07
"657368",2.40091681409463e-07
"6F6E67",2.3859110840065385e-07
"686979",2.375907263947811e-07
"696D65",2.3709053539184474e-07
"6B7520",2.3709053539184474e-07
"6B652E",2.3659034438890836e-07
"796577",2.3659034438890836e-07
"796579",2.3609015338597197e-07
"69656E",2.3609015338597197e-07
"4D6161",2.3558996238303558e-07
"4B7761",2.3558996238303558e-07
"6B652C",2.3408938937422644e-07
"6D6520",2.3408938937422644e-07
"746177",2.3358919837129005e-07
"616964",2.3358919837129005e-07
"612053",2.3208862536248092e-07
"616869",2.3208862536248092e-07
"6D656B",2.3158843435954453e-07
"6A7561",2.3108824335660814e-07
"6B6977",2.3058805235367178e-07
"206C69",2.29587670347799e-07
"756661",2.29587670347799e-07
"692075",2.29587670347799e-07
"206E6A",2.2858728834192626e-07
"617368",2.2808709733898987e-07
"757275",2.2808709733898987e-07
"692E20",2.2758690633605348e-07
"696F6E",2.2758690633605348e-07
"616875",2.270867153331171e-07
"726961",2.2658652433018073e-07
"636875",2.2608633332724434e-07
"206A69",2.2608633332724434e-07
"75796F",2.2508595132137157e-07
"692074",2.2408556931549882e-07
"616E7A",2.215846143008169e-07
"6D7061",2.2108442329788052e-07
"756E64",2.2108442329788052e-07
"6E7A61",2.2108442329788052e-07
"692073",2.2058423229494416e-07
"73616C",2.2008404129200777e-07
"207975",2.1808327728026225e-07
"616164",2.1708289527438947e-07
"74756E",2.1608251326851672e-07
"6C6973",2.1608251326851672e-07
"62696E",2.1558232226558033e-07
"20756B",2.1508213126264394e-07
"686177",2.1508213126264394e-07
"656E61",2.1508213126264394e-07
"6B7562",2.1508213126264394e-07
"2C2062",2.1458194025970758e-07
"66696B",2.140817492567712e-07
"616F6E",2.140817492567712e-07
"626172",2.140817492567712e-07
"613A20",2.135815582538348e-07
"2C2069",2.135815582538348e-07
"697765",2.1308136725089842e-07
"207574",2.1258117624796206e-07
"752E20",2.1158079424208928e-07
"757361",2.1158079424208928e-07
"6F6B65",2.110806032391529e-07
"64696B",2.110806032391529e-07
"79616F",2.1058041223621653e-07
"756B6F",2.0757926621859823e-07
"656B75",2.0757926621859823e-07
"77696C",2.0657888421272546e-07
"776166",2.0657888421272546e-07
"75207A",2.060786932097891e-07
"697469",2.0507831120391632e-07
"686172",2.0457812020097993e-07
"612063",2.0457812020097993e-07
"6D696D",2.0407792919804357e-07
"6C6976",2.0357773819510718e-07
"67616E",2.0357773819510718e-07
"613B20",2.0207716518629805e-07
"6B6973",2.0207716518629805e-07
"6C6F20",2.0207716518629805e-07
"20696D",2.0207716518629805e-07
"77656C",2.0157697418336166e-07
"207069",2.0107678318042527e-07
"206E67",2.0057659217748888e-07
"6F686F",2.0007640117455252e-07
"696D77",2.0007640117455252e-07
"6B6920",1.98075637162807e-07
"7A696D",1.98075637162807e-07
"61756C",1.975754461598706e-07
"757369",1.9657506415399783e-07
"6C6974",1.9657506415399783e-07
"757061",1.9607487315106147e-07
"6B6561",1.9557468214812509e-07
"6A696E",1.9557468214812509e-07
"74616D",1.950744911451887e-07
"6E656E",1.950744911451887e-07
"696D75",1.945743001422523e-07
"726962",1.945743001422523e-07
"6D696C",1.945743001422523e-07
"6B6162",1.9407410913931595e-07
"4D7761",1.9407410913931595e-07
"756A61",1.9407410913931595e-07
"6E6765",1.9407410913931595e-07
"657269",1.9357391813637956e-07
"616469",1.9307372713344317e-07
"646F20",1.9157315412463404e-07
"756B69",1.9157315412463404e-07
"6B6172",1.9107296312169765e-07
"756775",1.900725811158249e-07
"204D77",1.895723901128885e-07
"657965",1.8907219910995212e-07
"20796F",1.8907219910995212e-07
"6C696C",1.8907219910995212e-07
"6B6170",1.8907219910995212e-07
"64616E",1.8807181710407937e-07
"69616E",1.8807181710407937e-07
"6E696B",1.87571626101143e-07
"206D70",1.870714350982066e-07
"3A2022",1.870714350982066e-07
"6F6D62",1.865712440952702e-07
"757765",1.8557086208939746e-07
"6B7561",1.8557086208939746e-07
"70616E",1.8457048008352469e-07
"20616A",1.8457048008352469e-07
"767520",1.8457048008352469e-07
"68696C",1.8407028908058833e-07
"656B65",1.8407028908058833e-07
"636869",1.8256971607177916e-07
"627761",1.8256971607177916e-07
"697061",1.8256971607177916e-07
"6C6966",1.820695250688428e-07
"757475",1.820695250688428e-07
"612E22",1.820695250688428e-07
"6B6161",1.815693340659064e-07
"687564",1.8106914306297002e-07
"207A69",1.8056895206003364e-07
"7A6F20",1.785681880482881e-07
"6B7570",1.7756780604241536e-07
"6D776F",1.7756780604241536e-07
"686572",1.7706761503947898e-07
"79756C",1.7706761503947898e-07
"756F6E",1.7706761503947898e-07
"20756E",1.7706761503947898e-07
"696F20",1.765674240365426e-07
"686170",1.765674240365426e-07
"79616C",1.760672330336062e-07
"696920",1.7556704203066984e-07
"616A61",1.7556704203066984e-07
"6D6A69",1.7556704203066984e-07
"647567",1.7506685102773345e-07
"6F6120",1.7456666002479706e-07
"207465",1.7456666002479706e-07
"206173",1.7456666002479706e-07
"2C206C",1.7456666002479706e-07
"62696C",1.7356627801892431e-07
"692069",1.7306608701598793e-07
"6D7461",1.7306608701598793e-07
"206D73",1.7306608701598793e-07
"756C61",1.7206570501011515e-07
"204861",1.7206570501011515e-07
"77612C",1.7006494099836963e-07
"736875",1.7006494099836963e-07
"706961",1.6956474999543326e-07
"617065",1.6956474999543326e-07
"676920",1.6906455899249688e-07
"206D65",1.685643679895605e-07
"20224D",1.680641769866241e-07
"204E61",1.6756398598368774e-07
"2C2074",1.6756398598368774e-07
"776177",1.6706379498075135e-07
"652E20",1.6656360397781496e-07
"6D7369",1.6656360397781496e-07
"73616E",1.6656360397781496e-07
"686162",1.6606341297487858e-07
"6D6B61",1.6606341297487858e-07
"6A696C",1.6456283996606944e-07
"77612E",1.6456283996606944e-07
"6B696D",1.6406264896313305e-07
"6B616C",1.6406264896313305e-07
"206D6C",1.6406264896313305e-07
"646869",1.6406264896313305e-07
"756E7A",1.6406264896313305e-07
"6F204D",1.635624579601967e-07
"2C2075",1.635624579601967e-07
"612066",1.635624579601967e-07
"667561",1.6206188495138753e-07
"6D6173",1.6156169394845117e-07
"6D616B",1.6156169394845117e-07
"6D6961",1.6156169394845117e-07
"69204D",1.6156169394845117e-07
"6B756B",1.6106150294551478e-07
"6F2075",1.605613119425784e-07
"206269",1.605613119425784e-07
"69206C",1.60061120939642e-07
"6E6974",1.5956092993670564e-07
"757A69",1.5956092993670564e-07
"697365",1.5906073893376925e-07
"207570",1.5806035692789648e-07
"69612E",1.5756016592496012e-07
"757469",1.5705997492202373e-07
"756D77",1.5655978391908734e-07
"776973",1.5655978391908734e-07
"6D6B75",1.5655978391908734e-07
"77617A",1.5605959291615095e-07
"626520",1.555594019132146e-07
"6E612E",1.555594019132146e-07
"20756D",1.555594019132146e-07
"666120",1.555594019132146e-07
"692070",1.550592109102782e-07
"536865",1.5455901990734182e-07
"617520",1.5455901990734182e-07
"2E204E",1.5405882890440543e-07
"616E6F",1.5405882890440543e-07
"6B7568",1.5355863790146907e-07
"6E6475",1.5305844689853268e-07
"205368",1.5305844689853268e-07
"656E6F",1.5305844689853268e-07
"757675",1.5305844689853268e-07
"747761",1.525582558955963e-07
"746966",1.520580648926599e-07
"6F2E20",1.520580648926599e-07
"6B612C",1.5155787388972354e-07
"626973",1.5155787388972354e-07
"6F206C",1.5155787388972354e-07
"6B756F",1.5055749188385077e-07
"67756E",1.5055749188385077e-07
"77656B",1.5055749188385077e-07
"62752C",1.5005730088091438e-07
"6B6F6E",1.5005730088091438e-07
"617769",1.5005730088091438e-07
"676F20",1.4955710987797802e-07
"61656E",1.4955710987797802e-07
"62656C",1.4905691887504163e-07
"6F7365",1.4905691887504163e-07
"696269",1.4905691887504163e-07
"6D616C",1.4905691887504163e-07
"6A6961",1.4905691887504163e-07
"756875",1.4855672787210524e-07
"757269",1.4805653686916885e-07
"6E6170",1.4805653686916885e-07
"757065",1.470561548632961e-07
"746F74",1.4655596386035972e-07
"6F796F",1.4655596386035972e-07
"616669",1.4555558185448694e-07
"20526F",1.4505539085155058e-07
"6E6173",1.445551998486142e-07
"756C6F",1.445551998486142e-07
"206D75",1.445551998486142e-07
"696C6F",1.445551998486142e-07
"6E696C",1.445551998486142e-07
"206175",1.445551998486142e-07
"6E616B",1.440550088456778e-07
"426162",1.4355481784274142e-07
"3B206E",1.4305462683980506e-07
"74752C",1.4305462683980506e-07
"616C6D",1.4205424483393228e-07
"6A6962",1.4205424483393228e-07
"696B77",1.4205424483393228e-07
"6D696B",1.4205424483393228e-07
"6A6520",1.4205424483393228e-07
"6D6172",1.415540538309959e-07
"6C692C",1.415540538309959e-07
"746174",1.415540538309959e-07
"6F6E79",1.415540538309959e-07
"756269",1.415540538309959e-07
"617679",1.415540538309959e-07
"746961",1.415540538309959e-07
"77616A",1.4055367182512314e-07
"526F68",1.4055367182512314e-07
"20224E",1.4055367182512314e-07
"73696D",1.4055367182512314e-07
"2E204D",1.4005348082218676e-07
"616973",1.4005348082218676e-07
"756D75",1.4005348082218676e-07
"207368",1.3955328981925037e-07
"206A61",1.39053098816314e-07
"6F6B6F",1.39053098816314e-07
"736973",1.39053098816314e-07
"796168",1.3855290781337762e-07
"207573",1.3855290781337762e-07
"68696E",1.3855290781337762e-07
"66616C",1.3805271681044123e-07
"756A75",1.3805271681044123e-07
"6B696B",1.3805271681044123e-07
"6B7569",1.3805271681044123e-07
"757368",1.3805271681044123e-07
"6E6973",1.3805271681044123e-07
"6C6D65",1.3755252580750484e-07
"6D656E",1.3755252580750484e-07
"646979",1.3705233480456848e-07
"73686F",1.3705233480456848e-07
"752075",1.365521438016321e-07
"205061",1.365521438016321e-07
"6B617A",1.360519527986957e-07
"207679",1.360519527986957e-07
"57616C",1.360519527986957e-07
"6D6C69",1.360519527986957e-07
"61696E",1.3555176179575932e-07
"626965",1.3555176179575932e-07
"6F6C65",1.3505157079282296e-07
"79756D",1.3455137978988657e-07
"796574",1.3455137978988657e-07
"6C692E",1.3405118878695018e-07
"666172",1.3405118878695018e-07
"616A75",1.3405118878695018e-07
"7A616B",1.3305080678107743e-07
"68756F",1.3305080678107743e-07
"726168",1.3255061577814104e-07
"204D74",1.3255061577814104e-07
"4A652C",1.3255061577814104e-07
"736173",1.3255061577814104e-07
"74752E",1.3205042477520466e-07
"6E616A",1.3205042477520466e-07
"61696B",1.3155023377226827e-07
"6E7975",1.3155023377226827e-07
"626173",1.3155023377226827e-07
"693B20",1.310500427693319e-07
"746169",1.310500427693319e-07
"752069",1.310500427693319e-07
"7A6169",1.310500427693319e-07
"4B6973",1.3054985176639552e-07
"6F6E64",1.3054985176639552e-07
"736865",1.3054985176639552e-07
"207065",1.3004966076345913e-07
"686169",1.2954946976052274e-07
"646973",1.2954946976052274e-07
"6F2069",1.2954946976052274e-07
"6F676F",1.2904927875758638e-07
"646520",1.2904927875758638e-07
"696F6B",1.2904927875758638e-07
"70616B",1.2854908775465e-07
"64616D",1.280488967517136e-07
"616966",1.280488967517136e-07
"756861",1.2704851474584086e-07
"757375",1.2704851474584086e-07
"6E6A69",1.2704851474584086e-07
"6D6275",1.2654832374290447e-07
"6E6174",1.2604813273996808e-07
"206D6A",1.255479417370317e-07
"756277",1.2454755973115895e-07
"756A69",1.2404736872822256e-07
"57616B",1.2404736872822256e-07
"416C69",1.2354717772528617e-07
"7A612C",1.2354717772528617e-07
"68616F",1.2354717772528617e-07
"6F7761",1.2354717772528617e-07
"776574",1.2354717772528617e-07
"756261",1.230469867223498e-07
"2C2073",1.230469867223498e-07
"6A616D",1.2254679571941342e-07
"20596F",1.2204660471647703e-07
"616974",1.2154641371354065e-07
"687573",1.2154641371354065e-07
"616D6B",1.2104622271060428e-07
"20696E",1.2104622271060428e-07
"6D6368",1.205460317076679e-07
"6D6973",1.200458407047315e-07
"696520",1.200458407047315e-07
"753B20",1.200458407047315e-07
"20696B",1.1904545869885875e-07
"6C696E",1.1904545869885875e-07
"756F20",1.1854526769592237e-07
"65706F",1.1854526769592237e-07
"697A69",1.1854526769592237e-07
"656D75",1.1804507669298598e-07
"776F6E",1.1804507669298598e-07
"204C61",1.175448856900496e-07
"76696C",1.175448856900496e-07
"757365",1.175448856900496e-07
"206E65",1.1704469468711322e-07
"756174",1.1704469468711322e-07
"617574",1.1654450368417683e-07
"74652E",1.1654450368417683e-07
"576174",1.1654450368417683e-07
"687761",1.1654450368417683e-07
"692E22",1.1604431268124046e-07
"6E7977",1.1604431268124046e-07
"4D7475",1.1604431268124046e-07
"65204D",1.1554412167830407e-07
"616F2E",1.1554412167830407e-07
"205369",1.1554412167830407e-07
"506175",1.1554412167830407e-07
"2E2048",1.150439306753677e-07
"626920",1.150439306753677e-07
"6D616A",1.150439306753677e-07
"6C6577",1.150439306753677e-07
"617069",1.1404354866949493e-07
"6B6165",1.1354335766655855e-07
"692063",1.1354335766655855e-07
"6D656D",1.1304316666362217e-07
"77696E",1.1304316666362217e-07
"652074",1.1254297566068578e-07
"706F74",1.1254297566068578e-07
"65796F",1.1254297566068578e-07
"6B612E",1.1204278465774941e-07
"677576",1.1204278465774941e-07
"69746F",1.1154259365481302e-07
"6D6168",1.1154259365481302e-07
"656E7A",1.1154259365481302e-07
"6B757A",1.1054221164894026e-07
"576179",1.1004202064600388e-07
"746F2E",1.1004202064600388e-07
"2E204B",1.1004202064600388e-07
"66752C",1.095418296430675e-07
"64756E",1.095418296430675e-07
"6E6162",1.0904163864013112e-07
"206D66",1.0754106563132197e-07
"652073",1.0754106563132197e-07
"676961",1.0754106563132197e-07
"6F2074",1.0754106563132197e-07
"747570",1.0754106563132197e-07
"7A616E",1.0754106563132197e-07
"6D612E",1.0754106563132197e-07
"612050",1.0754106563132197e-07
"74616A",1.070408746283856e-07
"616D6A",1.070408746283856e-07
"617275",1.070408746283856e-07
"696A69",1.070408746283856e-07
"6D746F",1.0654068362544921e-07
"6B616A",1.0654068362544921e-07
"687572",1.0654068362544921e-07
"6D752C",1.0604049262251284e-07
"79656B",1.0604049262251284e-07
"697675",1.0604049262251284e-07
"696D6F",1.0604049262251284e-07
"2C2059",1.0554030161957645e-07
"706967",1.0554030161957645e-07
"6F6E6F",1.0554030161957645e-07
"62616E",1.0504011061664007e-07
"6D6169",1.0504011061664007e-07
"206177",1.0453991961370369e-07
"776577",1.0453991961370369e-07
"796F6B",1.0453991961370369e-07
"74756C",1.0453991961370369e-07
"76756E",1.0453991961370369e-07
"746F2C",1.0403972861076731e-07
"626161",1.0403972861076731e-07
"657461",1.0403972861076731e-07
"756461",1.0353953760783092e-07
"6C6169",1.0353953760783092e-07
"697A6F",1.0353953760783092e-07
"752E22",1.0303934660489455e-07
"6C616E",1.0303934660489455e-07
"6D6675",1.0303934660489455e-07
"2E2057",1.0253915560195816e-07
"6D6661",1.0203896459902179e-07
"6D613A",1.0203896459902179e-07
"657472",1.0203896459902179e-07
"6B6966",1.015387735960854e-07
"74726F",1.015387735960854e-07
"726F20",1.015387735960854e-07
"206461",1.015387735960854e-07
"653B20",1.0103858259314902e-07
"746168",1.0103858259314902e-07
"6C656C",1.0103858259314902e-07
"737761",1.0053839159021264e-07
"6F7461",1.0053839159021264e-07
"796573",1.0053839159021264e-07
"686972",1.0053839159021264e-07
"612052",1.0003820058727626e-07
"727520",1.0003820058727626e-07
"6B7769",1.0003820058727626e-07
"657469",1.0003820058727626e-07
"506574",1.0003820058727626e-07
"616D74",1.0003820058727626e-07
"687562",9.953800958433987e-08
"68696B",9.953800958433987e-08
"74652C",9.953800958433987e-08
"2C204D",9.90378185814035e-08
"746161",9.90378185814035e-08
"612067",9.90378185814035e-08
"692062",9.90378185814035e-08
"746166",9.90378185814035e-08
"6D6B65",9.853762757846711e-08
"72696B",9.803743657553074e-08
"616F2C",9.803743657553074e-08
"6D697A",9.753724557259435e-08
"6E796F",9.703705456965797e-08
"706173",9.703705456965797e-08
"656520",9.703705456965797e-08
"6A756D",9.703705456965797e-08
"7A696E",9.653686356672159e-08
"727573",9.653686356672159e-08
"7A7761",9.653686356672159e-08
"617675",9.653686356672159e-08
"7A616D",9.653686356672159e-08
"6F6E65",9.603667256378521e-08
"6B6179",9.603667256378521e-08
"6D6574",9.603667256378521e-08
"68696D",9.603667256378521e-08
"652E22",9.553648156084882e-08
"204E69",9.553648156084882e-08
"20756A",9.553648156084882e-08
"62616F",9.553648156084882e-08
"204865",9.503629055791245e-08
"686164",9.503629055791245e-08
"652069",9.503629055791245e-08
"69206A",9.503629055791245e-08
"657465",9.453609955497606e-08
"6A656D",9.453609955497606e-08
"4E6120",9.453609955497606e-08
"626972",9.403590855203969e-08
"6E696D",9.403590855203969e-08
"206475",9.403590855203969e-08
"6F6675",9.403590855203969e-08
"6E693F",9.35357175491033e-08
"612041",9.303552654616692e-08
"693A20",9.303552654616692e-08
"646561",9.303552654616692e-08
"6C6574",9.253533554323054e-08
"757975",9.253533554323054e-08
"6F6861",9.253533554323054e-08
"626174",9.253533554323054e-08
"657A69",9.253533554323054e-08
"656865",9.203514454029416e-08
"757261",9.203514454029416e-08
"77652E",9.203514454029416e-08
"205361",9.153495353735777e-08
"697477",9.153495353735777e-08
"776175",9.153495353735777e-08
"797761",9.153495353735777e-08
"206865",9.153495353735777e-08
"6F7675",9.153495353735777e-08
"656D65",9.153495353735777e-08
"752073",9.10347625344214e-08
"692059",9.053457153148501e-08
"6B616B",9.053457153148501e-08
"797520",9.003438052854864e-08
"657A65",8.953418952561225e-08
"2C2079",8.953418952561225e-08
"736977",8.953418952561225e-08
"746F61",8.953418952561225e-08
"6D6B6F",8.903399852267588e-08
"757A61",8.903399852267588e-08
"6F7061",8.903399852267588e-08
"65207A",8.903399852267588e-08
"697465",8.903399852267588e-08
"4D696D",8.903399852267588e-08
"6D6561",8.903399852267588e-08
"656B77",8.853380751973949e-08
"626969",8.853380751973949e-08
"73696E",8.853380751973949e-08
"667572",8.853380751973949e-08
"676F6E",8.853380751973949e-08
"206661",8.80336165168031e-08
"696761",8.80336165168031e-08
"66752E",8.753342551386673e-08
"7A616F",8.753342551386673e-08
"486170",8.753342551386673e-08
"6B616F",8.753342551386673e-08
"686F74",8.753342551386673e-08
"4B616D",8.753342551386673e-08
"612048",8.703323451093034e-08
"79656D",8.703323451093034e-08
"64696C",8.653304350799396e-08
"617377",8.653304350799396e-08
"766974",8.653304350799396e-08
"756368",8.55326615021212e-08
"6C656D",8.55326615021212e-08
"6E6A65",8.55326615021212e-08
"207A65",8.55326615021212e-08
"646961",8.503247049918481e-08
"2E2041",8.503247049918481e-08
"596F68",8.503247049918481e-08
"61756D",8.503247049918481e-08
"6D7775",8.453227949624844e-08
"686964",8.453227949624844e-08
"6D7065",8.403208849331205e-08
"706570",8.403208849331205e-08
"6C6561",8.353189749037568e-08
"626164",8.353189749037568e-08
"20757A",8.353189749037568e-08
"736175",8.353189749037568e-08
"7A656E",8.303170648743929e-08
"205065",8.303170648743929e-08
"616A65",8.303170648743929e-08
"757465",8.303170648743929e-08
"667566",8.303170648743929e-08
"656675",8.253151548450291e-08
"6F6368",8.253151548450291e-08
"6D6566",8.253151548450291e-08
"6D6974",8.253151548450291e-08
"612057",8.203132448156653e-08
"657275",8.203132448156653e-08
"796F2E",8.153113347863015e-08
"204B61",8.153113347863015e-08
"6B6970",8.153113347863015e-08
"6F2073",8.153113347863015e-08
"6D6C61",8.153113347863015e-08
"61646F",8.103094247569376e-08
"6D6577",8.103094247569376e-08
"652070",8.103094247569376e-08
"4E696E",8.103094247569376e-08
"206675",8.103094247569376e-08
"696261",8.103094247569376e-08
"6C6963",8.0030560469821e-08
"776164",7.953036946688463e-08
"776163",7.953036946688463e-08
"677761",7.953036946688463e-08
"767961",7.953036946688463e-08
"6D6F20",7.953036946688463e-08
"6D752E",7.903017846394824e-08
"616D70",7.903017846394824e-08
"6F2E22",7.903017846394824e-08
"53696B",7.903017846394824e-08
"692076",7.903017846394824e-08
"676177",7.903017846394824e-08
"6D6F79",7.903017846394824e-08
"6B696F",7.852998746101186e-08
"6F3B20",7.852998746101186e-08
"736166",7.852998746101186e-08
"596572",7.802979645807548e-08
"6F7A69",7.802979645807548e-08
"6E752E",7.802979645807548e-08
"706F66",7.802979645807548e-08
"6B6972",7.75296054551391e-08
"736979",7.75296054551391e-08
"6E6176",7.75296054551391e-08
"796173",7.75296054551391e-08
"2E204C",7.702941445220271e-08
"776169",7.702941445220271e-08
"20224B",7.702941445220271e-08
"6E652C",7.702941445220271e-08
"746170",7.702941445220271e-08
"4E6179",7.652922344926634e-08
"3B206D",7.652922344926634e-08
"746179",7.652922344926634e-08
"6F7368",7.602903244632995e-08
"4D6172",7.602903244632995e-08
"67697A",7.602903244632995e-08
"74617A",7.602903244632995e-08
"636865",7.602903244632995e-08
"206973",7.602903244632995e-08
"206A65",7.602903244632995e-08
"686573",7.602903244632995e-08
"75204B",7.552884144339358e-08
"426161",7.552884144339358e-08
"6A612C",7.552884144339358e-08
"736877",7.552884144339358e-08
"686520",7.552884144339358e-08
"6D696F",7.552884144339358e-08
"2E2042",7.502865044045719e-08
"612120",7.502865044045719e-08
"6B6F2E",7.502865044045719e-08
"79616D",7.502865044045719e-08
"757069",7.502865044045719e-08
"6B6166",7.452845943752081e-08
"727564",7.452845943752081e-08
"79612E",7.452845943752081e-08
"693F20",7.452845943752081e-08
"652076",7.452845943752081e-08
"62612C",7.402826843458443e-08
"6E6368",7.402826843458443e-08
"6B6169",7.402826843458443e-08
"6D6573",7.402826843458443e-08
"6F6D61",7.402826843458443e-08
"676861",7.352807743164805e-08
"616D73",7.352807743164805e-08
"686168",7.352807743164805e-08
"686F63",7.352807743164805e-08
"696E64",7.352807743164805e-08
"646F67",7.302788642871166e-08
"6A616E",7.302788642871166e-08
"6D6F74",7.302788642871166e-08
"68612C",7.252769542577529e-08
"6C656B",7.20275044228389e-08
"206169",7.20275044228389e-08
"6F2059",7.20275044228389e-08
"676F7A",7.20275044228389e-08
"706974",7.20275044228389e-08
"204973",7.152731341990253e-08
"4D7461",7.152731341990253e-08
"73696F",7.152731341990253e-08
"204B69",7.152731341990253e-08
"77756C",7.152731341990253e-08
"6F6661",7.152731341990253e-08
"79612C",7.102712241696614e-08
"696D62",7.102712241696614e-08
"61676F",7.102712241696614e-08
"6F2063",7.102712241696614e-08
"696A61",7.102712241696614e-08
"737461",7.052693141402977e-08
"596579",7.052693141402977e-08
"77652C",7.002674041109338e-08
"6D7368",7.002674041109338e-08
"6B6964",7.002674041109338e-08
"6F6669",7.002674041109338e-08
"6F7369",6.9526549408157e-08
"207577",6.9526549408157e-08
"756475",6.9526549408157e-08
"61656C",6.9526549408157e-08
"69616D",6.9526549408157e-08
"224E69",6.9526549408157e-08
"6D6977",6.9526549408157e-08
"6E6777",6.9526549408157e-08
"616D6E",6.9526549408157e-08
"65206A",6.9526549408157e-08
"616761",6.9526549408157e-08
"752074",6.9526549408157e-08
"6E6970",6.9526549408157e-08
"6E6164",6.902635840522062e-08
"68656D",6.902635840522062e-08
"692064",6.902635840522062e-08
"6D6570",6.852616740228424e-08
"6D6D65",6.852616740228424e-08
"696468",6.852616740228424e-08
"67756B",6.852616740228424e-08
"6C617A",6.852616740228424e-08
"696461",6.852616740228424e-08
"6B6965",6.852616740228424e-08
"3B2077",6.802597639934785e-08
"79696E",6.802597639934785e-08
"204E6A",6.802597639934785e-08
"686175",6.802597639934785e-08
"204B77",6.802597639934785e-08
"6B6F6D",6.802597639934785e-08
"616C75",6.752578539641148e-08
"706F6E",6.752578539641148e-08
"652059",6.702559439347509e-08
"6B6F2C",6.702559439347509e-08
"67617A",6.702559439347509e-08
"796174",6.652540339053872e-08
"2E2220",6.652540339053872e-08
"486174",6.652540339053872e-08
"6D7361",6.652540339053872e-08
"64656C",6.652540339053872e-08
"74697A",6.602521238760233e-08
"73616D",6.602521238760233e-08
"486162",6.602521238760233e-08
"6B6574",6.602521238760233e-08
"206974",6.602521238760233e-08
"64692C",6.552502138466595e-08
"4D6174",6.552502138466595e-08
"6D6A75",6.552502138466595e-08
"693F22",6.552502138466595e-08
"204D69",6.552502138466595e-08
"75204D",6.552502138466595e-08
"756B77",6.552502138466595e-08
"73752C",6.502483038172957e-08
"6C6965",6.502483038172957e-08
"656E65",6.502483038172957e-08
"72756D",6.502483038172957e-08
"746573",6.502483038172957e-08
"7A6520",6.452463937879319e-08
"796F6E",6.452463937879319e-08
"6E6727",6.452463937879319e-08
"776168",6.452463937879319e-08
"3B206C",6.452463937879319e-08
"73612C",6.40244483758568e-08
"617A65",6.40244483758568e-08
"616B77",6.40244483758568e-08
"66756B",6.40244483758568e-08
"697261",6.352425737292043e-08
"6F2070",6.352425737292043e-08
"652062",6.352425737292043e-08
"697069",6.352425737292043e-08
"756D74",6.352425737292043e-08
"61736B",6.352425737292043e-08
"6D6176",6.352425737292043e-08
"657369",6.302406636998404e-08
"69204E",6.302406636998404e-08
"72692C",6.252387536704767e-08
"646976",6.252387536704767e-08
"72696E",6.252387536704767e-08
"616920",6.252387536704767e-08
"652064",6.252387536704767e-08
"67616C",6.252387536704767e-08
"746861",6.202368436411128e-08
"74696D",6.202368436411128e-08
"686969",6.202368436411128e-08
"68756D",6.202368436411128e-08
"747574",6.202368436411128e-08
"6E6966",6.202368436411128e-08
"73752E",6.15234933611749e-08
"20224A",6.15234933611749e-08
"20756F",6.15234933611749e-08
"7A696C",6.15234933611749e-08
"206D7A",6.102330235823852e-08
"612049",6.102330235823852e-08
"746869",6.102330235823852e-08
"6B6F61",6.102330235823852e-08
"68656E",6.102330235823852e-08
"2C206A",6.102330235823852e-08
"7A756E",6.102330235823852e-08
"6E6163",6.102330235823852e-08
"687575",6.102330235823852e-08
"6B6164",6.102330235823852e-08
"64612C",6.052311135530214e-08
"79696B",6.052311135530214e-08
"75206C",6.052311135530214e-08
"62616B",6.052311135530214e-08
"75616D",6.052311135530214e-08
"6E6565",6.052311135530214e-08
"206E63",6.002292035236575e-08
"736179",6.002292035236575e-08
"6A6974",6.002292035236575e-08
"6D7469",6.002292035236575e-08
"4E6A65",6.002292035236575e-08
"48656B",6.002292035236575e-08
"65656D",6.002292035236575e-08
"72616E",5.952272934942937e-08
"75706F",5.952272934942937e-08
"736974",5.952272934942937e-08
"416B61",5.902253834649299e-08
"202248",5.902253834649299e-08
"753A20",5.902253834649299e-08
"616C6F",5.902253834649299e-08
"6F207A",5.902253834649299e-08
"626964",5.902253834649299e-08
"706577",5.902253834649299e-08
"696875",5.902253834649299e-08
"6F6F20",5.852234734355661e-08
"706F73",5.852234734355661e-08
"796F73",5.852234734355661e-08
"796172",5.852234734355661e-08
"752076",5.852234734355661e-08
"796F77",5.852234734355661e-08
"70656C",5.802215634062023e-08
"657A6F",5.802215634062023e-08
"204B75",5.802215634062023e-08
"67656E",5.802215634062023e-08
"6D7564",5.802215634062023e-08
"656D77",5.802215634062023e-08
"6C657A",5.802215634062023e-08
"652063",5.802215634062023e-08
"6D6F6E",5.752196533768385e-08
"6B6175",5.752196533768385e-08
"7A696B",5.752196533768385e-08
"756920",5.752196533768385e-08
"627572",5.752196533768385e-08
"697065",5.702177433474747e-08
"612072",5.702177433474747e-08
"6B696A",5.702177433474747e-08
"6D656C",5.6521583331811086e-08
"726F68",5.6521583331811086e-08
"6A6972",5.6021392328874705e-08
"736966",5.6021392328874705e-08
"667574",5.6021392328874705e-08
"6E6169",5.6021392328874705e-08
"656B69",5.5521201325938324e-08
"776167",5.5521201325938324e-08
"69646F",5.5521201325938324e-08
"204A65",5.5521201325938324e-08
"756E79",5.5521201325938324e-08
"202257",5.5521201325938324e-08
"65612C",5.502101032300194e-08
"70616C",5.502101032300194e-08
"4E6920",5.502101032300194e-08
"206D63",5.502101032300194e-08
"696E73",5.502101032300194e-08
"6E7369",5.502101032300194e-08
"746969",5.502101032300194e-08
"7A6565",5.502101032300194e-08
"697669",5.452081932006556e-08
"67756C",5.452081932006556e-08
"656661",5.452081932006556e-08
"69666F",5.452081932006556e-08
"6D6177",5.452081932006556e-08
"7A7572",5.452081932006556e-08
"73696A",5.452081932006556e-08
"77656D",5.452081932006556e-08
"6B697A",5.402062831712918e-08
"756C75",5.402062831712918e-08
"616D6C",5.402062831712918e-08
"61696D",5.402062831712918e-08
"616F6D",5.35204373141928e-08
"207365",5.35204373141928e-08
"6C696A",5.35204373141928e-08
"4D6F73",5.35204373141928e-08
"6F6F6E",5.35204373141928e-08
"206B6F",5.35204373141928e-08
"656468",5.35204373141928e-08
"6E752C",5.35204373141928e-08
"205975",5.302024631125642e-08
"697961",5.302024631125642e-08
"6F7A61",5.302024631125642e-08
"20416C",5.302024631125642e-08
"556661",5.302024631125642e-08
"487579",5.302024631125642e-08
"7A6F74",5.302024631125642e-08
"6E6A61",5.302024631125642e-08
"627261",5.2520055308320037e-08
"202253",5.2520055308320037e-08
"67616D",5.2520055308320037e-08
"616D72",5.2520055308320037e-08
"6B6F73",5.2520055308320037e-08
"677561",5.2019864305383655e-08
"486976",5.2019864305383655e-08
"486572",5.2019864305383655e-08
"6E652E",5.2019864305383655e-08
"6D6166",5.2019864305383655e-08
"416E61",5.2019864305383655e-08
"6D7A69",5.1519673302447274e-08
"6F7469",5.1519673302447274e-08
"68656B",5.1519673302447274e-08
"74656D",5.1519673302447274e-08
"686962",5.1519673302447274e-08
"696775",5.1519673302447274e-08
"796F66",5.1519673302447274e-08
"6D6170",5.1519673302447274e-08
"6B7572",5.1519673302447274e-08
"68756E",5.101948229951089e-08
"757961",5.101948229951089e-08
"53696D",5.101948229951089e-08
"736970",5.101948229951089e-08
"696B65",5.101948229951089e-08
"202242",5.101948229951089e-08
"204162",5.051929129657451e-08
"6D7269",5.051929129657451e-08
"7A6977",5.051929129657451e-08
"75616E",5.051929129657451e-08
"206761",5.051929129657451e-08
"6F616E",5.001910029363813e-08
"776162",5.001910029363813e-08
"4E6469",5.001910029363813e-08
"6A6161",5.001910029363813e-08
"75656E",5.001910029363813e-08
"3B206B",5.001910029363813e-08
"6A616C",5.001910029363813e-08
"597564",4.951890929070175e-08
"796F6D",4.951890929070175e-08
"756275",4.951890929070175e-08
"68756C",4.951890929070175e-08
"746973",4.951890929070175e-08
"6F206A",4.951890929070175e-08
"6D6163",4.951890929070175e-08
"666564",4.951890929070175e-08
"756E75",4.951890929070175e-08
"796161",4.951890929070175e-08
"6E693B",4.901871828776537e-08
"6F6D77",4.901871828776537e-08
"796F79",4.901871828776537e-08
"224A65",4.901871828776537e-08
"6A656E",4.901871828776537e-08
"6C652E",4.901871828776537e-08
"756D70",4.901871828776537e-08
"736972",4.851852728482899e-08
"676F70",4.851852728482899e-08
"626977",4.851852728482899e-08
"204D6F",4.851852728482899e-08
"68612E",4.851852728482899e-08
"6F2062",4.851852728482899e-08
"4B696C",4.851852728482899e-08
"206665",4.851852728482899e-08
"646169",4.851852728482899e-08
"652042",4.8018336281892606e-08
"79652E",4.8018336281892606e-08
"696A65",4.8018336281892606e-08
"646179",4.8018336281892606e-08
"62756B",4.8018336281892606e-08
"736161",4.8018336281892606e-08
"7A612E",4.8018336281892606e-08
"617A6F",4.8018336281892606e-08
"66756C",4.8018336281892606e-08
"7A6961",4.7518145278956225e-08
"7A692C",4.7518145278956225e-08
"696669",4.7518145278956225e-08
"4D6E61",4.7518145278956225e-08
"207A6F",4.7518145278956225e-08
"6A6172",4.7518145278956225e-08
"6A6977",4.7518145278956225e-08
"692120",4.7518145278956225e-08
"6A7761",4.7518145278956225e-08
"706F6D",4.7518145278956225e-08
"646F6B",4.7017954276019844e-08
"72692E",4.7017954276019844e-08
"613F20",4.7017954276019844e-08
"6F6B77",4.7017954276019844e-08
"697A65",4.7017954276019844e-08
"736172",4.7017954276019844e-08
"6E6A77",4.7017954276019844e-08
"687577",4.7017954276019844e-08
"75206A",4.7017954276019844e-08
"3F2220",4.7017954276019844e-08
"416272",4.651776327308346e-08
"205961",4.651776327308346e-08
"64692E",4.651776327308346e-08
"61626C",4.651776327308346e-08
"626C61",4.651776327308346e-08
"706520",4.651776327308346e-08
"204D6B",4.651776327308346e-08
"696F74",4.651776327308346e-08
"69756E",4.651776327308346e-08
"626168",4.651776327308346e-08
"696E7A",4.651776327308346e-08
"636877",4.651776327308346e-08
"6D6162",4.651776327308346e-08
"6C6174",4.651776327308346e-08
"225761",4.651776327308346e-08
"657061",4.651776327308346e-08
"6D7572",4.601757227014708e-08
"76752E",4.601757227014708e-08
"224E61",4.601757227014708e-08
"74692C",4.55173812672107e-08
"6E656B",4.55173812672107e-08
"653A20",4.55173812672107e-08
"205566",4.55173812672107e-08
"4D6166",4.55173812672107e-08
"4D7369",4.55173812672107e-08
"2E2059",4.55173812672107e-08
"6F7765",4.55173812672107e-08
"757A75",4.55173812672107e-08
"612065",4.55173812672107e-08
"736169",4.55173812672107e-08
"4E6475",4.55173812672107e-08
"686166",4.501719026427432e-08
"7A6974",4.501719026427432e-08
"207562",4.501719026427432e-08
"202241",4.501719026427432e-08
"746561",4.501719026427432e-08
"746173",4.501719026427432e-08
"616775",4.501719026427432e-08
"7A6574",4.501719026427432e-08
"657365",4.451699926133794e-08
"736520",4.451699926133794e-08
"68697A",4.451699926133794e-08
"207566",4.451699926133794e-08
"206C65",4.451699926133794e-08
"6A652C",4.451699926133794e-08
"207261",4.451699926133794e-08
"6D6568",4.451699926133794e-08
"6F7475",4.451699926133794e-08
"6E6F2C",4.451699926133794e-08
"70696E",4.451699926133794e-08
"6D7A61",4.401680825840155e-08
"612055",4.401680825840155e-08
"65204B",4.401680825840155e-08
"6B7563",4.401680825840155e-08
"3B2068",4.401680825840155e-08
"6B7565",4.401680825840155e-08
"697A77",4.401680825840155e-08
"612122",4.401680825840155e-08
"656D62",4.401680825840155e-08
"6F7361",4.401680825840155e-08
"6A612E",4.401680825840155e-08
"6F2076",4.401680825840155e-08
"646F6F",4.401680825840155e-08
"202255",4.401680825840155e-08
"776920",4.401680825840155e-08
"657265",4.351661725546517e-08
"204761",4.351661725546517e-08
"76617A",4.351661725546517e-08
"20416E",4.351661725546517e-08
"6B6176",4.351661725546517e-08
"756D6F",4.351661725546517e-08
"67753B",4.351661725546517e-08
"76756D",4.351661725546517e-08
"706F6F",4.351661725546517e-08
"6C612C",4.351661725546517e-08
"204461",4.301642625252879e-08
"737261",4.301642625252879e-08
"726165",4.301642625252879e-08
"6C6179",4.301642625252879e-08
"57616E",4.301642625252879e-08
"687574",4.301642625252879e-08
"207561",4.301642625252879e-08
"48616B",4.301642625252879e-08
"224B77",4.301642625252879e-08
"726977",4.301642625252879e-08
"75752C",4.301642625252879e-08
"6C6969",4.301642625252879e-08
"426172",4.301642625252879e-08
"656A69",4.301642625252879e-08
"536173",4.301642625252879e-08
"752070",4.2516235249592406e-08
"65612E",4.2516235249592406e-08
"3B2061",4.2516235249592406e-08
"207769",4.2516235249592406e-08
"687561",4.2516235249592406e-08
"696861",4.2516235249592406e-08
"656F20",4.2516235249592406e-08
"6D656A",4.2516235249592406e-08
"692050",4.2516235249592406e-08
"207568",4.2016044246656025e-08
"6B692C",4.2016044246656025e-08
"74612C",4.2016044246656025e-08
"752059",4.2016044246656025e-08
"6B7579",4.2016044246656025e-08
"68757A",4.2016044246656025e-08
"696A75",4.2016044246656025e-08
"613F22",4.2016044246656025e-08
"696F79",4.2016044246656025e-08
"6F6D6F",4.1515853243719644e-08
"6D6A61",4.1515853243719644e-08
"706F2C",4.1515853243719644e-08
"21204D",4.1515853243719644e-08
"206172",4.1515853243719644e-08
"6F6E6A",4.1515853243719644e-08
"677575",4.1515853243719644e-08
"62612E",4.1515853243719644e-08
"616163",4.1515853243719644e-08
"746172",4.1515853243719644e-08
"746162",4.1515853243719644e-08
"7A6161",4.101566224078326e-08
"6F7065",4.101566224078326e-08
"776179",4.101566224078326e-08
"76696E",4.101566224078326e-08
"696D74",4.101566224078326e-08
"6D6B69",4.101566224078326e-08
"617561",4.101566224078326e-08
"74612E",4.101566224078326e-08
"4E6177",4.101566224078326e-08
"70656B",4.101566224078326e-08
"20726F",4.101566224078326e-08
"6C652C",4.101566224078326e-08
"776F6D",4.101566224078326e-08
"627561",4.101566224078326e-08
"626974",4.101566224078326e-08
"75612C",4.101566224078326e-08
"6A7569",4.101566224078326e-08
"204875",4.051547123784688e-08
"69756D",4.051547123784688e-08
"756D73",4.051547123784688e-08
"616D66",4.051547123784688e-08
"74616F",4.051547123784688e-08
"70756D",4.051547123784688e-08
"6C616C",4.051547123784688e-08
"666169",4.00152802349105e-08
"686F2C",4.00152802349105e-08
"76752C",4.00152802349105e-08
"736F20",4.00152802349105e-08
"225369",4.00152802349105e-08
"6E6161",4.00152802349105e-08
"64696F",4.00152802349105e-08
"6A6973",4.00152802349105e-08
"4D6B75",4.00152802349105e-08
"6C6F2C",3.951508923197412e-08
"6C616D",3.951508923197412e-08
"627564",3.951508923197412e-08
"666164",3.951508923197412e-08
"497372",3.951508923197412e-08
"756520",3.951508923197412e-08
"206768",3.951508923197412e-08
"65616E",3.951508923197412e-08
"202254",3.951508923197412e-08
"2E2053",3.951508923197412e-08
"796F70",3.951508923197412e-08
"616769",3.951508923197412e-08
"75756E",3.951508923197412e-08
"7A616C",3.901489822903774e-08
"686974",3.901489822903774e-08
"20656E",3.901489822903774e-08
"6D6967",3.901489822903774e-08
"6D756D",3.851470722610136e-08
"6B6975",3.851470722610136e-08
"4E616F",3.851470722610136e-08
"64612E",3.851470722610136e-08
"647520",3.851470722610136e-08
"74616C",3.851470722610136e-08
"206164",3.851470722610136e-08
"756973",3.851470722610136e-08
"696869",3.851470722610136e-08
"224D77",3.851470722610136e-08
"72616B",3.851470722610136e-08
"2C2050",3.851470722610136e-08
"65736F",3.851470722610136e-08
"47616C",3.8014516223164976e-08
"666168",3.8014516223164976e-08
"6D6875",3.8014516223164976e-08
"756B65",3.8014516223164976e-08
"67612C",3.8014516223164976e-08
"576577",3.8014516223164976e-08
"697A75",3.8014516223164976e-08
"6D7465",3.8014516223164976e-08
"6A6976",3.8014516223164976e-08
"6B656C",3.7514325220228595e-08
"657361",3.7514325220228595e-08
"75696E",3.7514325220228595e-08
"224861",3.7514325220228595e-08
"79652C",3.7514325220228595e-08
"54756E",3.7514325220228595e-08
"756768",3.7514325220228595e-08
"6F626F",3.7014134217292214e-08
"692042",3.7014134217292214e-08
"686F6D",3.7014134217292214e-08
"74656B",3.7014134217292214e-08
"65206C",3.7014134217292214e-08
"686173",3.7014134217292214e-08
"672761",3.7014134217292214e-08
"652120",3.7014134217292214e-08
"54656E",3.7014134217292214e-08
"76696B",3.7014134217292214e-08
"7A692E",3.7014134217292214e-08
"6B6F62",3.651394321435583e-08
"796F61",3.651394321435583e-08
"557369",3.651394321435583e-08
"6E6175",3.651394321435583e-08
"617375",3.651394321435583e-08
"6C756E",3.651394321435583e-08
"7A617A",3.601375221141945e-08
"6F616D",3.601375221141945e-08
"67692E",3.601375221141945e-08
"736568",3.601375221141945e-08
"6E6921",3.601375221141945e-08
"696F6D",3.601375221141945e-08
"736B61",3.601375221141945e-08
"6B6963",3.601375221141945e-08
"686961",3.601375221141945e-08
"752063",3.601375221141945e-08
"20686F",3.601375221141945e-08
"66612C",3.601375221141945e-08
"6E616C",3.601375221141945e-08
"646F6E",3.601375221141945e-08
"20656C",3.601375221141945e-08
"6E696F",3.601375221141945e-08
"2E2054",3.601375221141945e-08
"7A6177",3.551356120848307e-08
"617564",3.551356120848307e-08
"6F726F",3.551356120848307e-08
"6D692C",3.551356120848307e-08
"205475",3.551356120848307e-08
"6E6F2E",3.551356120848307e-08
"2C2042",3.551356120848307e-08
"73692E",3.551356120848307e-08
"6E6167",3.551356120848307e-08
"4B7765",3.551356120848307e-08
"756E6A",3.551356120848307e-08
"6B6962",3.551356120848307e-08
"75612E",3.551356120848307e-08
"6C6975",3.501337020554669e-08
"617468",3.501337020554669e-08
"6E6E65",3.501337020554669e-08
"6D6965",3.501337020554669e-08
"64656E",3.501337020554669e-08
"65656E",3.501337020554669e-08
"69613A",3.501337020554669e-08
"736164",3.501337020554669e-08
"707961",3.501337020554669e-08
"6D2C20",3.501337020554669e-08
"676561",3.501337020554669e-08
"6C6166",3.501337020554669e-08
"6E617A",3.451317920261031e-08
"7A616A",3.451317920261031e-08
"616475",3.451317920261031e-08
"736874",3.451317920261031e-08
"206275",3.451317920261031e-08
"206469",3.451317920261031e-08
"62696B",3.451317920261031e-08
"4E6161",3.451317920261031e-08
"616D2C",3.451317920261031e-08
"726F64",3.4012988199673927e-08
"736961",3.4012988199673927e-08
"2C2076",3.4012988199673927e-08
"6A6966",3.4012988199673927e-08
"752062",3.4012988199673927e-08
"6D6167",3.4012988199673927e-08
"612047",3.4012988199673927e-08
"657065",3.4012988199673927e-08
"666963",3.4012988199673927e-08
"6D6164",3.4012988199673927e-08
"6B6565",3.4012988199673927e-08
"68616A",3.4012988199673927e-08
"612044",3.3512797196737545e-08
"59616B",3.3512797196737545e-08
"4D6661",3.3512797196737545e-08
"692048",3.3512797196737545e-08
"64756D",3.3512797196737545e-08
"676F2C",3.3512797196737545e-08
"747573",3.3512797196737545e-08
"73612E",3.3512797196737545e-08
"766970",3.3512797196737545e-08
"73696C",3.3512797196737545e-08
"6D657A",3.3512797196737545e-08
"50696C",3.3512797196737545e-08
"776F6B",3.3512797196737545e-08
"617265",3.3012606193801164e-08
"65726F",3.3012606193801164e-08
"20416B",3.3012606193801164e-08
"6B6163",3.3012606193801164e-08
"6B653B",3.3012606193801164e-08
"66612E",3.3012606193801164e-08
"676F67",3.3012606193801164e-08
"70696C",3.3012606193801164e-08
"6D6E79",3.3012606193801164e-08
"207468",3.3012606193801164e-08
"686F66",3.3012606193801164e-08
"616F6B",3.251241519086478e-08
"6B692E",3.251241519086478e-08
"626561",3.251241519086478e-08
"756669",3.251241519086478e-08
"687461",3.251241519086478e-08
"656765",3.251241519086478e-08
"224277",3.251241519086478e-08
"206166",3.251241519086478e-08
"6A6970",3.251241519086478e-08
"757561",3.251241519086478e-08
"746575",3.251241519086478e-08
"65746F",3.251241519086478e-08
"6D7575",3.251241519086478e-08
"7A656B",3.20122241879284e-08
"3A204D",3.20122241879284e-08
"676520",3.20122241879284e-08
"796166",3.20122241879284e-08
"757075",3.20122241879284e-08
"756D7A",3.20122241879284e-08
"776165",3.20122241879284e-08
"6F6769",3.20122241879284e-08
"687520",3.20122241879284e-08
"696173",3.20122241879284e-08
"6C7520",3.20122241879284e-08
"79656A",3.20122241879284e-08
"6A696F",3.20122241879284e-08
"536973",3.20122241879284e-08
"207375",3.20122241879284e-08
"64616C",3.20122241879284e-08
"446175",3.151203318499202e-08
"737564",3.151203318499202e-08
"666F20",3.151203318499202e-08
"21204E",3.151203318499202e-08
"686F2E",3.151203318499202e-08
"746F73",3.151203318499202e-08
"536162",3.151203318499202e-08
"6E7A6F",3.151203318499202e-08
"48616C",3.151203318499202e-08
"686F6E",3.101184218205564e-08
"766920",3.101184218205564e-08
"6F6465",3.101184218205564e-08
"697661",3.101184218205564e-08
"73756E",3.101184218205564e-08
"6E6561",3.101184218205564e-08
"68692C",3.101184218205564e-08
"6B656E",3.101184218205564e-08
"746F6C",3.101184218205564e-08
"746865",3.101184218205564e-08
"207477",3.101184218205564e-08
"612054",3.051165117911926e-08
"69616B",3.051165117911926e-08
"706920",3.051165117911926e-08
"706F77",3.051165117911926e-08
"4E696C",3.051165117911926e-08
"752120",3.051165117911926e-08
"753F20",3.051165117911926e-08
"696D66",3.051165117911926e-08
"736B69",3.051165117911926e-08
"687568",3.051165117911926e-08
"3F204E",3.051165117911926e-08
"676161",3.051165117911926e-08
"206669",3.051165117911926e-08
"61204E",3.001146017618288e-08
"206769",3.001146017618288e-08
"626176",3.001146017618288e-08
"676575",3.001146017618288e-08
"206B65",3.001146017618288e-08
"6F3A20",3.001146017618288e-08
"6D616F",2.9511269173246496e-08
"6F7961",2.9511269173246496e-08
"6E6F6E",2.9511269173246496e-08
"6D7577",2.9511269173246496e-08
"726166",2.9511269173246496e-08
"617661",2.9511269173246496e-08
"77613B",2.9511269173246496e-08
"677573",2.9511269173246496e-08
"6D706F",2.9511269173246496e-08
"6F706F",2.9511269173246496e-08
"73756C",2.9511269173246496e-08
"4B7568",2.9511269173246496e-08
"697769",2.9011078170310115e-08
"706F6C",2.9011078170310115e-08
"6E7469",2.9011078170310115e-08
"6B6F74",2.9011078170310115e-08
"6D756E",2.9011078170310115e-08
"626F6E",2.9011078170310115e-08
"6C6F74",2.9011078170310115e-08
"756173",2.9011078170310115e-08
"6E6977",2.9011078170310115e-08
"70616A",2.9011078170310115e-08
"73616B",2.8510887167373734e-08
"656B6F",2.8510887167373734e-08
"616765",2.8510887167373734e-08
"79756B",2.8510887167373734e-08
"69204B",2.8510887167373734e-08
"4E6974",2.8510887167373734e-08
"692122",2.8510887167373734e-08
"726173",2.8510887167373734e-08
"3A204E",2.8510887167373734e-08
"206277",2.8510887167373734e-08
"696974",2.8510887167373734e-08
"6F6C6F",2.8010696164437352e-08
"62756C",2.8010696164437352e-08
"6F6B69",2.8010696164437352e-08
"4E656E",2.8010696164437352e-08
"707761",2.8010696164437352e-08
"616F74",2.8010696164437352e-08
"796570",2.8010696164437352e-08
"207564",2.8010696164437352e-08
"626170",2.8010696164437352e-08
"67692C",2.8010696164437352e-08
"616167",2.8010696164437352e-08
"205469",2.8010696164437352e-08
"6D7069",2.8010696164437352e-08
"206170",2.8010696164437352e-08
"4B6169",2.8010696164437352e-08
"74756A",2.8010696164437352e-08
"204869",2.751050516150097e-08
"20416D",2.751050516150097e-08
"204D66",2.751050516150097e-08
"706F70",2.751050516150097e-08
"612045",2.751050516150097e-08
"657468",2.751050516150097e-08
"776974",2.751050516150097e-08
"756177",2.751050516150097e-08
"536175",2.751050516150097e-08
"756974",2.751050516150097e-08
"746977",2.751050516150097e-08
"616520",2.751050516150097e-08
"75752E",2.751050516150097e-08
"224261",2.751050516150097e-08
"6D6C65",2.751050516150097e-08
"652122",2.751050516150097e-08
"4D7765",2.751050516150097e-08
"656A61",2.751050516150097e-08
"6E7561",2.751050516150097e-08
"656C66",2.751050516150097e-08
"596F73",2.701031415856459e-08
"74692E",2.701031415856459e-08
"3F204D",2.701031415856459e-08
"206977",2.701031415856459e-08
"676572",2.701031415856459e-08
"616F76",2.701031415856459e-08
"6A692E",2.701031415856459e-08
"74756F",2.701031415856459e-08
"6D6277",2.701031415856459e-08
"206C75",2.701031415856459e-08
"736968",2.701031415856459e-08
"6A692C",2.701031415856459e-08
"6C7562",2.701031415856459e-08
"616962",2.651012315562821e-08
"656C61",2.651012315562821e-08
"7A6172",2.651012315562821e-08
"746574",2.651012315562821e-08
"62752E",2.651012315562821e-08
"666161",2.651012315562821e-08
"726E61",2.651012315562821e-08
"776176",2.651012315562821e-08
"3F2048",2.651012315562821e-08
"646F6C",2.651012315562821e-08
"736963",2.651012315562821e-08
"6D6969",2.651012315562821e-08
"627573",2.651012315562821e-08
"726F2C",2.651012315562821e-08
"752064",2.651012315562821e-08
"69696E",2.651012315562821e-08
"20746F",2.651012315562821e-08
"67656B",2.651012315562821e-08
"6C6675",2.651012315562821e-08
"67656D",2.651012315562821e-08
"766975",2.651012315562821e-08
"756E6F",2.6009932152691828e-08
"617A75",2.6009932152691828e-08
"6D692E",2.6009932152691828e-08
"61726E",2.6009932152691828e-08
"656F6E",2.6009932152691828e-08
"74657A",2.6009932152691828e-08
"656D74",2.6009932152691828e-08
"6E613B",2.6009932152691828e-08
"727568",2.6009932152691828e-08
"556E61",2.6009932152691828e-08
"686963",2.6009932152691828e-08
"67756D",2.6009932152691828e-08
"6E756E",2.6009932152691828e-08
"757468",2.5509741149755447e-08
"68617A",2.5509741149755447e-08
"746965",2.5509741149755447e-08
"2C2053",2.5509741149755447e-08
"456C69",2.5509741149755447e-08
"616D63",2.5509741149755447e-08
"204265",2.5509741149755447e-08
"61612C",2.5509741149755447e-08
"797765",2.5509741149755447e-08
"692053",2.5509741149755447e-08
"6C656F",2.5509741149755447e-08
"6A756C",2.5509741149755447e-08
"676174",2.5509741149755447e-08
"79692E",2.5509741149755447e-08
"676F2E",2.5509741149755447e-08
"68756A",2.5509741149755447e-08
"72612C",2.5509741149755447e-08
"6F2120",2.5509741149755447e-08
"59756C",2.5509741149755447e-08
"666173",2.5509741149755447e-08
"646172",2.5509741149755447e-08
"20456C",2.5009550146819065e-08
"736566",2.5009550146819065e-08
"747561",2.5009550146819065e-08
"617374",2.5009550146819065e-08
"6F6875",2.5009550146819065e-08
"696E75",2.5009550146819065e-08
"653F22",2.5009550146819065e-08
"46696C",2.5009550146819065e-08
"796F69",2.5009550146819065e-08
"796170",2.5009550146819065e-08
"6D6E67",2.5009550146819065e-08
"69726F",2.5009550146819065e-08
"212220",2.5009550146819065e-08
"746567",2.5009550146819065e-08
"6D652C",2.4509359143882684e-08
"616E75",2.4509359143882684e-08
"756D6A",2.4509359143882684e-08
"2E204A",2.4509359143882684e-08
"225475",2.4509359143882684e-08
"747562",2.4509359143882684e-08
"64657A",2.4509359143882684e-08
"752042",2.4509359143882684e-08
"68692E",2.4509359143882684e-08
"7A6964",2.4509359143882684e-08
"2E2055",2.4509359143882684e-08
"727561",2.4509359143882684e-08
"22204E",2.4509359143882684e-08
"224D74",2.4509359143882684e-08
"6C6162",2.4509359143882684e-08
"70756E",2.4509359143882684e-08
"206465",2.4509359143882684e-08
"205069",2.4509359143882684e-08
"612046",2.4009168140946303e-08
"6F6261",2.4009168140946303e-08
"204E64",2.4009168140946303e-08
"76696F",2.4009168140946303e-08
"686574",2.4009168140946303e-08
"206765",2.4009168140946303e-08
"72657A",2.4009168140946303e-08
"4D616B",2.4009168140946303e-08
"6B6F6C",2.4009168140946303e-08
"736976",2.4009168140946303e-08
"206D67",2.4009168140946303e-08
"647569",2.4009168140946303e-08
"766976",2.4009168140946303e-08
"75736F",2.4009168140946303e-08
"6D6975",2.4009168140946303e-08
"6A6162",2.4009168140946303e-08
"62692C",2.4009168140946303e-08
"225765",2.4009168140946303e-08
"756163",2.4009168140946303e-08
"6F6D70",2.4009168140946303e-08
"224D69",2.4009168140946303e-08
"69613B",2.4009168140946303e-08
"202259",2.3508977138009922e-08
"686F6B",2.3508977138009922e-08
"657A77",2.3508977138009922e-08
"726175",2.3508977138009922e-08
"646970",2.3508977138009922e-08
"6F6520",2.3508977138009922e-08
"6C6F2E",2.3508977138009922e-08
"7A6179",2.3508977138009922e-08
"3B2074",2.3508977138009922e-08
"3F204A",2.3508977138009922e-08
"752122",2.3508977138009922e-08
"696F61",2.3508977138009922e-08
"6C612E",2.3508977138009922e-08
"747566",2.3508977138009922e-08
"6F2064",2.3508977138009922e-08
"4E696D",2.3508977138009922e-08
"766161",2.300878613507354e-08
"67753F",2.300878613507354e-08
"6D656F",2.300878613507354e-08
"6B6573",2.300878613507354e-08
"65756B",2.300878613507354e-08
"79692C",2.300878613507354e-08
"657961",2.300878613507354e-08
"656775",2.300878613507354e-08
"686167",2.300878613507354e-08
"204669",2.300878613507354e-08
"756869",2.300878613507354e-08
"686968",2.300878613507354e-08
"656669",2.300878613507354e-08
"657374",2.300878613507354e-08
"61726F",2.300878613507354e-08
"67757A",2.250859513213716e-08
"706F69",2.250859513213716e-08
"652050",2.250859513213716e-08
"206168",2.250859513213716e-08
"64616B",2.250859513213716e-08
"666920",2.250859513213716e-08
"686163",2.250859513213716e-08
"697275",2.250859513213716e-08
"62692E",2.250859513213716e-08
"67756F",2.250859513213716e-08
"6E756C",2.250859513213716e-08
"657669",2.250859513213716e-08
"6D613B",2.250859513213716e-08
