"206E67",0.20120970212379063
"6E6761",0.16869265254980037
"746869",0.1636449801888293
"616261",0.14825097387249772
"61206E",0.1406934091773422
"6F6B75",0.14019143071050527
"756C75",0.13849028146178022
"206B75",0.13653814297963673
"6B7562",0.13547841066075883
"756B75",0.13494854450131988
"6C6120",0.1319924490855026
"626120",0.11955453818498829
"617468",0.11606857660973204
"6B686F",0.11453475351661929
"206E61",0.11169020887121019
"61206B",0.11010061039289334
"20756B",0.10987750885207694
"6E6920",0.10892932730360724
"612075",0.10792537036993344
"6B756C",0.1045509595650854
"6E6120",0.103212350320187
"612C20",0.10218050569391114
"686920",0.10112077337503325
"616B68",0.1005351318303902
"756261",0.10036780567477789
"207761",0.09833200411482824
"2C206E",0.0980252394962057
"706861",0.0946787163839597
"6E676F",0.08968681940819276
"656C61",0.08815299631508
"6E6769",0.0874836916926308
"65206E",0.08700960091839595
"206261",0.08341208857273151
"6E6765",0.08257545779467
"757468",0.08115318547196546
"6C6520",0.07961936237885271
"616E67",0.078113426978342
"676F6B",0.07777877466711741
"692C20",0.07602185003318826
"776120",0.07579874849237186
"696E69",0.07485056694390216
"656E69",0.07409759924364681
"652C20",0.07287054076915661
"612065",0.07206179768369717
"6B7761",0.07206179768369717
"69206B",0.07195024691328897
"6B6875",0.07105784075002336
"206162",0.06966345611992086
"686120",0.06810174533420606
"206B77",0.06709778840053227
"686F20",0.06575917915563387
"616D61",0.06492254837757236
"612069",0.06391859144389857
"616B75",0.06336083759185757
"696C65",0.06269153296940837
"69206E",0.06257998219900017
"20E280",0.06202222834695917
"696E67",0.06168757603573457
"656C65",0.061548137572724315
"E2809C",0.060934608335479215
"616E69",0.060293191405632066
"697369",0.06018164063522387
"657A69",0.05945656062757057
"206E6F",0.05761597291583527
"6F2C20",0.05756019753063117
"6D6120",0.05736498368241682
"62616E",0.05736498368241682
"6C756E",0.05705821906379427
"6F6E61",0.05705821906379427
"756E67",0.05677934213777377
"657468",0.05663990367476352
"3A20E2",0.05630525136353892
"77656E",0.05516185596685487
"616E64",0.05457621442221182
"616B61",0.05454832672960977
"7A696E",0.05432522518879337
"68756C",0.05334915594772162
"20756D",0.052149985165833475
"746861",0.05209420978062937
"656E67",0.051508568235986325
"612061",0.05128546669516992
"6C7761",0.05050461130231252
"657068",0.05050461130231252
"657369",0.05014207129848587
"6B7574",0.049918969757669476
"652075",0.04944487898343462
"E2809D",0.049082338979607974
"796520",0.049026563594403876
"206B61",0.048747686668383375
"65206B",0.04866402359057723
"6B6520",0.04860824820537312
"6C7520",0.04796683127552597
"616C6F",0.047799505119913675
"746865",0.04771584204210753
"686C61",0.047492740501291125
"617068",0.04701864972705627
"697468",0.046544558952821426
"692075",0.04579159125256608
"617A69",0.04542905124873942
"626F6E",0.045066511244912774
"6B756E",0.04495496047450458
"616C61",0.04448086970026972
"776520",0.04448086970026972
"6C6F20",0.04422988046685128
"616E65",0.044146217389045124
"79616B",0.043421137381391826
"796F20",0.04336536199618773
"756D61",0.04330958661098363
"6E7965",0.04330958661098363
"6E6B75",0.04325381122577953
"68616E",0.04236140506251393
"697A69",0.04211041582909548
"6B6120",0.04171998813266678
"206E69",0.04169210044006473
"616D62",0.04166421274746268
"7A6920",0.04141322351404423
"6F206E",0.041301672743636025
"6E646C",0.04091124504720733
"697961",0.04085546966200323
"6B756B",0.04082758196940118
"6F6B68",0.04057659273598273
"6C656C",0.04029771580996223
"6E6B65",0.04018616503955403
"756B68",0.04013038965434993
"6B7765",0.040074614269145825
"696B68",0.040046726576543776
"693A20",0.03987940042093148
"6C6F6B",0.03948897272450278
"2C2075",0.03934953426149253
"706865",0.03934953426149253
"6F6E6B",0.03932164656889048
"697361",0.03929375887628843
"2EE280",0.03884755579465563
"756E6B",0.03859656656123718
"656C69",0.03851290348343103
"686F6E",0.03817825117220643
"20697A",0.03815036347960438
"4E6B75",0.03812247578700233
"20656E",0.03803881270919618
"752C20",0.03764838501276748
"2C206B",0.03762049732016543
"617965",0.03756472193496133
"616E61",0.03725795731633878
"776162",0.03720218193113468
"6B6865",0.03714640654593058
"7A6120",0.03709063116072648
"61206F",0.03683964192730803
"656E7A",0.03675597884950188
"207961",0.03642132653827728
"61796F",0.036281888075267034
"68693A",0.035668358838021934
"2C2077",0.03544525729720553
"746875",0.03527793114159323
"617365",0.03522215575638913
"6E696E",0.03519426806378708
"61206C",0.03485961575256248
"6B7579",0.03480384036735838
"652065",0.03449707574873583
"61626F",0.03446918805613378
"207369",0.034413412670929684
"692065",0.03399509728189893
"616265",0.03399509728189893
"736920",0.03396720958929688
"6E6775",0.03393932189669483
"756C61",0.033799883433684584
"612079",0.033771995741082535
"696E61",0.03371622035587843
"2C2062",0.03363255727807228
"612062",0.03360466958547023
"206F6B",0.03354889420026613
"67656E",0.033465231122459985
"6F7369",0.03338156804465383
"20657A",0.03299114034822513
"206265",0.03268437572960258
"206C6F",0.032544937266592334
"77616E",0.032489161881388236
"736120",0.032489161881388236
"776174",0.032210284955367735
"6E692C",0.03151309264031648
"652069",0.031262103406898036
"68656C",0.031178440329091884
"757068",0.031178440329091884
"7A6520",0.030955338788275482
"626520",0.030788012632663182
"6D616E",0.030537023399244734
"697365",0.029979269547203733
"656E61",0.029784055698989384
"62656E",0.029672504928581183
"6C616E",0.029505178772968883
"206C61",0.029477291080366834
"6B616E",0.029477291080366834
"206B6F",0.029449403387764785
"747520",0.029421515695162735
"626F20",0.029365740309958633
"686520",0.029198414154346333
"206E65",0.029086863383938136
"6E6520",0.029058975691336083
"73696E",0.029058975691336083
"696E64",0.029031087998734034
"20696E",0.028919537228325836
"65796F",0.028863761843121734
"68756D",0.028640660302305335
"6E6469",0.028529109531897134
"656B61",0.028473334146693036
"626162",0.028361783376284835
"616C65",0.028306007991080736
"6F206B",0.028278120298478687
"757965",0.028250232605876634
"206573",0.027887692602049985
"6C6920",0.027859804909447936
"796120",0.027804029524243837
"652061",0.027553040290825385
"6E7475",0.027413601827815135
"657375",0.027246275672202835
"6B757A",0.027051061823988486
"616C69",0.027051061823988486
"656C77",0.026911623360978236
"6D756E",0.026883735668376187
"697068",0.026716409512763887
"77616B",0.026381757201539287
"756C65",0.026019217197712635
"4A6573",0.025963441812508536
"6F2065",0.025935554119906487
"6B6861",0.025907666427304438
"6E613F",0.025907666427304438
"20656D",0.025851891042100335
"75626F",0.025740340271692135
"616D69",0.025712452579090085
"6D6920",0.025600901808681888
"66756E",0.025461463345671637
"61686C",0.025377800267865486
"69206C",0.025377800267865486
"6D6269",0.025349912575263436
"696B61",0.025210474112253186
"67616C",0.025182586419651137
"6E7961",0.025043147956640886
"6D6261",0.025043147956640886
"6E6461",0.024903709493630636
"6B656C",0.024820046415824488
"68616D",0.024736383338018336
"67616B",0.024736383338018336
"74686F",0.024624832567610135
"616E79",0.024569057182406037
"612077",0.024513281797201938
"206973",0.024401731026793737
"73696B",0.024373843334191687
"692061",0.024373843334191687
"75206E",0.024373843334191687
"646C61",0.024206517178579388
"207068",0.023899752559956838
"6E6A65",0.023816089482150686
"20616D",0.023760314096946587
"617969",0.023648763326538386
"6F2075",0.023648763326538386
"207965",0.023620875633936337
"62616B",0.023565100248732238
"6E6F6B",0.023565100248732238
"756B61",0.023481437170926087
"676162",0.023453549478324037
"796973",0.023425661785721988
"4B6570",0.023314111015313787
"6C7765",0.023174672552303537
"706869",0.02309100947449739
"726973",0.022979458704089187
"207969",0.022979458704089187
"6B6F73",0.022867907933680987
"652062",0.022812132548476888
"776F20",0.02275635716327279
"696C69",0.02275635716327279
"776179",0.022700581778068687
"697A77",0.02261691870026254
"676120",0.02261691870026254
"6E6162",0.02258903100766049
"2C2061",0.022561143315058436
"687520",0.022505367929854338
"6C6973",0.02244959254465024
"692062",0.022393817159446137
"6C6579",0.022226491003833837
"6E616D",0.02217071561862974
"626174",0.022087052540823587
"6C612C",0.022087052540823587
"6E616E",0.02197550177041539
"75206B",0.021891838692609238
"656E64",0.021863951000007188
"692079",0.021724512536996938
"77616D",0.021557186381384638
"617A61",0.02138986022577234
"696D69",0.02122253407016004
"656B75",0.021138870992353887
"67616D",0.02105520791454774
"736520",0.020943657144139538
"6B7573",0.020943657144139538
"6B7570",0.02091576945153749
"686C65",0.02074844329592519
"6B6570",0.02072055560332314
"647761",0.02052534175510879
"737520",0.020497454062506738
"646120",0.020497454062506738
"752077",0.02038590329209854
"6E616B",0.020330127906894438
"656265",0.02013491405868009
"697374",0.02010702636607804
"79656E",0.02007913867347599
"686F6C",0.01999547559566984
"736F20",0.01993970021046574
"752065",0.019716598669649338
"6C616C",0.019716598669649338
"69686C",0.01949349712883294
"617369",0.01946560943623089
"686174",0.01927039558801654
"6F2061",0.019242507895414488
"6E7A61",0.01921462020281244
"6E6973",0.01915884481760834
"206E6A",0.01913095712500629
"6E7A69",0.01913095712500629
"697765",0.01893574327679194
"4E6B6F",0.01890785558418989
"756E79",0.01887996789158784
"4E676F",0.01887996789158784
"7A7765",0.01882419250638374
"68696C",0.01882419250638374
"657365",0.01879630481378169
"754E6B",0.01879630481378169
"6C652C",0.01876841712117964
"796F2C",0.01874052942857759
"696E79",0.01865686635077144
"206B69",0.01854531558036324
"692069",0.01848954019515914
"75686C",0.01846165250255709
"6A656E",0.01837798942475094
"6F6E67",0.01835010173214889
"6C696E",0.01821066326913864
"757961",0.01818277557653659
"207765",0.01812700019133249
"752075",0.01795967403572019
"612073",0.01790389865051609
"646C65",0.01790389865051609
"756E64",0.01790389865051609
"6E696B",0.01790389865051609
"69736F",0.01790389865051609
"757A65",0.01787601095791404
"70686F",0.01773657249490379
"756265",0.01754135864668944
"6F6E69",0.017513470954087392
"656C6F",0.017513470954087392
"20616B",0.01742980787628124
"62616D",0.01740192018367919
"206B65",0.017346144798475092
"69206F",0.01731825710587304
"6F6C77",0.01731825710587304
"756E74",0.01715093095026074
"616E74",0.01712304325765869
"696C61",0.017067267872454592
"68616B",0.01701149248725049
"626166",0.01695571710204639
"6B614E",0.01692782940944434
"7A7769",0.016872054024240243
"7A616B",0.01684416633163819
"706875",0.016732615561229992
"614E6B",0.01670472786862794
"6E6F6D",0.01670472786862794
"206D61",0.01664895248342384
"747368",0.016593177098219742
"6F6461",0.01645373863520949
"206C69",0.016425850942607442
"207361",0.016425850942607442
"207A61",0.016397963250005393
"692073",0.016286412479597192
"6F6477",0.016286412479597192
"6F206F",0.01623063709439309
"68656E",0.01623063709439309
"6F6D75",0.01620274940179104
"6E6A61",0.01614697401658694
"617775",0.016091198631382843
"7A696D",0.01603542324617874
"646F64",0.015979647860974642
"6C656E",0.015951760168372593
"77656C",0.015923872475770543
"20754A",0.01586809709056644
"20626F",0.01586809709056644
"617961",0.015812321705362342
"626920",0.01575654632015824
"62656B",0.01575654632015824
"737475",0.01572865862755619
"6F776F",0.015672883242352092
"657A61",0.015672883242352092
"207579",0.015644995549750042
"207365",0.015644995549750042
"756B65",0.015617107857147991
"627573",0.015617107857147991
"20616E",0.01556133247194389
"6C756C",0.01556133247194389
"65206C",0.015477669394137741
"6C752C",0.015421894008933642
"6E612C",0.015394006316331591
"6F6B77",0.015366118623729542
"657A75",0.015338230931127492
"6D6265",0.015254567853321343
"757369",0.015226680160719291
"6B7520",0.015198792468117242
"6C6162",0.015143017082913142
"736562",0.015115129390311092
"657361",0.015059354005106992
"73756B",0.015059354005106992
"6C656B",0.015059354005106992
"4B7269",0.015003578619902891
"79616D",0.015003578619902891
"697377",0.015003578619902891
"6F207A",0.014947803234698792
"616269",0.014892027849494692
"656D62",0.014892027849494692
"6F2073",0.014836252464290592
"6B617A",0.014724701693882392
"757361",0.014696814001280343
"809C4E",0.014668926308678292
"79696E",0.014613150923474193
"756D75",0.014585263230872142
"67616E",0.014529487845668041
"616275",0.014473712460463943
"754A65",0.014445824767861892
"656D69",0.014362161690055742
"6D6275",0.014334273997453692
"616D75",0.014306386304851643
"65206F",0.014306386304851643
"6E6475",0.014306386304851643
"696C6F",0.014278498612249592
"656B69",0.014222723227045493
"646973",0.014222723227045493
"4E6761",0.014194835534443442
"207A69",0.014166947841841393
"2C2069",0.014139060149239343
"692077",0.014139060149239343
"6B756D",0.014139060149239343
"62696C",0.014139060149239343
"6B7568",0.014139060149239343
"7A616E",0.014111172456637292
"69626F",0.014083284764035243
"2D6B65",0.014055397071433192
"616675",0.014055397071433192
"656E75",0.013999621686229093
"626179",0.013971733993627042
"20656B",0.013943846301024992
"20696D",0.013943846301024992
"756C6F",0.013915958608422943
"6B7566",0.013888070915820892
"79656C",0.013860183223218843
"6F2062",0.013832295530616793
"656B65",0.013720744760208592
"7A656C",0.013720744760208592
"756D69",0.013692857067606543
"697A61",0.013692857067606543
"652077",0.013664969375004494
"6E6465",0.013664969375004494
"6B696E",0.013637081682402442
"2C2065",0.013609193989800393
"6E656E",0.013609193989800393
"6C6F77",0.013581306297198342
"206F6E",0.013553418604596293
"757A61",0.013525530911994243
"6F2079",0.013525530911994243
"20756E",0.013441867834188093
"756D65",0.013441867834188093
"756E61",0.013413980141586042
"68656B",0.013386092448983993
"657A77",0.013358204756381943
"7A7761",0.013358204756381943
"686C75",0.013330317063779892
"6E692E",0.013274541678575794
"736973",0.013274541678575794
"6E646F",0.013246653985973742
"20796F",0.013218766293371693
"626170",0.013218766293371693
"73696C",0.013218766293371693
"64616E",0.013162990908167593
"686F2C",0.013107215522963492
"67696E",0.013107215522963492
"613B20",0.013051440137759393
"776573",0.012995664752555293
"736974",0.012995664752555293
"6F7961",0.012967777059953244
"676979",0.012967777059953244
"7A6979",0.012884113982147094
"67656C",0.012884113982147094
"736962",0.012884113982147094
"6F206C",0.012884113982147094
"6D696E",0.012856226289545043
"61776F",0.012828338596942993
"3B206E",0.012800450904340944
"6E657A",0.012800450904340944
"69207A",0.012772563211738893
"616E6A",0.012772563211738893
"62617A",0.012772563211738893
"20754E",0.012744675519136843
"786120",0.012661012441330693
"66696B",0.012605237056126593
"696E6B",0.012577349363524544
"6F2077",0.012577349363524544
"61206D",0.012549461670922493
"6E7861",0.012521573978320443
"686574",0.012521573978320443
"6F6E64",0.012493686285718394
"6F7761",0.012437910900514293
"676377",0.012437910900514293
"6A616C",0.012410023207912244
"77616C",0.012382135515310193
"756D62",0.012382135515310193
"757969",0.012354247822708143
"6C756D",0.012354247822708143
"697969",0.012326360130106094
"65686C",0.012326360130106094
"697368",0.012298472437504043
"6D686C",0.012298472437504043
"737761",0.012298472437504043
"7A616C",0.012270584744901994
"77617A",0.012214809359697893
"62756C",0.012214809359697893
"6D756B",0.012131146281891743
"776173",0.012103258589289694
"62616C",0.012103258589289694
"6E686C",0.012075370896687643
"6C616B",0.012019595511483544
"67657A",0.011991707818881493
"6F7468",0.011935932433677394
"616B77",0.011935932433677394
"206B68",0.011908044741075343
"20656C",0.011908044741075343
"6F6D61",0.011908044741075343
"206F6D",0.011880157048473294
"79616E",0.011852269355871244
"6B6F6E",0.011768606278065094
"736869",0.011740718585463043
"6D6B68",0.011684943200258945
"776920",0.011684943200258945
"68696E",0.011684943200258945
"796573",0.011629167815054844
"68652C",0.011601280122452793
"2C2073",0.011601280122452793
"6B612C",0.011517617044646643
"616C77",0.011433953966840493
"686977",0.011433953966840493
"652079",0.011406066274238444
"206C65",0.011378178581636395
"73692C",0.011266627811228194
"693B20",0.011266627811228194
"206F77",0.011266627811228194
"646920",0.011238740118626144
"6D6973",0.011238740118626144
"6B696C",0.011238740118626144
"696B75",0.011238740118626144
"6C696C",0.011210852426024095
"736861",0.011182964733422044
"756C77",0.011155077040819994
"653A20",0.011155077040819994
"6D656C",0.011155077040819994
"653B20",0.011127189348217943
"73656B",0.011127189348217943
"6C6170",0.010987750885207695
"736979",0.010959863192605643
"6F2069",0.010959863192605643
"736875",0.010904087807401545
"73656C",0.010904087807401545
"62657A",0.010876200114799494
"6B6F64",0.010876200114799494
"73656E",0.010848312422197444
"756275",0.010848312422197444
"616D65",0.010820424729595395
"6D7468",0.010792537036993344
"68656D",0.010736761651789245
"617368",0.010708873959187194
"4B7761",0.010653098573983095
"6E652C",0.010625210881381044
"676573",0.010597323188778995
"79616C",0.010597323188778995
"3FE280",0.010597323188778995
"612070",0.010569435496176944
"686C6F",0.010569435496176944
"6B6174",0.010541547803574894
"626F2C",0.010541547803574894
"736162",0.010513660110972845
"77612C",0.010513660110972845
"E28098",0.010485772418370794
"652073",0.010485772418370794
"E28099",0.010485772418370794
"656E65",0.010457884725768744
"62656C",0.010429997033166695
"73697A",0.010402109340564644
"7A6F6E",0.010318446262758494
"6F6275",0.010318446262758494
"696E74",0.010290558570156445
"736865",0.010290558570156445
"676173",0.010262670877554395
"3B206B",0.010234783184952344
"656D61",0.010151120107146194
"6B616C",0.010123232414544145
"696B65",0.010123232414544145
"676973",0.010095344721942094
"613FE2",0.010095344721942094
"71696E",0.010095344721942094
"6E616C",0.010067457029340044
"612EE2",0.010039569336737995
"75736F",0.010039569336737995
"6F6B6F",0.010011681644135944
"752061",0.010011681644135944
"6C612E",0.009983793951533895
"7A756C",0.009983793951533895
"73616E",0.009983793951533895
"676974",0.009955906258931845
"626173",0.009928018566329794
"75206F",0.009900130873727745
"617A65",0.009900130873727745
"656B68",0.009872243181125695
"6E7A65",0.009872243181125695
"6E6763",0.009872243181125695
"736968",0.009816467795921595
"637765",0.009788580103319545
"69796F",0.009760692410717494
"756E69",0.009677029332911345
"20736F",0.009649141640309295
"6B6973",0.009649141640309295
"6E6173",0.009621253947707244
"4E6769",0.009621253947707244
"6B652C",0.009593366255105195
"6B616B",0.009537590869901094
"616C75",0.009537590869901094
"6C6F6E",0.009509703177299045
"6F6D62",0.009481815484696995
"616669",0.009481815484696995
"696261",0.009453927792094944
"66616E",0.009398152406890846
"207A6F",0.009342377021686745
"2C2079",0.009342377021686745
"6C752E",0.009342377021686745
"757A69",0.009314489329084696
"6C652E",0.009286601636482645
"6E6179",0.009258713943880595
"6B7564",0.009258713943880595
"796F2E",0.009258713943880595
"71616C",0.009258713943880595
"652EE2",0.009175050866074445
"756661",0.009175050866074445
"646520",0.009119275480870345
"207562",0.009119275480870345
"206574",0.009119275480870345
"696265",0.009119275480870345
"6C756B",0.009119275480870345
"656E79",0.009091387788268296
"809D20",0.009063500095666244
"6C696B",0.009007724710462146
"76656C",0.008924061632655996
"7A6F20",0.008924061632655996
"6D6173",0.008896173940053945
"697761",0.008868286247451895
"676F6D",0.008868286247451895
"676170",0.008868286247451895
"6E7520",0.008868286247451895
"6E6979",0.008840398554849846
"6C6179",0.008840398554849846
"79653A",0.008812510862247795
"2C206C",0.008812510862247795
"657A65",0.008784623169645745
"696661",0.008784623169645745
"6B7571",0.008784623169645745
"613F20",0.008756735477043696
"6C616D",0.008756735477043696
"68616C",0.008728847784441645
"686C69",0.008700960091839596
"6F206D",0.008673072399237546
"67617A",0.008673072399237546
"6F3A20",0.008561521628829345
"64656C",0.008533633936227296
"73686F",0.008533633936227296
"757368",0.008505746243625245
"77657A",0.008505746243625245
"77696E",0.008505746243625245
"64756C",0.008477858551023195
"67756D",0.008422083165819095
"654E6B",0.008394195473217046
"206C75",0.008394195473217046
"656E78",0.008366307780614996
"736966",0.008338420088012945
"616465",0.008310532395410896
"756461",0.008226869317604746
"6D692C",0.008226869317604746
"676179",0.008226869317604746
"20694E",0.008198981625002696
"736F6E",0.008171093932400645
"67696B",0.008171093932400645
"6C657A",0.008171093932400645
"6E656C",0.008143206239798596
"79652C",0.008059543161992446
"6F3B20",0.008059543161992446
"809C55",0.008031655469390395
"6D616B",0.008003767776788346
"4A7564",0.007975880084186296
"7A6962",0.007975880084186296
"6C697A",0.007975880084186296
"6C692C",0.007947992391584245
"692EE2",0.007920104698982196
"68657A",0.007864329313778095
"737765",0.007864329313778095
"646C75",0.007864329313778095
"68756E",0.007808553928573996
"6E7369",0.007808553928573996
"626861",0.007780666235971945
"696D62",0.007780666235971945
"736F6B",0.007752778543369896
"7A6973",0.007752778543369896
"206D75",0.007752778543369896
"62612C",0.007697003158165796
"61207A",0.007669115465563746
"7A696C",0.007669115465563746
"79696B",0.007669115465563746
"6D612C",0.007641227772961696
"74752C",0.007613340080359646
"20776F",0.007613340080359646
"6D617A",0.007557564695155546
"6B7576",0.007529677002553496
"756C69",0.007529677002553496
"6C6F2C",0.007529677002553496
"206562",0.007501789309951446
"6F6C69",0.007501789309951446
"207A65",0.007501789309951446
"206179",0.007473901617349396
"716F6E",0.007473901617349396
"617269",0.007418126232145296
"7A6974",0.007390238539543246
"65626F",0.007362350846941196
"676920",0.007334463154339146
"66616B",0.007334463154339146
"626574",0.007334463154339146
"626973",0.0073065754617370965
"696269",0.007250800076532996
"77756C",0.007250800076532996
"756B69",0.007222912383930946
"6E612E",0.007222912383930946
"2C206F",0.007195024691328896
"796162",0.007167136998726846
"696D75",0.007139249306124796
"206C77",0.007139249306124796
"6F2D6B",0.007055586228318646
"6F2EE2",0.007055586228318646
"6D756C",0.007055586228318646
"6F6E7A",0.007055586228318646
"9C4E67",0.0069998108431145465
"6F6E6F",0.006971923150512496
"756B77",0.006971923150512496
"676174",0.006944035457910446
"6E696C",0.006916147765308397
"696675",0.006916147765308397
"77652C",0.006888260072706346
"62756B",0.006888260072706346
"626F3A",0.006832484687502247
"61736F",0.0068045969949001965
"746920",0.0068045969949001965
"686F73",0.0068045969949001965
"667574",0.006776709302298146
"6B7577",0.006720933917094047
"7A7520",0.006720933917094047
"757161",0.006720933917094047
"754B72",0.006693046224491996
"79697A",0.006693046224491996
"73616B",0.006665158531889946
"4D6F79",0.006665158531889946
"6E7477",0.006637270839287897
"697A65",0.0066093831466858466
"736970",0.0066093831466858466
"757375",0.006581495454083796
"677562",0.006581495454083796
"206675",0.006581495454083796
"73657A",0.006553607761481746
"206173",0.006553607761481746
"6E746F",0.0064978323762776465
"776170",0.0064978323762776465
"757365",0.0064978323762776465
"7A696B",0.0064978323762776465
"6F7765",0.0064978323762776465
"686F2E",0.006469944683675596
"79612C",0.006442056991073547
"6E6B61",0.006442056991073547
"776168",0.006442056991073547
"696E68",0.006442056991073547
"656D70",0.006386281605869446
"6E6573",0.006358393913267397
"6D7573",0.006358393913267397
"617765",0.006330506220665347
"6E6962",0.006330506220665347
"752062",0.0063026185280632965
"756D70",0.0063026185280632965
"75206C",0.0063026185280632965
"67612C",0.006274730835461246
"67697A",0.006274730835461246
"7A697A",0.006246843142859197
"6C7769",0.006218955450257147
"6E7461",0.006218955450257147
"6F6665",0.006191067757655096
"656E6B",0.006191067757655096
"576179",0.006191067757655096
"776574",0.006191067757655096
"6E6777",0.006163180065053047
"68652E",0.006163180065053047
"796F6E",0.006163180065053047
"206D69",0.006163180065053047
"809C4B",0.006135292372450997
"4E646F",0.006135292372450997
"7A656E",0.006135292372450997
"736977",0.006079516987246897
"616861",0.006051629294644847
"626168",0.006051629294644847
"79696C",0.006023741602042797
"627574",0.0059958539094407464
"70726F",0.005967966216838697
"62697A",0.005967966216838697
"63696E",0.005967966216838697
"20754D",0.005940078524236647
"6F6261",0.005940078524236647
"6D7065",0.005940078524236647
"426162",0.005912190831634597
"73656D",0.005912190831634597
"694E6B",0.005912190831634597
"6F6265",0.005884303139032547
"726F66",0.005884303139032547
"75646C",0.005884303139032547
"68612C",0.005884303139032547
"6B6164",0.005884303139032547
"752069",0.005884303139032547
"6E6365",0.005884303139032547
"626865",0.005856415446430497
"666574",0.005856415446430497
"696E65",0.005856415446430497
"686F2D",0.005856415446430497
"79617A",0.005828527753828447
"656275",0.005828527753828447
"626573",0.005828527753828447
"4B686F",0.005828527753828447
"6B6F6D",0.005828527753828447
"687761",0.0058006400612263965
"747761",0.0058006400612263965
"6D656E",0.0058006400612263965
"646F20",0.0058006400612263965
"796F6B",0.005772752368624347
"6D6F79",0.005772752368624347
"554A65",0.005744864676022297
"556D61",0.005744864676022297
"6B6869",0.005744864676022297
"696D61",0.005716976983420247
"6F7068",0.005716976983420247
"676962",0.005716976983420247
"67696C",0.005661201598216147
"6D7675",0.005661201598216147
"652070",0.005661201598216147
"697169",0.005661201598216147
"756E65",0.005633313905614097
"79657A",0.005605426213012047
"627579",0.005577538520409997
"796179",0.005577538520409997
"65736F",0.005577538520409997
"736573",0.005549650827807947
"6C6573",0.005549650827807947
"696275",0.005521763135205897
"686F6B",0.005521763135205897
"207574",0.005521763135205897
"206579",0.005493875442603847
"6D7068",0.005493875442603847
"70656C",0.005493875442603847
"7A692C",0.005465987750001797
"73616C",0.005465987750001797
"79652E",0.005465987750001797
"696E73",0.005465987750001797
"656261",0.005465987750001797
"757675",0.005438100057399747
"756669",0.005438100057399747
"697965",0.0054102123647976974
"637761",0.005382324672195647
"616B65",0.005382324672195647
"6D6179",0.005382324672195647
"656D65",0.005382324672195647
"6C6F62",0.005382324672195647
"6E693B",0.005354436979593597
"696E63",0.005354436979593597
"687562",0.005326549286991548
"64756B",0.005326549286991548
"696B69",0.005326549286991548
"6E6B6F",0.005298661594389497
"757A77",0.005298661594389497
"616E73",0.005298661594389497
"6E6F20",0.005298661594389497
"616661",0.005270773901787447
"6B6F6B",0.005270773901787447
"206F74",0.005270773901787447
"67756B",0.005270773901787447
"7A656B",0.005242886209185397
"74752E",0.005242886209185397
"657A6F",0.005242886209185397
"6F6D6B",0.005242886209185397
"6C6F73",0.0052149985165833475
"6D6164",0.0052149985165833475
"6D626F",0.0052149985165833475
"756269",0.005187110823981297
"686F6D",0.005187110823981297
"6F7365",0.005159223131379247
"66756D",0.005159223131379247
"697473",0.005159223131379247
"736574",0.005159223131379247
"6D6F6E",0.005131335438777198
"614A75",0.005131335438777198
"616268",0.005131335438777198
"6F626F",0.005103447746175147
"6F7A61",0.005103447746175147
"6D7A69",0.005103447746175147
"207573",0.005103447746175147
"687765",0.005103447746175147
"6E6974",0.005103447746175147
"6C7574",0.005103447746175147
"809920",0.005075560053573097
"6E6970",0.005075560053573097
"6B696D",0.005047672360971047
"207550",0.005047672360971047
"64756D",0.005047672360971047
"656761",0.005047672360971047
"756E6A",0.0050197846683689975
"617072",0.0050197846683689975
"20757A",0.004991896975766947
"756D6E",0.004991896975766947
"7A6977",0.004991896975766947
"68692C",0.004991896975766947
"66617A",0.004991896975766947
"66696C",0.004964009283164897
"62656D",0.004964009283164897
"6F6D6F",0.004936121590562848
"657961",0.004936121590562848
"2CE280",0.004936121590562848
"776579",0.004880346205358747
"6B6F7A",0.004880346205358747
"776166",0.004852458512756698
"626F2E",0.004852458512756698
"697875",0.004852458512756698
"753B20",0.004852458512756698
"67656D",0.004852458512756698
"666120",0.004796683127552597
"65207A",0.004796683127552597
"7A6162",0.004796683127552597
"416261",0.004796683127552597
"736179",0.004768795434950547
"73612C",0.004768795434950547
"61646F",0.004740907742348498
"62614A",0.004740907742348498
"6D6162",0.004740907742348498
"6B6179",0.004740907742348498
"686177",0.004740907742348498
"6F6C75",0.0047130200497464475
"6B7567",0.0047130200497464475
"6D692E",0.0047130200497464475
"78756B",0.0047130200497464475
"65206D",0.0047130200497464475
"766120",0.004685132357144397
"646177",0.004685132357144397
"686170",0.004685132357144397
"68752C",0.004685132357144397
"752073",0.004685132357144397
"796F6D",0.004685132357144397
"77612E",0.004657244664542348
"686979",0.004657244664542348
"612D6B",0.004629356971940298
"6C6168",0.004601469279338247
"752EE2",0.004601469279338247
"657472",0.004601469279338247
"6B6162",0.004601469279338247
"6F6C6F",0.004573581586736197
"757765",0.004573581586736197
"737469",0.004573581586736197
"686C77",0.004573581586736197
"686179",0.004573581586736197
"73696D",0.004573581586736197
"796177",0.004545693894134148
"6D616C",0.0045178062015320975
"646C69",0.0045178062015320975
"746877",0.0045178062015320975
"754D6F",0.0045178062015320975
"756D6F",0.0045178062015320975
"696465",0.004489918508930047
"707269",0.004489918508930047
"7A6179",0.004489918508930047
"676369",0.004489918508930047
"6C6F6D",0.004462030816327998
"6E693A",0.004462030816327998
"6C6979",0.004434143123725948
"657969",0.004434143123725948
"76756D",0.004434143123725948
"6B652E",0.004434143123725948
"697675",0.004434143123725948
"6D696C",0.004434143123725948
"752079",0.004434143123725948
"75207A",0.004406255431123897
"696761",0.004406255431123897
"656E68",0.004406255431123897
"696D70",0.004406255431123897
"617A77",0.004406255431123897
"75796F",0.004406255431123897
"506177",0.004406255431123897
"726979",0.004378367738521848
"206F6C",0.004378367738521848
"657275",0.004378367738521848
"736F2C",0.004378367738521848
"686973",0.004378367738521848
"68756B",0.004378367738521848
"616E7A",0.004378367738521848
"506574",0.004378367738521848
"747275",0.004378367738521848
"20752D",0.004350480045919798
"6C656D",0.004350480045919798
"204E67",0.004350480045919798
"617675",0.004350480045919798
"6F6B61",0.004350480045919798
"809C4D",0.004350480045919798
"6B754E",0.004350480045919798
"6B614A",0.0043225923533177476
"2C207A",0.0043225923533177476
"426865",0.004294704660715697
"3B2062",0.004294704660715697
"62757A",0.004266816968113648
"7A616D",0.004266816968113648
"6F686C",0.004266816968113648
"796174",0.004238929275511598
"6C696D",0.0042110415829095475
"4A6572",0.0042110415829095475
"3B2075",0.0042110415829095475
"6E656D",0.0042110415829095475
"756D66",0.004183153890307498
"696861",0.004183153890307498
"77652E",0.004183153890307498
"694E64",0.004155266197705448
"656B77",0.004155266197705448
"206974",0.004127378505103398
"6C653B",0.004127378505103398
"652E20",0.004127378505103398
"63656B",0.004127378505103398
"677579",0.004099490812501348
"7A612C",0.004099490812501348
"756268",0.004071603119899298
"206F62",0.004071603119899298
"796574",0.004071603119899298
"626562",0.004071603119899298
"69206D",0.004043715427297248
"736877",0.0040158277346951975
"727573",0.003960052349491098
"206E78",0.003960052349491098
"6E7375",0.003960052349491098
"6F6E65",0.003960052349491098
"67636F",0.003960052349491098
"746F20",0.003960052349491098
"75204B",0.003932164656889048
"204B72",0.003932164656889048
"756763",0.003932164656889048
"6F7473",0.003932164656889048
"617761",0.003932164656889048
"6B616D",0.003932164656889048
"68757A",0.003932164656889048
"6D6F20",0.003932164656889048
"677761",0.003932164656889048
"809C41",0.003932164656889048
"776F6B",0.003932164656889048
"6D7072",0.003904276964286998
"64612C",0.003904276964286998
"796962",0.003904276964286998
"756475",0.003904276964286998
"6F6861",0.003904276964286998
"757377",0.003904276964286998
"6B6920",0.003876389271684948
"73616D",0.003876389271684948
"656E74",0.003876389271684948
"6E752C",0.003876389271684948
"576174",0.003876389271684948
"617473",0.003848501579082898
"656D68",0.003848501579082898
"6B614B",0.003848501579082898
"696D6F",0.003820613886480848
"6D7661",0.003820613886480848
"6B656E",0.003820613886480848
"6C6F2E",0.003820613886480848
"75716F",0.003820613886480848
"756D74",0.003792726193878798
"6D6174",0.003792726193878798
"6C6174",0.003764838501276748
"617A6F",0.003764838501276748
"76756B",0.003764838501276748
"696B77",0.003764838501276748
"6A616E",0.003736950808674698
"79656B",0.003736950808674698
"654A65",0.003709063116072648
"7A6970",0.003709063116072648
"6D6520",0.003709063116072648
"4A6F68",0.003709063116072648
"6B6F20",0.003709063116072648
"727520",0.003681175423470598
"6C6F74",0.0036532877308685483
"6E6F6E",0.0036532877308685483
"776F6E",0.0036532877308685483
"6A6520",0.0036532877308685483
"6C7570",0.0036532877308685483
"757A6F",0.003625400038266498
"68617A",0.003569624653062398
"657368",0.003569624653062398
"616469",0.003541736960460348
"6B612D",0.003541736960460348
"206967",0.003541736960460348
"20654A",0.003541736960460348
"2C206D",0.003541736960460348
"79696D",0.003541736960460348
"62692C",0.003513849267858298
"656D76",0.003513849267858298
"206979",0.003513849267858298
"76616E",0.003513849267858298
"6F6D68",0.003513849267858298
"6D656D",0.003485961575256248
"2D4973",0.0034580738826541983
"646162",0.0034580738826541983
"767573",0.0034580738826541983
"697661",0.0034580738826541983
"616E75",0.003430186190052148
"6F7A65",0.003430186190052148
"6E6177",0.003430186190052148
"64616C",0.003430186190052148
"6C617A",0.0034022984974500983
"656675",0.0034022984974500983
"73752C",0.0034022984974500983
"6D657A",0.0034022984974500983
"6E697A",0.0034022984974500983
"754261",0.0034022984974500983
"77696C",0.003374410804848048
"6C6177",0.003374410804848048
"207468",0.003374410804848048
"6E652E",0.003346523112245998
"757665",0.003346523112245998
"697A6F",0.003346523112245998
"6C6574",0.003346523112245998
"756675",0.003346523112245998
"692E20",0.0033186354196439484
"692070",0.0033186354196439484
"6D757A",0.0033186354196439484
"6F6C61",0.0033186354196439484
"677765",0.003290747727041898
"6C692E",0.003290747727041898
"6F6C65",0.003290747727041898
"69646C",0.003290747727041898
"736978",0.003290747727041898
"616B6F",0.0032628600344398483
"756D6B",0.0032628600344398483
"6E656B",0.0032628600344398483
"20754B",0.003234972341837798
"6E7765",0.003234972341837798
"6D6968",0.003234972341837798
"617061",0.003234972341837798
"61646C",0.003234972341837798
"6E617A",0.003234972341837798
"752D41",0.0032070846492357483
"617361",0.0032070846492357483
"77656D",0.0032070846492357483
"4E696E",0.0031791969566336985
"6C6962",0.0031791969566336985
"796F3B",0.0031791969566336985
"6C613B",0.0031791969566336985
"716F62",0.0031791969566336985
"777520",0.0031513092640316482
"696D65",0.0031513092640316482
"426173",0.0031513092640316482
"676971",0.0031513092640316482
"612E20",0.0031513092640316482
"68696B",0.0031513092640316482
"6D7075",0.0031234215714295984
"6B612E",0.0031234215714295984
"6F7368",0.0031234215714295984
"62696E",0.0031234215714295984
"2E204B",0.0031234215714295984
"686173",0.0031234215714295984
"614B72",0.0031234215714295984
"64652C",0.003095533878827548
"616B69",0.003095533878827548
"6B754B",0.003095533878827548
"776164",0.0030676461862254984
"706174",0.0030676461862254984
"68697A",0.0030676461862254984
"6D6C69",0.0030676461862254984
"6F6E79",0.0030676461862254984
"736173",0.0030676461862254984
"206962",0.0030676461862254984
"6D6661",0.0030676461862254984
"6B657A",0.0030676461862254984
"809C42",0.0030397584936234486
"6E7469",0.0030397584936234486
"6C6977",0.0030118708010213983
"626164",0.0030118708010213983
"206177",0.0030118708010213983
"3B2077",0.0029839831084193485
"626875",0.0029839831084193485
"62612E",0.0029839831084193485
"617161",0.0029839831084193485
"6F6D74",0.0029839831084193485
"756D7A",0.0029839831084193485
"6E6477",0.0029839831084193485
"466172",0.0029560954158172983
"6E6B77",0.0029560954158172983
"20654E",0.0029282077232152485
"676F20",0.0029282077232152485
"74616E",0.0029282077232152485
"636562",0.0029282077232152485
"736976",0.0029282077232152485
"206976",0.0029003200306131982
"67756C",0.0029003200306131982
"796173",0.0029003200306131982
"6C6F6C",0.0029003200306131982
"6D6675",0.0028724323380111484
"3B2061",0.0028724323380111484
"2E204E",0.0028724323380111484
"4B6F64",0.0028724323380111484
"6D6568",0.0028724323380111484
"616761",0.0028724323380111484
"62652C",0.0028445446454090986
"666F77",0.0028445446454090986
"697A75",0.0028445446454090986
"6C6173",0.0028445446454090986
"206568",0.0028445446454090986
"656D6F",0.0028445446454090986
"73652C",0.0028166569528070484
"20616C",0.0028166569528070484
"676177",0.0028166569528070484
"9C4E69",0.0028166569528070484
"6D6E69",0.0028166569528070484
"6B6F62",0.0027887692602049986
"6E613B",0.0027887692602049986
"6C7573",0.0027887692602049986
"676F6C",0.0027887692602049986
"6F6E73",0.0027887692602049986
"62756E",0.0027887692602049986
"626568",0.0027887692602049986
"636869",0.0027887692602049986
"6D7568",0.0027887692602049986
"696669",0.0027887692602049986
"6C6970",0.0027887692602049986
"656661",0.0027608815676029483
"20617A",0.0027608815676029483
"6F4E67",0.0027608815676029483
"4E6763",0.0027608815676029483
"809C4C",0.0027608815676029483
"63656C",0.0027608815676029483
"67656B",0.0027608815676029483
"76756E",0.0027608815676029483
"776177",0.0027608815676029483
"755061",0.0027608815676029483
"68612E",0.0027329938750008985
"6F7A69",0.0027329938750008985
"9C556D",0.0027329938750008985
"6D6E79",0.0027329938750008985
"696763",0.0027329938750008985
"686970",0.0027329938750008985
"756D68",0.0027329938750008985
"6B6974",0.0027329938750008985
"6E696D",0.0027051061823988487
"6E6F62",0.0027051061823988487
"809C59",0.0027051061823988487
"204A65",0.0027051061823988487
"76756C",0.0026772184897967985
"6C753B",0.0026772184897967985
"676966",0.0026772184897967985
"61716F",0.0026772184897967985
"206F4E",0.0026493307971947487
"68692E",0.0026493307971947487
"6E7969",0.0026493307971947487
"206275",0.0026493307971947487
"7A6968",0.0026493307971947487
"80984E",0.0026214431045926984
"207568",0.0026214431045926984
"676F62",0.0026214431045926984
"73692E",0.0025935554119906486
"206268",0.0025935554119906486
"6C6974",0.0025935554119906486
"614661",0.0025935554119906486
"657775",0.0025935554119906486
"616E6F",0.0025935554119906486
"206F79",0.002565667719388599
"809C49",0.002565667719388599
"64652E",0.002565667719388599
"204261",0.002565667719388599
"696C75",0.002565667719388599
"67692C",0.0025377800267865486
"687570",0.0025098923341844988
"617375",0.0025098923341844988
"776176",0.0025098923341844988
"676166",0.0025098923341844988
"53696D",0.0025098923341844988
"207571",0.0025098923341844988
"627566",0.0025098923341844988
"6E7975",0.0024820046415824485
"656D7A",0.0024820046415824485
"616D70",0.0024820046415824485
"206F73",0.0024820046415824485
"63616C",0.0024820046415824485
"20756C",0.0024820046415824485
"736964",0.0024820046415824485
"75204A",0.0024820046415824485
"6D6C61",0.0024541169489803987
"646979",0.0024541169489803987
"79612E",0.0024541169489803987
"6E6F4A",0.0024541169489803987
"77654E",0.0024541169489803987
"6E752E",0.0024541169489803987
"6F7374",0.0024541169489803987
"746F6C",0.0024541169489803987
"206E64",0.002426229256378349
"6D6268",0.002426229256378349
"617665",0.002426229256378349
"6E796F",0.002426229256378349
"626146",0.002426229256378349
"7A6966",0.002426229256378349
"207570",0.002426229256378349
"67612E",0.002426229256378349
"796562",0.002426229256378349
"6F7375",0.002426229256378349
"3F204E",0.0023983415637762987
"6B752C",0.0023983415637762987
"809C53",0.0023983415637762987
"6F7969",0.0023983415637762987
"6D6168",0.0023983415637762987
"797765",0.0023983415637762987
"205761",0.0023983415637762987
"206567",0.0023983415637762987
"2D4162",0.002370453871174249
"616E77",0.002370453871174249
"616775",0.002370453871174249
"64757A",0.002370453871174249
"73612E",0.002370453871174249
"736F62",0.002370453871174249
"686162",0.0023425661785721986
"736566",0.0023425661785721986
"47616C",0.0023425661785721986
"6D6C6F",0.0023425661785721986
"687574",0.0023425661785721986
"616D6E",0.0023425661785721986
"797761",0.002314678485970149
"726179",0.002314678485970149
"20696B",0.002314678485970149
"67716F",0.002314678485970149
"67696D",0.002314678485970149
"73746F",0.002314678485970149
"809C57",0.002314678485970149
"6F4D6F",0.0022867907933680986
"497372",0.0022867907933680986
"737261",0.0022867907933680986
"656669",0.0022867907933680986
"6F6D6C",0.0022867907933680986
"206566",0.0022867907933680986
"64656D",0.0022867907933680986
"686974",0.0022867907933680986
"696D76",0.0022867907933680986
"754A6F",0.0022589031007660488
"676520",0.0022589031007660488
"746162",0.0022589031007660488
"656477",0.0022589031007660488
"796974",0.0022589031007660488
"7A6967",0.0022589031007660488
"7A6F6B",0.0022589031007660488
"6F2070",0.002231015408163999
"6E7175",0.002231015408163999
"62756D",0.002231015408163999
"755065",0.002231015408163999
"656D6B",0.002231015408163999
"6F6675",0.002231015408163999
"676F77",0.002231015408163999
"753A20",0.002231015408163999
"64696C",0.002231015408163999
"4D6F73",0.002231015408163999
"636F6C",0.002231015408163999
"207542",0.0022031277155619487
"654761",0.0022031277155619487
"62696B",0.0022031277155619487
"616D74",0.002175240022959899
"4B616E",0.002175240022959899
"64696E",0.002175240022959899
"756E6F",0.002175240022959899
"6D612E",0.0021473523303578487
"616461",0.0021473523303578487
"656B6F",0.0021473523303578487
"6B6168",0.0021473523303578487
"6E6174",0.0021473523303578487
"68653B",0.0021473523303578487
"206F7A",0.0021473523303578487
"7A692E",0.0021473523303578487
"696E6F",0.0021473523303578487
"696268",0.0021473523303578487
"556E67",0.0021473523303578487
"77756B",0.0021473523303578487
"657169",0.0021473523303578487
"6E6377",0.002119464637755799
"614A65",0.002119464637755799
"617265",0.002119464637755799
"6B614D",0.002119464637755799
"4C6F6B",0.002119464637755799
"6F6D70",0.002119464637755799
"6F6465",0.002119464637755799
"457365",0.002119464637755799
"7A612E",0.002119464637755799
"61676F",0.002119464637755799
"756861",0.002119464637755799
"6F2E20",0.002119464637755799
"756465",0.002119464637755799
"796968",0.002119464637755799
"652D41",0.002119464637755799
"416272",0.002091576945153749
"627261",0.002091576945153749
"756469",0.002091576945153749
"697977",0.002091576945153749
"64756E",0.002091576945153749
"612066",0.002091576945153749
"676168",0.002091576945153749
"596973",0.002091576945153749
"726168",0.002063689252551699
"697975",0.002063689252551699
"4D6172",0.002063689252551699
"6B7563",0.002063689252551699
"626F6B",0.002063689252551699
"776F2C",0.002063689252551699
"6C6964",0.002035801559949649
"68752E",0.002035801559949649
"6C6562",0.002035801559949649
"696475",0.002035801559949649
"6E7761",0.0020079138673475987
"79694E",0.0020079138673475987
"426174",0.0020079138673475987
"616D6C",0.0020079138673475987
"71756D",0.0020079138673475987
"736F2E",0.0020079138673475987
"63656E",0.0020079138673475987
"6D7365",0.0020079138673475987
"656269",0.0020079138673475987
"617669",0.001980026174745549
"3B2079",0.001980026174745549
"2C2066",0.001980026174745549
"9C4E6B",0.001980026174745549
"207566",0.001980026174745549
"676970",0.001980026174745549
"4A616B",0.001952138482143499
"726120",0.001952138482143499
"73752E",0.001952138482143499
"206971",0.001952138482143499
"616D76",0.001952138482143499
"9C4B75",0.001952138482143499
"626F73",0.001952138482143499
"656C75",0.001952138482143499
"6E6167",0.001952138482143499
"676F67",0.001952138482143499
"6F6765",0.001952138482143499
"686F3B",0.001952138482143499
"676F73",0.001952138482143499
"207564",0.001952138482143499
"7A756B",0.001924250789541449
"79656D",0.001924250789541449
"616475",0.001924250789541449
"536174",0.001924250789541449
"206966",0.001924250789541449
"75206D",0.001924250789541449
"7A6964",0.001924250789541449
"7A757A",0.001924250789541449
"9920E2",0.001896363096939399
"64656B",0.001896363096939399
"626167",0.001896363096939399
"6B6173",0.001896363096939399
"206174",0.001896363096939399
"6E6771",0.001896363096939399
"4D616B",0.001896363096939399
"6E6F77",0.001896363096939399
"626171",0.001896363096939399
"67754E",0.001868475404337349
"612D49",0.001868475404337349
"686F62",0.001868475404337349
"776171",0.001868475404337349
"6D666F",0.001868475404337349
"206570",0.001868475404337349
"776F6D",0.001868475404337349
"4E6775",0.001868475404337349
"6E612D",0.001868475404337349
"776568",0.001868475404337349
"207A77",0.001868475404337349
"6E6968",0.001868475404337349
"204B65",0.001868475404337349
"656D75",0.001868475404337349
"6D7A61",0.001868475404337349
"546869",0.001868475404337349
"207553",0.001840587711735299
"656465",0.001840587711735299
"676F6E",0.001840587711735299
"656E6A",0.001840587711735299
"6E6170",0.001840587711735299
"696461",0.001840587711735299
"626176",0.001840587711735299
"627562",0.001840587711735299
"2E2055",0.001812700019133249
"64692C",0.001812700019133249
"6E7977",0.001812700019133249
"7A617A",0.001812700019133249
"9C4C6F",0.001812700019133249
"206170",0.001812700019133249
"755969",0.001812700019133249
"756665",0.001812700019133249
"206F70",0.001812700019133249
"75776F",0.001812700019133249
"E28094",0.001812700019133249
"9C4D61",0.001812700019133249
"6D697A",0.001812700019133249
"79653B",0.001812700019133249
"756D6C",0.001784812326531199
"6B6877",0.001784812326531199
"79756B",0.001784812326531199
"20556D",0.001784812326531199
"757661",0.001784812326531199
"676567",0.001784812326531199
"9D2057",0.001784812326531199
"736967",0.001784812326531199
"6F6B69",0.001756924633929149
"6D6E74",0.001756924633929149
"677520",0.001756924633929149
"716875",0.001756924633929149
"59696C",0.001756924633929149
"6E6966",0.001756924633929149
"77692C",0.001756924633929149
"71696C",0.001756924633929149
"3F2055",0.001756924633929149
"626F3B",0.0017290369413270992
"616763",0.0017290369413270992
"64656E",0.0017290369413270992
"4B7574",0.0017290369413270992
"6D706F",0.0017290369413270992
"9C4B65",0.0017290369413270992
"416E67",0.0017290369413270992
"697665",0.0017011492487250491
"626869",0.0017011492487250491
"736547",0.0017011492487250491
"20652D",0.0017011492487250491
"64616B",0.0017011492487250491
"6C6976",0.0017011492487250491
"6E6F74",0.0017011492487250491
"697669",0.0017011492487250491
"446176",0.001673261556122999
"766964",0.001673261556122999
"6F7261",0.001673261556122999
"696E6A",0.001673261556122999
"726E61",0.001673261556122999
"497369",0.001673261556122999
"686566",0.001673261556122999
"6F6D6E",0.001645373863520949
"77752C",0.001645373863520949
"6E6A69",0.001645373863520949
"736F7A",0.001645373863520949
"696E71",0.001645373863520949
"796170",0.001645373863520949
"6C7562",0.001645373863520949
"616365",0.001645373863520949
"7A6F6D",0.001645373863520949
"76696E",0.001645373863520949
"646F6E",0.001645373863520949
"69776F",0.001645373863520949
"617475",0.001645373863520949
"66612C",0.001617486170918899
"676F4D",0.001617486170918899
"6D7961",0.001617486170918899
"70756D",0.001617486170918899
"576162",0.001617486170918899
"21E280",0.001617486170918899
"756D73",0.001617486170918899
"73652D",0.001617486170918899
"61666F",0.0015895984783168492
"6D7520",0.0015895984783168492
"755361",0.0015895984783168492
"616D6B",0.0015895984783168492
"6E716F",0.0015895984783168492
"416B75",0.0015895984783168492
"796564",0.0015895984783168492
"77613B",0.0015895984783168492
"613A20",0.0015895984783168492
"204E6B",0.0015895984783168492
"692D6B",0.0015895984783168492
"6D6B61",0.0015617107857147992
"79613B",0.0015617107857147992
"206968",0.0015617107857147992
"73617A",0.0015617107857147992
"486572",0.0015617107857147992
"6E6F4D",0.0015617107857147992
"6D6962",0.0015617107857147992
"4D696E",0.0015617107857147992
"9C5969",0.0015617107857147992
"7A6978",0.0015617107857147992
"6F7965",0.0015617107857147992
"206D68",0.0015617107857147992
"686F68",0.0015617107857147992
"3B2069",0.0015617107857147992
"6E7161",0.0015617107857147992
"73654E",0.0015617107857147992
"50696C",0.0015617107857147992
"6C693B",0.0015338230931127492
"6E653B",0.0015338230931127492
"7A6F2C",0.0015338230931127492
"9C4268",0.0015338230931127492
"726F64",0.0015338230931127492
"776167",0.0015338230931127492
"737573",0.0015338230931127492
"656D6C",0.0015338230931127492
"6E6579",0.0015338230931127492
"626570",0.0015338230931127492
"796167",0.0015338230931127492
"612D41",0.0015059354005106992
"6B692C",0.0015059354005106992
"626566",0.0015059354005106992
"6D7061",0.0015059354005106992
"657665",0.0015059354005106992
"736971",0.0015059354005106992
"6E6574",0.0015059354005106992
"7A652C",0.0015059354005106992
"757169",0.0015059354005106992
"646179",0.0015059354005106992
"6D693B",0.0015059354005106992
"984E67",0.0015059354005106992
"736172",0.0015059354005106992
"614D6F",0.0015059354005106992
"65726F",0.0014780477079086491
"686573",0.0014780477079086491
"206F66",0.0014780477079086491
"796970",0.0014780477079086491
"767520",0.0014780477079086491
"686F72",0.0014780477079086491
"666562",0.0014780477079086491
"2D456C",0.0014501600153065991
"456C69",0.0014501600153065991
"556B75",0.0014501600153065991
"71616D",0.0014501600153065991
"647564",0.0014501600153065991
"77653B",0.0014501600153065991
"657761",0.0014501600153065991
"556D75",0.0014501600153065991
"736168",0.0014501600153065991
"9C4E61",0.0014501600153065991
"7A657A",0.0014501600153065991
"64612E",0.0014501600153065991
"656E63",0.0014501600153065991
"66656C",0.0014501600153065991
"9D2042",0.0014501600153065991
"666968",0.0014501600153065991
"656D74",0.0014501600153065991
"716162",0.0014501600153065991
"657661",0.0014501600153065991
"6A6162",0.0014501600153065991
"647765",0.0014501600153065991
"752D45",0.0014222723227045493
"6F6E77",0.0014222723227045493
"796168",0.0014222723227045493
"62692E",0.0014222723227045493
"676F74",0.0014222723227045493
"6F6D7A",0.0014222723227045493
"2C204E",0.0014222723227045493
"6B7769",0.0014222723227045493
"3B206C",0.0014222723227045493
"9C556E",0.0014222723227045493
"206F68",0.0014222723227045493
"614A6F",0.0014222723227045493
"6C6F3B",0.0014222723227045493
"797520",0.0014222723227045493
"206168",0.0014222723227045493
"754D61",0.0013943846301024993
"697161",0.0013943846301024993
"73654A",0.0013943846301024993
"6E6361",0.0013943846301024993
"63616E",0.0013943846301024993
"6D696B",0.0013943846301024993
"99206E",0.0013943846301024993
"656861",0.0013943846301024993
"207559",0.0013943846301024993
"204B75",0.0013943846301024993
"76616C",0.0013943846301024993
"756D79",0.0013943846301024993
"426172",0.0013943846301024993
"657965",0.0013943846301024993
"626F70",0.0013943846301024993
"74753B",0.0013943846301024993
"6C654E",0.0013943846301024993
"497361",0.0013664969375004493
"6D6E63",0.0013664969375004493
"6D7368",0.0013664969375004493
"2D416E",0.0013664969375004493
"6E7361",0.0013664969375004493
"706F66",0.0013664969375004493
"612CE2",0.0013664969375004493
"206963",0.0013664969375004493
"752E20",0.0013664969375004493
"676365",0.0013664969375004493
"46696C",0.0013664969375004493
"696B6F",0.0013664969375004493
"696365",0.0013664969375004493
"626163",0.0013664969375004493
"9C5369",0.0013664969375004493
"57656E",0.0013664969375004493
"776F2E",0.0013664969375004493
"6B653B",0.0013664969375004493
"6B613B",0.0013386092448983992
"206970",0.0013386092448983992
"676176",0.0013386092448983992
"69716F",0.0013386092448983992
"73693B",0.0013386092448983992
"6F6269",0.0013386092448983992
"6E6369",0.0013386092448983992
"20696C",0.0013386092448983992
"3B2073",0.0013386092448983992
"7A652E",0.0013386092448983992
"707574",0.0013386092448983992
"62613B",0.0013386092448983992
"6B6153",0.0013386092448983992
"4B6573",0.0013386092448983992
"6B6979",0.0013107215522963492
"7A6172",0.0013107215522963492
"206547",0.0013107215522963492
"6D6979",0.0013107215522963492
"696C77",0.0013107215522963492
"6F4A6F",0.0013107215522963492
"656475",0.0013107215522963492
"69686F",0.0013107215522963492
"6F6D66",0.0013107215522963492
"626F64",0.0013107215522963492
"676968",0.0013107215522963492
"576170",0.0013107215522963492
"7A6574",0.0013107215522963492
"612074",0.0013107215522963492
"6F6661",0.0013107215522963492
"6D6573",0.0013107215522963492
"50686F",0.0013107215522963492
"207576",0.0013107215522963492
"4A6F73",0.0012828338596942994
"616361",0.0012828338596942994
"696361",0.0012828338596942994
"206576",0.0012828338596942994
"736564",0.0012828338596942994
"67692E",0.0012828338596942994
"2E2041",0.0012828338596942994
"697168",0.0012828338596942994
"616D68",0.0012828338596942994
"9C416E",0.0012828338596942994
"654E64",0.0012828338596942994
"677571",0.0012828338596942994
"67754B",0.0012828338596942994
"6E6F2C",0.0012828338596942994
"6B754A",0.0012549461670922494
"616E71",0.0012549461670922494
"656268",0.0012549461670922494
"616665",0.0012549461670922494
"676164",0.0012549461670922494
"74696C",0.0012549461670922494
"596562",0.0012549461670922494
"756365",0.0012549461670922494
"7A693B",0.0012549461670922494
"796977",0.0012549461670922494
"617169",0.0012549461670922494
"787573",0.0012549461670922494
"616E63",0.0012549461670922494
"736F6C",0.0012549461670922494
"756B6F",0.0012549461670922494
"809C48",0.0012270584744901994
"6D6167",0.0012270584744901994
"726574",0.0012270584744901994
"536562",0.0012270584744901994
"417369",0.0012270584744901994
"626579",0.0012270584744901994
"42616D",0.0012270584744901994
"6E7875",0.0012270584744901994
"6E6F53",0.0012270584744901994
"809C4F",0.0012270584744901994
"68696D",0.0012270584744901994
"206F67",0.0012270584744901994
"426F6E",0.0012270584744901994
"736166",0.0011991707818881493
"654A75",0.0011991707818881493
"757473",0.0011991707818881493
"77612D",0.0011991707818881493
"66756C",0.0011991707818881493
"3BE280",0.0011991707818881493
"809855",0.0011991707818881493
"6A696E",0.0011991707818881493
"206564",0.0011991707818881493
"736F6D",0.0011991707818881493
"6F796F",0.0011991707818881493
"6E756B",0.0011991707818881493
"6C6F70",0.0011991707818881493
"467574",0.0011991707818881493
"6B656D",0.0011991707818881493
"6B756A",0.0011991707818881493
"626177",0.0011991707818881493
"6D6171",0.0011991707818881493
"677169",0.0011991707818881493
"657675",0.0011712830892860993
"796166",0.0011712830892860993
"59656E",0.0011712830892860993
"4C6F20",0.0011712830892860993
"657473",0.0011712830892860993
"77756D",0.0011712830892860993
"752070",0.0011712830892860993
"3B206D",0.0011712830892860993
"796964",0.0011712830892860993
"757175",0.0011712830892860993
"456D76",0.0011712830892860993
"696665",0.0011712830892860993
"6F7361",0.0011433953966840493
"20654B",0.0011433953966840493
"736553",0.0011433953966840493
"657469",0.0011433953966840493
"652CE2",0.0011433953966840493
"3B206F",0.0011433953966840493
"809420",0.0011433953966840493
"752D49",0.0011155077040819995
"626564",0.0011155077040819995
"557961",0.0011155077040819995
"796F62",0.0011155077040819995
"6D613B",0.0011155077040819995
"554E6B",0.0011155077040819995
"68693B",0.0011155077040819995
"206166",0.0011155077040819995
"736570",0.0011155077040819995
"6A652C",0.0011155077040819995
"4E6765",0.0011155077040819995
"656461",0.0011155077040819995
"6F4261",0.0011155077040819995
"4E616D",0.0011155077040819995
"4B7579",0.0011155077040819995
"6D616D",0.0011155077040819995
"776562",0.0011155077040819995
"746174",0.0011155077040819995
"6E6567",0.0011155077040819995
"6D6166",0.0011155077040819995
"696771",0.0011155077040819995
"697375",0.0010876200114799494
"73652E",0.0010876200114799494
"746F6D",0.0010876200114799494
"6F4A65",0.0010876200114799494
"615361",0.0010876200114799494
"65646C",0.0010876200114799494
"736568",0.0010876200114799494
"9C4261",0.0010876200114799494
"756D76",0.0010876200114799494
"686F79",0.0010876200114799494
"73613B",0.0010876200114799494
"716564",0.0010876200114799494
"4D6675",0.0010876200114799494
"3F204B",0.0010876200114799494
"696368",0.0010876200114799494
"2E2042",0.0010876200114799494
"6C7579",0.0010876200114799494
"67696A",0.0010876200114799494
"6E7A6F",0.0010876200114799494
"6F6E6A",0.0010876200114799494
"6F4E6B",0.0010876200114799494
"6E6964",0.0010876200114799494
"6C6968",0.0010597323188778994
"497A69",0.0010597323188778994
"667520",0.0010597323188778994
"626F6D",0.0010597323188778994
"76757A",0.0010597323188778994
"756368",0.0010597323188778994
"536979",0.0010597323188778994
"207375",0.0010597323188778994
"72752C",0.0010597323188778994
"67613B",0.0010597323188778994
"696E7A",0.0010597323188778994
"204D61",0.0010597323188778994
"76616D",0.0010597323188778994
"6B6F6C",0.0010597323188778994
"676568",0.0010597323188778994
"617A75",0.0010597323188778994
"692CE2",0.0010318446262758494
"809C20",0.0010318446262758494
"9C20E2",0.0010318446262758494
"48616D",0.0010318446262758494
"6D6974",0.0010318446262758494
"646577",0.0010318446262758494
"697775",0.0010318446262758494
"6B6F2C",0.0010318446262758494
"6E7473",0.0010318446262758494
"656E6F",0.0010318446262758494
"68692D",0.0010318446262758494
"627571",0.0010318446262758494
"796979",0.0010318446262758494
"6F4B72",0.0010318446262758494
"656D6E",0.0010318446262758494
"7A6976",0.0010039569336737994
"736579",0.0010039569336737994
"655369",0.0010039569336737994
"6E6971",0.0010039569336737994
"6D6170",0.0010039569336737994
"4B756E",0.0010039569336737994
"796F3A",0.0010039569336737994
"6D6861",0.0010039569336737994
"7A6F2E",0.0010039569336737994
"68613B",0.0010039569336737994
"616368",0.0010039569336737994
"696A69",0.0010039569336737994
"73654B",0.0010039569336737994
"796568",0.0010039569336737994
"426574",0.0009760692410717495
"756775",0.0009760692410717495
"626974",0.0009760692410717495
"6F6D65",0.0009760692410717495
"757A75",0.0009760692410717495
"6D6E65",0.0009760692410717495
"796966",0.0009760692410717495
"20416D",0.0009760692410717495
"6E6F42",0.0009760692410717495
"204B77",0.0009760692410717495
"777562",0.0009760692410717495
"516861",0.0009760692410717495
"6A696D",0.0009760692410717495
"676964",0.0009760692410717495
"6E6F4E",0.0009760692410717495
"656763",0.0009760692410717495
"755069",0.0009760692410717495
"756D71",0.0009760692410717495
"6B6144",0.0009481815484696995
"696D66",0.0009481815484696995
"76657A",0.0009481815484696995
"4E6F6D",0.0009481815484696995
"616D66",0.0009481815484696995
"746120",0.0009481815484696995
"416E69",0.0009481815484696995
"656E73",0.0009481815484696995
"696469",0.0009481815484696995
"7A6573",0.0009481815484696995
"477265",0.0009481815484696995
"72656B",0.0009481815484696995
"626572",0.0009481815484696995
"614461",0.0009202938558676495
"416B61",0.0009202938558676495
"6C6F2D",0.0009202938558676495
"656E71",0.0009202938558676495
"67754D",0.0009202938558676495
"617168",0.0009202938558676495
"65726E",0.0009202938558676495
"74616C",0.0009202938558676495
"626577",0.0009202938558676495
"716120",0.0009202938558676495
"796967",0.0009202938558676495
"205965",0.0009202938558676495
"416D65",0.0009202938558676495
"6D7570",0.0009202938558676495
"6D7069",0.0009202938558676495
"4E6979",0.0009202938558676495
"6D693A",0.0009202938558676495
"676F64",0.0009202938558676495
"6F6469",0.0009202938558676495
"616D73",0.0009202938558676495
"6D6475",0.0009202938558676495
"4E616B",0.0009202938558676495
"767574",0.0009202938558676495
"9C5765",0.0009202938558676495
"4D6179",0.0009202938558676495
"6E6F64",0.0009202938558676495
"6D6669",0.0009202938558676495
"6D6F2C",0.0009202938558676495
"6C6966",0.0009202938558676495
"6B752E",0.0009202938558676495
"65676F",0.0009202938558676495
"6B7542",0.0009202938558676495
"6E6F4B",0.0009202938558676495
"754865",0.0008924061632655995
"777573",0.0008924061632655995
"6E6F2D",0.0008924061632655995
"627520",0.0008924061632655995
"6D652C",0.0008924061632655995
"204E69",0.0008924061632655995
"62652E",0.0008924061632655995
"416D61",0.0008924061632655995
"796567",0.0008924061632655995
"757775",0.0008924061632655995
"206E63",0.0008924061632655995
"494E6B",0.0008924061632655995
"676167",0.0008924061632655995
"6D7576",0.0008924061632655995
"6E6967",0.0008924061632655995
"6F6D69",0.0008924061632655995
"79654E",0.0008645184706635496
"7A6174",0.0008645184706635496
"676F4A",0.0008645184706635496
"4E617A",0.0008645184706635496
"809C50",0.0008645184706635496
"9C4D69",0.0008645184706635496
"657461",0.0008645184706635496
"736963",0.0008645184706635496
"66657A",0.0008645184706635496
"746172",0.0008645184706635496
"6E6F6C",0.0008645184706635496
"6F6761",0.0008645184706635496
"206D6E",0.0008645184706635496
"64657A",0.0008645184706635496
"207567",0.0008645184706635496
"9C5965",0.0008645184706635496
"68653A",0.0008645184706635496
"9C5761",0.0008645184706635496
"776F62",0.0008645184706635496
"654B68",0.0008645184706635496
"686962",0.0008645184706635496
