"C9A820",23308
"72C9A8",22587
"70CA89",19150
"6F6E20",15850
"CA8920",15428
"207065",11852
"C9A872",11566
"6F2720",11175
"2770CA",10995
"A872C9",10723
"746F27",9968
"C9A827",9586
"6B6F6E",9426
"757961",9230
"207579",8694
"796120",8304
"CA8927",8201
"CA8972",8155
"706520",7695
"616E20",7652
"70C9A8",7434
"612720",7170
"6DC9A8",7131
"612770",6866
"6E2070",6784
"206B6F",6752
"74CA89",6503
"2072C9",6462
"206979",6416
"206DC9",6389
"736127",6285
"20746F",6122
"657369",6018
"272070",5769
"20C9A8",5625
"897261",5609
"207461",5383
"6EC9A8",5321
"277461",5298
"697961",5232
"736920",5136
"736927",5028
"6E206E",4842
"6DCA89",4790
"6BC9A8",4669
"74C9A8",4552
"2070CA",4484
"6ECA89",4327
"A82061",4306
"2074CA",4280
"72CA89",4264
"206B61",4250
"746F6E",4215
"206527",4178
"746127",4173
"2070C9",4121
"6E206B",4096
"6BCA89",4064
"206573",4029
"696E20",3954
"892720",3809
"272065",3763
"272075",3753
"612774",3627
"726120",3591
"617361",3545
"61776F",3520
"20656E",3490
"697965",3488
"776F6E",3480
"617061",3452
"C9A870",3433
"74616E",3432
"706F6E",3397
"276BC9",3393
"206EC9",3388
"6E2065",3383
"6B6127",3355
"206177",3352
"207961",3342
"6F6B6F",3275
"616DCA",3274
"CA896E",3273
"69276B",3264
"277361",3241
"20616D",3201
"276D61",3176
"C9A874",3175
"706120",3163
"612074",3153
"6E6520",3124
"A82720",3100
"652774",3088
"6F726F",3060
"6E7369",3055
"70616E",2977
"6E696E",2951
"20706F",2932
"6F6E73",2901
"892069",2879
"796175",2831
"276E6F",2831
"272C20",2823
"656E20",2816
"206127",2806
"A82070",2739
"612069",2732
"652070",2721
"616920",2720
"2C206D",2705
"6E6F6B",2690
"61276E",2660
"6E2075",2660
"6D616E",2625
"757275",2621
"892770",2615
"796127",2604
"6E6127",2556
"612070",2542
"27206B",2524
"E2809C",2478
"727520",2438
"652720",2430
"205061",2427
"27706F",2390
"A82074",2386
"272074",2377
"206E61",2372
"207465",2364
"892074",2364
"616927",2340
"746169",2321
"612065",2307
"6E2061",2301
"656B61",2301
"796573",2260
"616D61",2228
"6B6173",2227
"20E280",2220
"892070",2199
"A8746F",2195
"20656B",2187
"656E61",2173
"272069",2169
"692C20",2168
"707572",2162
"4DC9A8",2155
"A82069",2147
"C9A82C",2133
"726F6E",2124
"652069",2121
"746120",2112
"506170",2112
"E2809D",2093
"6E6120",2084
"652074",2071
"272061",2063
"276B61",2063
"612072",2051
"61276B",2048
"809D20",2044
"2774C9",2042
"206170",2040
"706F72",2013
"A87061",1999
"206970",1998
"6E2C20",1986
"612075",1980
"616E65",1977
"9D2074",1975
"6B616D",1969
"617520",1935
"697365",1930
"73656E",1925
"206B75",1925
"27746F",1911
"736572",1909
"6E616E",1909
"612C20",1906
"692720",1871
"692770",1857
"A82065",1839
"6B6520",1822
"536973",1809
"277365",1803
"206927",1801
"2C2074",1797
"206D61",1789
"736573",1788
"657320",1777
"2CE280",1763
"2C20E2",1762
"6D6127",1752
"206974",1749
"652773",1738
"61746F",1738
"706169",1733
"A82C20",1706
"79612E",1696
"A8206B",1694
"CA892C",1688
"207061",1658
"6E6B61",1651
"C9A86E",1637
"692070",1627
"6572C9",1618
"207761",1603
"892C20",1594
"61692C",1582
"6E6527",1580
"276E65",1572
"692774",1571
"77C9A8",1570
"A8272C",1567
"6B6169",1562
"2C2069",1554
"207369",1546
"706979",1528
"CA8975",1515
"796527",1508
"652C20",1503
"70656E",1498
"6B7527",1485
"206570",1480
"207573",1477
"20696E",1474
"752C20",1474
"652072",1467
"736527",1458
"77616E",1456
"726927",1455
"CA8969",1447
"656E75",1439
"726F27",1436
"6B656E",1432
"205369",1431
"61206B",1427
"726F20",1420
"69276E",1414
"746527",1404
"612061",1402
"6E6F6E",1399
"7572C9",1399
"6E2074",1385
"757365",1383
"73616E",1376
"6E706F",1370
"6B616E",1365
"206175",1351
"A82072",1346
"69206B",1339
"892061",1328
"616BCA",1314
"65276E",1313
"6D6169",1306
"616E70",1303
"756B61",1273
"276E61",1272
"2C2065",1262
"6E2069",1261
"A82770",1261
"652065",1260
"89206B",1256
"276B77",1254
"736120",1249
"692773",1247
"6E7061",1233
"6E6F27",1229
"6F6E2C",1222
"61752C",1218
"207365",1211
"6D6120",1211
"617461",1203
"776172",1201
"272072",1189
"27206D",1185
"692074",1173
"207574",1172
"206B65",1171
"C9A86B",1162
"697361",1158
"70652C",1152
"C9A82E",1151
"617075",1144
"757965",1144
"277475",1134
"6B7572",1133
"6E206D",1132
"65276D",1129
"A8276E",1126
"6F746F",1123
"207475",1121
"616E69",1117
"6172CA",1115
"657075",1102
"656E74",1095
"61206D",1093
"697465",1091
"CA8970",1086
"A82075",1083
"6F6E61",1078
"61696E",1075
"617579",1075
"706F6B",1071
"2C20C9",1069
"616E61",1049
"CA896B",1046
"612773",1038
"C9A873",1038
"892075",1029
"616ECA",1026
"896E65",1022
"27206E",1019
"206977",1019
"617269",1012
"692065",1010
"2C2061",1002
"20696B",1001
"706174",1000
"CA892E",999
"7570CA",991
"6B7570",990
"6B7761",984
"C9A877",977
"79612C",976
"A8206D",965
"706F69",965
"657275",957
"696E61",956
"617261",954
"6F276D",954
"6E7461",951
"77696E",948
"77616B",948
"6B6F27",937
"657365",930
"736520",928
"892065",926
"277369",916
"A8272E",914
"6F72CA",911
"65276B",908
"276ECA",908
"206F74",906
"207769",902
"65706F",902
"6572CA",895
"65206B",890
"726920",883
"A820C9",883
"75726F",881
"7574C9",881
"617572",872
"6F2770",862
"616E6F",855
"6F6E70",852
"6B6120",851
"276EC9",850
"C9A879",844
"757461",841
"652770",839
"A8206E",838
"732075",838
"70652E",834
"897265",826
"206ECA",825
"6172C9",820
"75276B",820
"656E6E",818
"27206F",816
"692061",814
"6520C9",813
"6E2073",807
"656B65",801
"706127",797
"657761",797
"6F276B",794
"6120C9",794
"A87965",793
"697761",790
"A874CA",789
"752065",788
"696E6F",781
"752774",780
"206E6F",779
"6170CA",779
"6970C9",777
"61696D",773
"696B61",770
"69746F",765
"77CA89",764
"657461",763
"2C2075",763
"6B6172",752
"79656E",747
"CA896D",746
"204DC9",745
"6D7520",744
"6F6920",743
"206BCA",742
"616B6F",742
"6E2079",740
"726169",739
"6D6174",739
"752061",738
"272079",737
"4BCA89",734
"2E204D",733
"6B6F72",729
"692069",729
"CA8973",729
"69276D",727
"2772C9",727
"752070",725
"752074",724
"74756B",722
"892773",722
"6B6174",720
"207069",719
"726177",718
"2770C9",717
"69206D",717
"6D6F72",715
"656D61",705
"2C2050",705
"746570",705
"616973",700
"6177C9",697
"61272C",691
"6E6169",690
"6D656E",687
"757361",683
"696EC9",682
"746175",681
"272E20",676
"2720C9",672
"89206D",670
"A870C9",669
"207572",663
"746173",662
"696D61",657
"89726F",657
"6F2774",654
"A82073",653
"896ECA",653
"89706F",645
"20756B",644
"61206E",640
"452774",639
"776572",637
"757765",636
"A87765",632
"75276E",628
"692079",628
"6D6173",627
"69706F",626
"617265",623
"207469",622
"75206B",620
"706527",620
"737577",620
"6F6974",620
"2072CA",616
"747527",616
"276B75",614
"73692C",614
"657061",614
"616D6F",609
"736175",609
"457375",608
"272077",600
"746F72",600
"204BCA",597
"617761",595
"696D75",595
"61276D",594
"657361",593
"617961",591
"206E65",591
"206E69",590
"612E20",589
"A82077",588
"2C206B",584
"616B61",578
"74656E",576
"706F27",574
"6E656B",572
"796570",572
"6F6E6B",570
"204573",566
"736172",565
"726127",564
"277061",564
"616972",563
"8972C9",561
"536572",558
"6F6D61",558
"6E74C9",557
"746573",553
"276E69",552
"776173",551
"20616E",548
"6E6F20",543
"652075",540
"6F6E2E",538
"6D616B",537
"612077",534
"796172",527
"757061",526
"CA8974",526
"756B6F",526
"706F20",523
"20696D",521
"726520",519
"61736F",519
"A82079",519
"6970CA",517
"72616E",515
"276B65",514
"546F27",508
"696BCA",507
"692075",503
"89276B",502
"897579",500
"6E7570",497
"61272E",495
"896970",494
"497465",491
"752075",490
"896920",488
"616E2C",487
"656E6B",486
"6E2077",483
"A87361",480
"6D6172",479
"656E65",478
"69272C",476
"756D61",475
"752072",474
"A87269",474
"276DCA",473
"6E6E6F",471
"752773",471
"616E74",470
"776573",470
"6F6E65",469
"E28098",468
"E28099",468
"6174CA",461
"6F2773",460
"72656D",458
"204974",456
"A82773",456
"696B75",456
"8972CA",455
"657269",454
"696E6B",454
"6F2C20",454
"6E7365",454
"65206D",454
"2E2054",451
"752069",450
"656E70",449
"C9A86D",449
"206572",448
"896E6B",447
"6F7269",446
"6E6170",446
"206169",444
"6B696E",441
"207765",441
"809CC6",441
"9CC697",441
"206574",437
"A86BC9",437
"207570",434
"612073",433
"204973",432
"697061",430
"206DCA",428
"2C2053",423
"61752E",422
"617320",421
"6F6B65",421
"A86E69",419
"896E20",418
"69272E",418
"897573",417
"206577",415
"696B69",413
"6E746F",411
"74656B",411
"74756E",410
"617069",410
"6E20C9",409
"6B6F69",406
"61726F",406
"2774CA",405
"652061",404
"6920C9",403
"809920",402
"747520",400
"6977CA",399
"756E20",397
"3FE280",396
"6F6F69",395
"7570C9",394
"657265",393
"6E616D",393
"896BCA",392
"892E20",391
"A86ECA",391
"746174",390
"657069",388
"6B6170",388
"746177",387
"206973",386
"692072",386
"796169",385
"776120",384
"C6976E",384
"732065",383
"892053",382
"A82E20",380
"6D6572",379
"6F2070",379
"796170",378
"656E2C",378
"207075",378
"656E73",378
"2074C9",378
"706172",378
"20C697",377
"797520",377
"C9A869",375
"617365",373
"6E612C",372
"276BCA",371
"204D61",370
"206D65",370
"696D65",370
"657975",369
"6E7361",367
"652E20",365
"896927",364
"6E7520",363
"6E756B",362
"272CE2",360
"89206E",359
"A870CA",359
"A82CE2",357
"897361",355
"612050",354
"612079",353
"A82050",351
"6F206B",351
"757369",350
"2E2049",350
"6F2074",350
"6E6B75",348
"6E2E20",346
"656B6F",344
"61692E",344
"6F6BCA",342
"992074",342
"736969",342
"976ECA",341
"72756E",341
"C69727",341
"6E7475",340
"6170C9",340
"896DCA",340
"6D6979",340
"75276D",340
"70696B",339
"6E6E61",339
"707527",338
"897365",338
"C9A875",336
"A86DC9",336
"752770",335
"6E652C",334
"4170CA",333
"706927",332
"706F2C",330
"736F6D",330
"20756D",329
"896B61",329
"6F7461",326
"616172",326
"2077CA",325
"776579",325
"972772",325
"746170",324
"A877C9",324
"272073",323
"204570",322
"6E6B65",319
"A82772",319
"207361",316
"A86B65",315
"6E612E",314
"6F2069",312
"697369",310
"6D6F27",309
"20656D",308
"6F696B",307
"732070",306
"54CA89",305
"75206D",303
"657574",297
"6F276E",297
"205361",296
"2C2073",296
"276B6F",295
"756E74",295
"77656E",294
"809C49",291
"2C2077",291
"4D6169",289
"726F6B",288
"206D6F",288
"4570CA",287
"652050",287
"61616E",287
"656527",285
"6174C9",285
"4B6127",285
"506161",285
"75746F",283
"6D696E",282
"6D616D",282
"726570",282
"726527",282
"616E6B",280
"70756E",280
"73692E",278
"726575",276
"74696B",276
"697261",275
"6E6BC9",274
"727573",274
"706F73",273
"6E2CE2",272
"2C2070",272
"736577",271
"69726F",271
"206173",270
"54616E",270
"6F272C",270
"756E6B",269
"796174",268
"697461",268
"892079",265
"757269",265
"2E2045",265
"617275",264
"6570CA",263
"65206E",262
"A87365",262
"73C9A8",262
"752079",262
"652073",260
"796572",259
"69206E",258
"A82774",257
"6B77C9",257
"57616B",254
"616169",253
"6B6F20",252
"6B6F74",252
"892050",251
"892077",251
"206569",250
"206179",250
"61706F",248
"A8276D",247
"616E73",247
"706173",247
"69796F",244
"204B61",243
"6E6EC9",243
"697269",243
"617527",242
"6D756E",242
"726174",242
"692E20",241
"21E280",241
"205365",240
"809C45",240
"2C2049",239
"892072",239
"796177",238
"616E6E",237
"E28094",237
"65696B",236
"20546F",235
"CA8977",235
"A87069",235
"6E6172",234
"205069",234
"736972",231
"206B69",230
"207965",229
"506927",229
"206172",228
"20736F",228
"497361",227
"6E6175",223
"6F2065",223
"696B65",223
"72612C",223
"697069",222
"656E2E",222
"692077",222
"6E2050",221
"74616B",220
"796565",219
"657065",219
"746927",219
"A82053",217
"2E20E2",216
"616D69",216
"2C2045",214
"70612C",214
"206D75",214
"612772",213
"736161",213
"896D61",212
"746977",212
"696B6F",212
"746161",210
"2E2053",210
"776127",210
"204127",209
"809C54",208
"2E20C6",208
"276169",207
"20276E",207
"6F7361",205
"612053",205
"72752C",205
"73696E",205
"776170",205
"73696D",203
"612CE2",202
"72696B",202
"809C4D",201
"612027",201
"726574",201
"79616E",201
"7520C9",201
"657261",200
"726173",200
"892774",199
"205461",199
"A82049",198
"272050",198
"656D69",198
"73616D",198
"809C55",197
"6E6573",197
"692073",197
"6B6F6F",196
"8920C9",196
"6B652C",196
"6F2075",196
"692CE2",195
"6972C9",195
"756E61",195
"73616B",194
"652CE2",194
"89746F",191
"6E656E",191
"276D65",190
"207261",189
"204527",188
"696927",188
"756D69",187
"A86927",186
"736570",185
"696E73",184
"796F27",184
"41276B",183
"809C50",183
"6F6B61",183
"6E70C9",183
"727527",182
"79656B",182
"752E20",182
"896B75",182
"6E756D",180
"696E2C",180
"205761",179
"809C53",177
"A87369",177
"776527",177
"6F2072",176
"A86E65",174
"89276E",174
"74656D",173
"6F6E74",173
"50CA89",171
"537572",170
"726175",170
"6F6E6F",169
"897061",169
"6F2061",169
"809C4B",169
"A86E20",169
"727570",168
"726979",167
"2C204B",166
"776F27",166
"2E2020",166
"20616B",165
"616BC9",165
"75206E",165
"497965",163
"A8726F",163
"6E6173",162
"6E6F6D",162
"3A20E2",161
"204979",161
"206BC9",160
"652761",160
"73612C",159
"61204D",158
"89756B",158
"746172",158
"896E73",157
"796577",157
"8974CA",157
"897574",156
"49276E",156
"706F74",155
"6E616B",155
"616E2E",155
"656D65",155
"6B6527",154
"205375",153
"656E6F",153
"6E7069",153
"692053",152
"73656B",152
"656B75",152
"732061",152
"757069",151
"697265",151
"72756D",151
"752077",150
"2E2041",149
"205465",148
"A872CA",148
"692050",148
"206D69",148
"6974C9",148
"6E2053",148
"73204B",147
"747574",147
"6E3B20",147
"536169",147
"6B652E",146
"6B6979",146
"2C204D",145
"897761",145
"2E2050",144
"736F6F",144
"2E204B",143
"276D6F",143
"6F7369",143
"496E61",143
"756927",142
"6D6927",141
"4D6F73",141
"506172",140
"20756E",140
"A8706F",140
"696920",140
"892045",139
"892073",139
"652077",139
"706973",139
"6D6170",139
"776169",138
"6F6973",138
"809C41",137
"756B75",137
"C9A83F",137
"612761",136
"C6976D",136
"61696B",136
"A86BCA",135
"732C20",135
"892041",133
"752720",133
"612049",133
"6574CA",133
"736F72",132
"207527",132
"6974CA",132
"6E6E69",132
"65272C",131
"A82045",131
"204D6F",131
"65776F",130
"656569",130
"89272C",130
"726565",129
"617369",128
"736F27",128
"272045",128
"30206B",128
"656920",128
"557965",128
"746920",127
"6F20C9",126
"3B206D",126
"756E69",125
"896E61",125
"207569",125
"6B6179",124
"273B20",124
"747573",122
"976DC9",122
"204B69",122
"A86EC9",122
"497961",121
"A874C9",120
"747572",120
"696E65",120
"C9A83B",120
"6F7365",119
"697765",119
"72696E",119
"A87574",119
"A87573",119
"697075",118
"756BC9",117
"6F2073",117
"6F6E3F",117
"736F69",117
"497375",116
"617065",116
"6E2045",116
"6F206D",116
"A873C9",116
"73612E",116
"207265",116
"27616E",115
"612045",115
"276B69",115
"6B6161",115
"54C9A8",115
"75706F",115
"746979",114
"616127",114
"72612E",114
"892049",113
"736170",113
"616E27",113
"6E2770",113
"72696D",113
"896E70",113
"897461",113
"752053",113
"6E6574",113
"737527",113
"61206F",112
"736574",112
"6F6E69",112
"79C9A8",112
"CA89CA",111
"89CA89",111
"272053",110
"6E6570",110
"A83B20",110
"3B2074",109
"74616D",108
"697469",108
"6B6927",108
"456B65",108
"896E74",108
"736970",108
"A86B61",107
"A86E6B",107
"737574",106
"736973",106
"4B616D",106
"652053",106
"707520",105
"796173",105
"9C5365",105
"896E6F",105
"A86977",105
"A8204B",104
"73206D",103
"492774",103
"752073",103
"2054CA",103
"736974",103
"204170",102
"206F27",102
"9C4DC9",102
"6F736F",102
"6E7572",102
"657961",101
"273A20",101
"C9A821",101
"6D6527",101
"6E2072",100
"6E6927",100
"896B6F",100
"79656D",100
"203720",100
"2C206E",98
"27736F",98
"C69773",98
"6E206F",98
"2077C9",97
"726172",97
"752CE2",96
"656927",96
"204D65",95
"736F74",95
"49706F",95
"8970C9",95
"205065",94
"277469",94
"756D75",94
"6E652E",94
"20496E",94
"6B756D",94
"6D7527",94
"706F2E",94
"72656E",94
"757375",94
"4D6572",93
"757761",93
"49736F",92
"696E70",92
"6E6174",91
"657469",91
"736975",91
"A8276B",91
"A86B75",90
"202031",90
"757475",89
"74612C",89
"747569",89
"6F70C9",89
"6F6E3B",88
"653B20",88
"6979C9",88
"706572",87
"6F6DCA",87
"9C5061",87
"6B616B",87
"73652C",87
"3B2065",87
"706F70",87
"27726F",86
"4B6979",86
"736979",86
"79613F",86
"457261",85
"6E6F2C",85
"6B7520",85
"6B6F6B",84
"206972",84
"207275",84
"206174",84
"204572",83
"746572",83
"70656D",83
"C69779",83
"204927",83
"756BCA",83
"69756B",83
"206E75",83
"896D75",82
"652079",82
"5572C9",82
"3F20C6",82
"50616E",82
"2EE280",81
"4D6979",81
"547527",81
"4E6169",80
"652777",80
"746577",80
"977965",80
"79616B",79
"70653F",79
"313220",79
"696BC9",78
"6F206E",78
"6977C9",78
"272049",78
"A86B6F",78
"707574",78
"55746F",78
"37206B",78
"6B6920",78
"70616B",77
"6F2077",77
"613B20",77
"277069",77
"203132",77
"206F73",77
"8098C6",76
"98C697",76
"204970",76
"496E6B",76
"616B75",76
"752050",76
"6D612C",76
"70653B",76
"732069",76
"497365",75
"61693F",75
"809CE2",75
"9CE280",75
"776F6D",75
"CA8979",75
"756E70",75
"2E2055",75
"303020",75
"6E6B69",75
"546570",74
"A8204D",74
"6E3F20",74
"756DCA",74
"6F6927",73
"89204B",73
"89752C",73
"747570",73
"696E69",73
"2773C9",73
"6E2049",73
"506972",73
"204E61",72
"4D616B",72
"20416E",72
"896D65",72
"456E74",72
"692049",72
"73693F",71
"73CA89",70
"C69772",70
"A86E6E",70
"6F2E20",70
"6E3FE2",70
"613A20",69
"6B7575",69
"506169",69
"6D6F6B",68
"726170",68
"6E2120",68
"6E7761",68
"3B2069",68
"61204B",68
"9C4927",68
"6D6F20",68
"696D6F",67
"65272E",67
"6E776F",67
"9C4B61",67
"897069",67
"6F692C",67
"6D6F6E",66
"A8273B",66
"506174",66
"32206B",66
"20496B",66
"2C2054",65
"616E77",65
"4D6127",64
"693FE2",64
"652049",64
"27204B",64
"6E204B",64
"613FE2",64
"9C5579",64
"207577",64
"61732C",64
"613F20",64
"536170",64
"496BCA",64
"2C2041",63
"756920",63
"726F2C",63
"65204B",63
"697527",63
"20456B",63
"727577",63
"776175",63
"693F20",62
"457761",62
"977269",62
"A87461",62
"7572CA",62
"73652E",61
"4B616E",61
"506F72",61
"656E77",61
"546127",61
"417361",61
"277265",61
"756977",61
"206975",61
"204172",61
"696E2E",60
"9C4527",60
"693B20",60
"204B6F",60
"616DC9",60
"497061",59
"6E7961",59
"656D6F",59
"204169",58
"706170",58
"69204B",58
"2E2057",58
"6E74CA",58
"3B20C9",58
"546927",58
"C69770",58
"757469",57
"20456E",57
"796F6E",56
"70612E",56
"616E21",56
"6E6565",56
"A86E74",56
"6D612E",56
"536520",56
"6E3A20",56
"747579",56
"C9A8E2",56
"A8E280",56
"6F2050",55
"809849",55
"656DCA",55
"72616B",55
"757527",55
"A82721",55
"72616D",54
"736F73",54
"6EE280",54
"706574",54
"9C4170",54
"65726F",54
"657475",54
"2050CA",54
"9C50CA",54
"A83FE2",54
"2721E2",54
"6E6177",54
"6E6920",54
"73206E",54
"617375",54
"2C2031",53
"6D6179",53
"A8273A",53
"612041",53
"54696B",53
"897520",53
"6B6574",53
"2C3030",53
"303030",53
"706972",53
"6E6979",53
"206F72",53
"897075",52
"A8756B",52
"9C496E",52
"776161",52
"9C4BCA",52
"79CA89",51
"204D75",51
"A87265",51
"6E21E2",51
"A83F20",51
"809855",51
"73696B",51
"9C4974",51
"417075",51
"726F2E",51
"2079CA",50
"456B61",50
"8977C9",50
"A821E2",50
"776F69",50
"6B6F70",50
"203130",50
"272120",50
"54656D",49
"273FE2",49
"9C5461",49
"65732C",49
"273F20",49
"757265",49
"4D6F72",49
"416973",48
"6D656B",48
"736F20",48
"20526F",48
"6F70CA",48
"207375",48
"276174",48
"497461",48
"20416D",47
"89204D",47
"277465",47
"696ECA",47
"746F69",47
"57CA89",47
"656BCA",47
"757569",47
"54656E",47
"809850",47
"652045",46
"809C4E",46
"45706F",46
"CA893B",46
"892CE2",46
"27E280",46
"276D75",46
"4974C9",46
"313020",46
"756E65",46
"732074",45
"9C5369",45
"6F6E21",45
"89692C",45
"9C456E",45
"8970CA",45
"557365",44
"74696D",44
"A8206F",44
"CA893F",44
"692045",44
"3B206B",44
"3F204D",44
"9C5469",44
"A8273F",44
"706920",44
"6B6570",44
"6E6ECA",44
"205765",44
"576579",44
"6B756E",43
"726F74",43
"507527",43
"2120C6",43
"6B612C",43
"416E74",43
"277075",43
"8974C9",43
"9773C9",43
"3F2049",43
"656D75",43
"6F7761",42
"893B20",42
"6B752C",42
"89752E",42
"6E7527",42
"617574",42
"452770",42
"204972",41
"497261",41
"4D756D",41
"896E6E",41
"A82120",41
"736173",41
"696E74",41
"203520",41
"892057",41
"536161",41
"89756D",40
"2052CA",40
"52CA89",40
"A86D6F",40
"79616D",40
"809854",40
"A82041",40
"2054C9",40
"6F7320",40
"897269",40
"9C4E61",39
"50656E",39
"9C4D61",39
"809845",39
"6E6572",39
"536527",39
"C69769",39
"205469",39
"9C4577",39
"752761",39
"4B6172",39
"576170",39
"416E70",39
"35206B",39
"4B696E",38
"2C206F",38
"69776F",38
"6F2CE2",38
"C9A8C9",38
"A8C9A8",38
"69692C",38
"6B7573",38
"6F7061",38
"2C2052",37
"506127",37
"277761",37
"726161",37
"4B6F6E",37
"73693B",37
"653FE2",37
"9C456B",37
"653F20",37
"612721",37
"756DC9",37
"6D752C",37
"6D6570",37
"277375",37
"6F6ECA",37
"757075",37
"203320",37
"752052",37
"732079",37
"757261",36
"A82054",36
"3F204B",36
"6E7320",36
"27204D",36
"277065",36
"C69775",36
"A87961",36
"6F6E3A",36
"737570",36
"6F696E",36
"6E7469",36
"706179",35
"809C57",35
"9C4979",35
"277765",35
"6B6972",35
"A86920",35
"617573",35
"977369",35
"6E2041",35
"616E3F",35
"3F2054",35
"756ECA",34
"9C5761",34
"61273F",34
"69204D",34
"C69774",34
"6E204D",34
"726F72",34
"526F6D",34
"73656D",34
"737520",34
"896E69",34
"73756E",34
"79756E",34
"9C5572",34
"726573",33
"736179",33
"756D6F",33
"696DCA",33
"897965",33
"A86E73",33
"3B2075",33
"776569",33
"6F696D",33
"497765",33
"A86D75",33
"9C54CA",33
"73756B",33
"74612E",33
"6B6969",33
"536927",33
"CA893A",32
"272041",32
"506527",32
"497369",32
"4E6173",32
"A87579",32
"753B20",32
"809853",32
"73613A",32
"205475",32
"557961",32
"65E280",32
"612054",32
"202032",32
"20506F",31
"205265",31
"417061",31
"C9A83A",31
"6F272E",31
"A87075",31
"9C5574",31
"205579",31
"656E3B",31
"706F6D",31
"6E6F2E",31
"207975",31
"206575",31
"79613A",31
"69206F",31
"416D65",31
"6F6EE2",30
"416D61",30
"80984B",30
"61273B",30
"97746F",30
"2777C9",30
"809841",30
"2073C9",30
"656972",30
"A86E70",30
"54616D",30
"80984D",30
"206F6E",30
"6E6B6F",30
"417265",30
"61E280",30
"4B6972",30
"6E2054",29
"4DCA89",29
"616D65",29
"9C54C9",29
"65756B",29
"6E73CA",29
"204977",29
"9C4D69",29
"796574",29
"726970",29
"9C4970",29
"746F73",29
"20496D",29
"736569",29
"53656B",28
"73206B",28
"496E73",28
"616E3B",28
"546527",28
"6972CA",28
"6D6973",28
"72756B",28
"456E6E",28
"736B61",28
"3F2045",28
"732077",28
"616E79",28
"9C546F",28
"205572",28
"72752E",28
"6F2045",28
"536172",27
"536174",27
"61273A",27
"612777",27
"2057CA",27
"61753B",27
"6B612E",27
"6E6F72",27
"3B2061",27
"456D65",27
"753FE2",27
"776F74",27
"204B65",27
"896DC9",27
"652054",27
"697475",27
"732073",26
"893A20",26
"75204B",26
"6570C9",26
"212049",26
"5574C9",26
"416E61",26
"809465",26
"70653A",25
"796579",25
"69273F",25
"72656B",25
"896BC9",25
"556D61",25
"656E3F",25
"456E65",25
"985061",25
"80946D",25
"6921E2",25
"697065",25
"546169",25
"C98472",25
"726179",24
"2C2057",24
"6F692E",24
"653A20",24
"6F2079",24
"536972",24
"79613B",24
"99206D",24
"417761",24
"8099E2",24
"99E280",24
"897765",24
"417961",24
"727574",24
"3B2073",24
"A86E61",24
"7065E2",24
"89692E",24
"4D6174",24
"756B65",24
"72692C",23
"6D6573",23
"412770",23
"6B6572",23
"617475",23
"C6976B",23
"457461",23
"203120",23
"985365",23
"74756D",23
"4BC9A8",23
"53616D",23
"A82031",23
"6F6D69",23
"3F2050",23
"616970",23
"6B6F2C",23
"726F77",23
"89753F",23
"893FE2",23
"417461",23
"65273F",23
"65204D",23
"4B7572",23
"657375",23
"892054",23
"6573CA",23
"737572",22
"7574CA",22
"45276D",22
"212041",22
"756E77",22
"697275",22
"6E6D61",22
"4E6F6E",22
"77656B",22
"985579",22
"536F69",22
"412773",22
"732072",22
"726F69",22
"727575",22
"737461",22
"74696E",22
"557269",22
"4B656E",22
"6F2761",22
"776177",22
"272057",22
"212045",22
"20776F",22
"809474",22
"203620",22
"616E3A",22
"20416B",22
"20C984",22
"6B6177",22
"506573",22
"892052",21
"697975",21
"9C4973",21
"556D75",21
"984B61",21
"A83A20",21
"69273A",21
"9C4573",21
"4B6F72",21
"89206F",21
"656E79",21
"612031",21
"6F2053",21
"21204B",21
"977069",21
"49746F",21
"6E6569",21
"2E204E",21
"753A20",21
"809469",21
"6E2057",21
"A86D65",21
"80946B",21
"847261",21
"204569",21
"746970",21
"506572",20
"557361",20
"6E6179",20
"616979",20
"897527",20
"6B6175",20
"A82057",20
"6E7765",20
"6F7265",20
"3B2077",20
"A8696D",20
"3F2041",20
"61753F",20
"652772",20
"892031",20
"292C20",20
"727569",20
"6E613F",20
"3B2070",20
"69273B",20
"496B75",20
"4F736F",20
"3A2054",20
"526573",20
"496D75",20
"692041",20
"456973",20
"2C2020",20
"2C204E",19
"205573",19
"20456D",19
"3A2049",19
"756E2C",19
"9C556D",19
"706521",19
"546120",19
"A82EE2",19
"697769",19
"9770CA",19
"457265",19
"A827E2",19
"616974",19
"897961",19
"A82037",19
"696D69",19
"746179",19
"372070",19
"697375",19
"752045",19
"9C4D6F",19
"556BCA",19
"756E73",19
"526970",19
"203820",19
"6121E2",19
"69E280",19
"204174",19
"457269",18
"203134",18
"A86E6F",18
"205075",18
"896EC9",18
"9C506F",18
"61693B",18
"657765",18
"736921",18
"736169",18
"706569",18
"4172CA",18
"546179",18
"457075",18
"21204D",18
"74613F",18
"497527",18
"204B75",18
"203131",18
"313120",18
"9C5361",18
"536127",18
"557461",18
"204D69",18
"2777CA",18
"726F73",18
"693A20",17
"313420",17
"984974",17
"746575",17
"6E6579",17
"536570",17
"204173",17
"756E75",17
"616D75",17
"6F3B20",17
"977365",17
"756E6F",17
"9C5465",17
"212054",17
"2C2037",17
"203920",17
"746569",17
"726F6F",17
"496D61",17
"726972",17
"205269",17
"61736B",17
"657374",17
"757065",17
"205261",16
"34206B",16
"6F2049",16
"204DCA",16
"809C52",16
"343020",16
"893F20",16
"41696B",16
"6D7572",16
"753F20",16
"2C2055",16
"736F6E",16
"70696E",16
"6F7469",16
"3F2055",16
"272054",16
"526170",16
"616921",16
"6E70CA",16
"3A20C6",16
"205574",16
"9D206D",16
"6E613B",16
"706529",16
"61753A",16
"206F70",16
"CA89E2",16
"89E280",16
"312033",16
"89204E",15
"206579",15
"736174",15
"203430",15
"6521E2",15
"61756B",15
"6F74CA",15
"CA8921",15
"616E6D",15
"61756D",15
"9C4B69",15
"896B65",15
"9C5573",15
"20556B",15
"6D6F69",15
"204E6F",15
"75E280",15
"736177",15
"6177CA",15
"976977",15
"2C2072",15
"4B6179",15
"77612C",15
"546573",15
"946DC9",15
"726973",15
"809461",15
"9C5569",15
"203420",15
"89276D",15
"416BCA",15
"20312C",15
"332065",15
"6F7261",14
"576172",14
"752049",14
"9C416D",14
"75206F",14
"203220",14
"A86DCA",14
"98496E",14
"6F74C9",14
"976E6B",14
"6F273B",14
"976E6E",14
"726572",14
"6B6F6D",14
"9850CA",14
"746574",14
"656ECA",14
"36206B",14
"9C4B65",14
"897465",14
"692054",14
"322C30",14
"546172",14
"2E2028",14
"696E6E",14
"526F6E",14
