"C3AB20",179291
"74C3AB",103244
"2074C3",59417
"C3AB72",45034
"6EC3AB",43009
"206520",37971
"686520",34522
"646865",33479
"206468",31194
"72C3AB",27683
"C3AB6E",25783
"652074",24600
"736874",22749
"AB2074",20789
"6AC3AB",20655
"C3AB73",20488
"70C3AB",20339
"206EC3",19603
"207368",19575
"71C3AB",18282
"206920",17493
"2071C3",17328
"20646F",16949
"2070C3",16729
"6F2074",16338
"646F20",16271
"696E20",15789
"AB7220",14566
"AB206D",14410
"68C3AB",14143
"AB2064",13745
"206E6A",13374
"697420",13351
"AB206E",13134
"6DC3AB",12897
"206D65",12777
"AB2073",12605
"6D6520",12252
"6BC3AB",11992
"C3AB74",11811
"AB2070",11741
"AB206B",11672
"207469",11469
"6E6AC3",11281
"AB7368",10674
"206D62",10632
"652064",10587
"73C3AB",10381
"6572C3",10311
"206E67",10283
"65206E",10079
"AB6E20",10057
"742065",9997
"697368",9836
"6E2065",9761
"742C20",9670
"657420",9647
"20676A",9626
"207061",9435
"736520",9132
"AB2065",9091
"207468",9076
"207665",8877
"6574C3",8812
"692074",8807
"62C3AB",8636
"206174",8564
"206B61",8536
"6874C3",8395
"64C3AB",8326
"757220",8316
"746120",8261
"746520",8258
"6E6469",8253
"74696A",8237
"676120",8195
"756172",8137
"746920",8132
"726920",8129
"6E6761",8073
"5A6F74",8001
"AB6E64",7963
"2C2064",7950
"65206D",7913
"AB2076",7869
"206B75",7751
"6F7469",7604
"756B20",7505
"722074",7470
"205A6F",7446
"652070",7430
"207072",7365
"676A69",7365
"69206E",7339
"C3AB2C",7320
"20706F",7295
"692064",7276
"206DC3",7266
"206E75",7222
"6E6920",7087
"206BC3",7024
"65206B",6991
"6E756B",6990
"AB2C20",6880
"692069",6821
"6A6574",6755
"207365",6750
"692C20",6723
"766520",6704
"207520",6649
"726974",6530
"742074",6351
"AB2062",6332
"746974",6331
"73686B",6288
"747972",6254
"207369",6250
"652073",6193
"726574",6185
"6CC3AB",6075
"69742C",5992
"616EC3",5960
"736920",5877
"656E64",5862
"736869",5802
"617368",5799
"6174C3",5776
"6F6E69",5761
"AB2067",5738
"617220",5721
"652C20",5699
"746861",5595
"2C2070",5585
"797265",5521
"726120",5407
"2062C3",5374
"206269",5264
"AB7269",5249
"72696E",5211
"652061",5187
"612C20",5174
"AB2061",5109
"6A6974",5098
"7368C3",5091
"742064",5056
"206E64",5017
"736820",4963
"6A74C3",4960
"616A20",4940
"6E2074",4893
"696A20",4885
"2C2073",4870
"207479",4816
"20C3AB",4800
"6F7220",4752
"AB2071",4744
"612065",4732
"696D69",4702
"6C6974",4695
"3A2022",4683
"612064",4681
"627265",4659
"206475",4655
"206469",4653
"692070",4574
"757368",4549
"AB7420",4546
"687465",4543
"657269",4532
"207461",4521
"207427",4504
"696120",4495
"6A6572",4492
"697468",4487
"2C206E",4431
"6974C3",4392
"617420",4392
"747561",4378
"687475",4360
"72206E",4345
"69206B",4342
"206D61",4341
"657368",4330
"6C6C69",4316
"707365",4315
"756E64",4302
"747520",4282
"726520",4265
"6B6520",4236
"69206D",4233
"656E20",4228
"657469",4224
"506572",4215
"7468C3",4203
"657073",4203
"6B6120",4198
"206D69",4177
"646974",4168
"612074",4159
"205065",4151
"6E206E",4120
"6B7572",4114
"206A61",4106
"AB2066",4081
"6973C3",4069
"C3AB6D",4054
"706172",4050
"206A65",4050
"72656A",4022
"AB206A",4003
"746574",3941
"6E64C3",3920
"6E2C20",3854
"AB72C3",3846
"616920",3845
"617261",3830
"20C3A7",3807
"AB2069",3792
"207272",3788
"6D6272",3773
"206169",3766
"C3AB2E",3731
"206B65",3706
"68696E",3702
"61206E",3701
"686120",3694
"756C6C",3686
"207475",3651
"652076",3649
"727561",3639
"206173",3636
"617461",3619
"76656E",3611
"646973",3588
"652062",3578
"C3AB6C",3571
"6468C3",3561
"656C69",3555
"696EC3",3551
"6E2064",3542
"756EC3",3541
"75616A",3526
"207465",3525
"696D20",3518
"6172C3",3510
"626920",3481
"692073",3462
"AB6EC3",3458
"206A75",3458
"6E6A65",3424
"617374",3406
"706F72",3402
"206261",3397
"206973",3381
"686574",3378
"6D6269",3352
"652071",3349
"6C6920",3349
"64756B",3347
"206465",3344
"74696D",3328
"AB206C",3323
"756B65",3309
"6F6920",3304
"AB2072",3299
"706173",3281
"652069",3277
"2064C3",3275
"AB7369",3256
"C3AB7A",3256
"652075",3255
"68656E",3254
"616E69",3214
"736570",3209
"612070",3207
"687572",3202
"6A6EC3",3189
"206B6F",3176
"206B69",3174
"6C696E",3168
"2C206D",3166
"2C2074",3160
"6B6973",3154
"696D65",3107
"207472",3100
"206D75",3090
"6E6420",3067
"757269",3062
"20756E",3020
"742769",2993
"736870",2973
"656A20",2970
"617320",2956
"6A6520",2952
"206172",2942
"6D6920",2932
"656468",2929
"6F6865",2916
"6E646F",2890
"6E696E",2883
"652065",2874
"2C2071",2870
"74206E",2865
"736865",2857
"707265",2853
"6F6AC3",2851
"AB7320",2847
"276920",2840
"6A656E",2838
"62696A",2828
"747572",2825
"74696E",2819
"686572",2814
"617269",2814
"206D6F",2810
"676AC3",2809
"67C3AB",2805
"766574",2801
"C3AB68",2787
"727269",2783
"617469",2783
"72206D",2771
"676A65",2759
"617272",2750
"446865",2743
"746A65",2742
"204A65",2736
"2073C3",2733
"6A6120",2731
"AB6865",2725
"722064",2723
"61656C",2719
"6A2C20",2715
"206C61",2713
"C3AB70",2704
"656A74",2699
"206C69",2699
"76C3AB",2682
"612071",2678
"736875",2664
"206472",2663
"726468",2630
"61206D",2621
"6A7520",2614
"6B6174",2611
"707261",2608
"7A7261",2595
"6D6974",2589
"726165",2587
"497A72",2585
"722C20",2566
"20497A",2566
"C3AB76",2557
"6F6E20",2556
"6F72C3",2523
"6A2064",2520
"75616E",2514
"2C2061",2501
"652067",2498
"6B2064",2494
"206B72",2478
"616C6C",2466
"6F74C3",2458
"2C206B",2457
"72696D",2452
"AB2075",2430
"692071",2427
"6E6465",2425
"6B756E",2418
"752074",2417
"612073",2407
"6D696E",2405
"61206B",2395
"6573C3",2394
"737461",2385
"AB746F",2373
"616E20",2370
"726F6E",2368
"652066",2358
"726973",2356
"6972C3",2354
"2076C3",2341
"AB7262",2340
"6E2070",2338
"69742E",2338
"676A61",2317
"726174",2311
"AB2068",2310
"747269",2309
"6F7320",2300
"72616E",2281
"C3AB3A",2278
"6E206D",2273
"6E6461",2272
"207361",2271
"AB6C6C",2271
"AB7267",2251
"756120",2249
"6A616C",2235
"6E6974",2231
"706F20",2223
"2C2062",2221
"692075",2215
"AB205A",2214
"656E6A",2184
"AB20C3",2177
"656E69",2174
"736120",2172
"70756C",2169
"6A616E",2167
"64696E",2165
"AB7665",2157
"746172",2154
"74686F",2145
"6A6573",2143
"692062",2143
"686A65",2135
"646572",2130
"AB207A",2122
"612061",2122
"732073",2121
"612069",2120
"722070",2118
"696E64",2107
"616D20",2100
"752064",2097
"74616A",2091
"722073",2086
"647265",2080
"6F6A6E",2078
"696E2C",2076
"697269",2070
"206265",2067
"64686A",2064
"646961",2061
"63696C",2061
"4BC3AB",2051
"6E7465",2034
"7AC3AB",2000
"207661",1997
"6F7075",1995
"7272C3",1994
"AB7069",1989
"6A6F20",1977
"626173",1976
"20746F",1975
"6C6CC3",1975
"646920",1970
"206661",1959
"6A7665",1949
"626972",1946
"657465",1933
"AB3A20",1919
"752070",1912
"506F72",1905
"4174C3",1903
"616875",1903
"706F70",1900
"746865",1891
"692076",1889
"3B2064",1887
"74206D",1882
"65206A",1880
"6A2074",1878
"727265",1873
"6D6261",1868
"657665",1861
"6D6F73",1856
"207065",1853
"646875",1850
"AB204A",1840
"657320",1837
"707269",1837
"C3AB67",1833
"6E6A74",1828
"75206E",1818
"65205A",1816
"697520",1815
"616CC3",1797
"742070",1794
"6F7368",1781
"73686D",1780
"65206C",1779
"656C6C",1771
"752073",1770
"206C75",1765
"6E676A",1760
"696469",1755
"6674C3",1747
"732C20",1747
"692061",1747
"AB7274",1744
"726F6A",1742
"74692C",1740
"617479",1725
"617274",1722
"AB726F",1722
"616D69",1718
"72206B",1717
"206275",1714
"722061",1712
"AB7261",1711
"696C69",1711
"656D69",1710
"207165",1704
"692065",1701
"746F20",1699
"6D756E",1699
"206564",1695
"68756D",1694
"616468",1685
"6F6468",1680
"202727",1680
"69676A",1677
"696A74",1674
"72676A",1673
"736861",1668
"626573",1666
"27272E",1664
"696A2C",1662
"206369",1660
"613A20",1658
"206861",1658
"742071",1651
"3A2027",1651
"746F6E",1641
"752C20",1639
"696AC3",1638
"686B6F",1630
"696468",1629
"506173",1627
"687472",1626
"AB2063",1626
"6A206E",1625
"206772",1615
"206479",1611
"206E65",1610
"73696E",1609
"C3AB3B",1606
"742069",1597
"6F7269",1595
"207572",1594
"207669",1590
"C3AB6A",1582
"726173",1579
"692066",1564
"70726F",1553
"20696D",1553
"722069",1552
"20666F",1552
"62616E",1551
"6B6F6E",1550
"68613A",1547
"616C65",1544
"746F72",1540
"6B616E",1539
"6D2C20",1535
"207A65",1533
"20666C",1528
"6C6C61",1526
"AB726B",1526
"646F72",1524
"6F6A20",1518
"756DC3",1515
"657272",1508
"61206A",1508
"6C6172",1506
"616E64",1494
"7A656D",1484
"6F7274",1468
"6D6172",1466
"612062",1459
"747265",1451
"2C2069",1451
"6D62C3",1449
"6E6120",1449
"AB7273",1448
"AB74C3",1444
"697475",1443
"AB676A",1443
"20746A",1442
"642074",1441
"6D6164",1436
"797465",1436
"6D7561",1434
"AB3B20",1431
"656EC3",1430
"616C69",1429
"206672",1427
"73616A",1425
"76652C",1419
"657468",1419
"6B7265",1412
"7274C3",1408
"207179",1402
"656D72",1398
"65204A",1398
"612076",1388
"206272",1387
"6520C3",1387
"72726F",1387
"746174",1386
"206675",1386
"686B61",1380
"617665",1375
"204A6F",1375
"207664",1367
"6D6972",1366
"20706C",1365
"747261",1355
"686F74",1354
"717974",1353
"75206B",1348
"696E69",1348
"6B616D",1348
"206669",1342
"4EC3AB",1340
"72612C",1340
"697369",1340
"626574",1337
"70696E",1324
"732074",1316
"6E6772",1316
"746F6A",1313
"6B7520",1308
"686972",1308
"68616E",1307
"616E6F",1304
"20666A",1301
"71656E",1300
"68656D",1300
"736974",1299
"6C6C6F",1296
"666A61",1293
"657369",1292
"687461",1290
"686920",1289
"757272",1284
"AB6D62",1283
"2C2075",1283
"656B75",1279
"3B2070",1279
"6B7468",1269
"737572",1262
"686BC3",1260
"726573",1257
"696C6C",1256
"742073",1251
"C3AB64",1250
"727275",1249
"6D6265",1245
"646A65",1244
"726A65",1244
"697220",1244
"652072",1239
"696B75",1235
"6F6BC3",1229
"732064",1223
"6E6472",1219
"72652C",1211
"65207A",1208
"64616A",1207
"696A2E",1206
"6A6174",1204
"652050",1201
"706120",1200
"656DC3",1200
"6B206B",1199
"2C206F",1198
"204A75",1195
"6E2071",1194
"204461",1191
"646869",1190
"4A6572",1190
"686B72",1189
"746F6B",1186
"206461",1186
"69206C",1186
"617369",1185
"647561",1185
"687469",1185
"4A7564",1185
"726975",1184
"743B20",1182
"6B7573",1180
"74656A",1179
"AB7272",1178
"6B7561",1177
"20616E",1177
"746869",1170
"616C6F",1169
"C3AB6B",1168
"656A65",1167
"6D656E",1167
"73696D",1166
"6E692C",1165
"6870C3",1165
"69206A",1162
"207075",1160
"4A657A",1159
"653B20",1157
"AB7270",1156
"6A7561",1154
"697469",1152
"676A6F",1151
"7262C3",1149
"6B6F6D",1145
"657A75",1144
"766465",1143
"205361",1141
"206B74",1136
"206F20",1136
"AB6D20",1134
"727965",1133
"AB2049",1132
"616B74",1129
"6F6674",1129
"6E206B",1122
"6D2074",1122
"206E61",1116
"686D65",1115
"6E2073",1110
"207261",1109
"656D20",1109
"207265",1109
"6F6E74",1108
"6920C3",1105
"677269",1105
"6A206D",1104
"743A20",1104
"73686F",1102
"AB6468",1101
"207672",1099
"757264",1099
"2C2050",1095
"6D6574",1090
"6B616C",1089
"6F7265",1088
"617669",1088
"666172",1087
"696BC3",1082
"204D6F",1081
"2C2065",1079
"617267",1079
"616269",1079
"726168",1079
"616A74",1077
"616A61",1077
"612075",1075
"667368",1075
"6B7279",1075
"AB7469",1074
"6D6120",1071
"6B6F6A",1069
"206865",1067
"657275",1062
"687561",1061
"766964",1059
"657072",1056
"626172",1055
"616B75",1055
"69656C",1054
"416920",1053
"61746F",1051
"206CC3",1050
"692067",1047
"AB726D",1045
"6D6275",1044
"446176",1042
"64656B",1041
"205368",1041
"627572",1038
"6E646A",1035
"C3A764",1034
"A7646F",1034
"646F6E",1034
"626974",1025
"6A2070",1024
"677572",1024
"AB7A69",1024
"207573",1023
"68206E",1023
"676A75",1022
"64616C",1020
"756865",1019
"686573",1016
"697465",1014
"7972C3",1014
"757420",1010
"666F72",1009
"6F6EC3",1006
"646574",1004
"646573",1003
"6A7420",1000
"752062",999
"206A6F",999
"697374",998
"727665",996
"6C656D",996
"726966",996
"706174",995
"617468",994
"72692C",992
"72656E",990
"20716F",988
"682C20",986
"727061",986
"6D6F72",982
"696674",980
"536570",980
"6D2064",979
"677275",977
"697320",977
"6F6665",977
"66C3AB",976
"222E20",974
"74616E",973
"646F64",971
"206C65",965
"6C6120",962
"652041",962
"206869",960
"AB7275",959
"277520",955
"726567",955
"75206D",954
"616B6F",953
"6D626C",951
"646861",950
"6C6C65",950
"6C7561",949
"6B6571",948
"612066",948
"20766A",948
"6C696D",946
"696D2C",945
"75742C",943
"6B756C",942
"652049",942
"696E6A",939
"727420",938
"726961",938
"6D696A",937
"766570",934
"65742C",932
"766A65",928
"756A74",928
"6D6F6E",926
"616A6F",923
"6D616C",922
"6B6F68",918
"75722C",917
"6F2071",912
"612067",909
"AB2050",906
"72652E",903
"742775",902
"756E20",901
"706573",897
"206975",897
"6A6967",895
"6A616D",893
"737465",892
"736E6A",888
"727465",888
"556EC3",887
"206572",886
"6A6DC3",883
"20656D",882
"752069",880
"69743B",879
"657461",879
"6A6173",878
"766572",877
"AB6B61",876
"6D6961",875
"207169",874
"AB7461",872
"796572",871
"65676A",865
"616B20",865
"20676F",864
"692072",862
"61726B",862
"653A20",861
"696E2E",861
"2067C3",860
"AB732C",859
"727461",858
"6F6973",858
"6C6C20",857
"446F20",857
"4D6F69",857
"7A7573",854
"6D206E",851
"206879",851
"616A2C",850
"6C6964",850
"6C6F6E",849
"736975",849
"AB7276",848
"757A61",848
"71696E",847
"652068",846
"726F69",846
"61736E",845
"C3A720",845
"716F66",844
"207379",841
"616E61",840
"6E2061",840
"6C6F74",840
"757369",840
"722076",839
"72676F",839
"697074",834
"696A76",828
"74656D",827
"6F6D61",826
"676F6A",822
"647920",821
"687061",821
"676A79",821
"686974",819
"68656A",817
"74206B",816
"7A616C",816
"61722C",815
"AB2053",814
"207A62",813
"72757A",813
"657264",811
"4B7572",810
"626C65",808
"687574",807
"69743A",805
"61726F",804
"716965",801
"682064",800
"6C6174",796
"6A656C",794
"652053",793
"AB2041",792
"6E6475",791
"6D6573",790
"727469",789
"6D2070",787
"6A612C",785
"6B656E",784
"204261",782
"6A2061",781
"6A6172",779
"686568",779
"204A61",779
"617264",777
"6B756A",777
"6E6973",777
"666C69",777
"C3AB22",776
"2E2041",776
"766469",776
"72656D",776
"204162",775
"616C61",774
"68756E",771
"706A65",770
"726F68",770
"766974",767
"6C6967",767
"61206C",766
"6D7269",766
"C3A761",766
"677561",765
"617361",764
"736871",762
"697665",760
"693B20",759
"7A6974",758
"73206E",756
"6A2071",756
"74656E",754
"726F66",754
"686173",753
"62696E",753
"6E6174",750
"6A6970",749
"6C6176",749
"6E6520",749
"646820",748
"20616A",747
"204567",745
"6D6964",743
"726F62",742
"3B2061",741
"207269",741
"727261",741
"646F73",740
"6E6A6F",740
"62756C",739
"45676A",736
"7564C3",736
"6F7365",735
"727567",734
"204D61",732
"756573",730
"76652E",729
"727368",729
"205369",728
"AB6E2C",727
"6F6C69",727
"726B6F",727
"7974C3",726
"6A6F68",726
"6F68C3",726
"6C6574",726
"AB736F",726
"204265",726
"207974",725
"207675",723
"6F2064",721
"627269",721
"686F6E",719
"726F73",719
"72206A",716
"207069",713
"757261",712
"686B75",711
"766573",711
"72796D",708
"207A6F",707
"69207A",707
"767261",707
"646173",707
"732070",706
"20756A",705
"73206B",704
"686174",704
"6F6B61",703
"6120C3",703
"6F2067",702
"6B6574",701
"68206D",701
"6F6875",700
"66726F",700
"6D6572",700
"656E67",695
"657220",694
"507261",692
"647572",691
"204174",689
"6C6973",689
"6B2065",688
"657261",687
"AB7A6F",687
"206F66",686
"722062",685
"76616A",684
"657AC3",684
"6A652C",683
"3B206E",683
"7A676A",683
"706572",680
"697574",679
"656B20",678
"747920",676
"6A2073",676
"207A67",675
"62756B",675
"696A61",675
"617465",674
"6A7469",673
"204173",673
"C3A76F",673
"206166",672
"736970",671
"6C7572",670
"6E3B20",669
"657472",669
"647568",668
"627261",667
"6B206D",664
"682074",663
"722067",663
"6C6C75",662
"3B206B",662
"6A7475",661
"666574",661
"6F206E",658
"207AC3",657
"687520",656
"6B2074",655
"737472",655
"20706A",655
"204B72",654
"2C2076",653
"6A6170",652
"222C20",650
"6C6F6A",649
"667279",649
"64696D",648
"722065",648
"6A6570",647
"72696B",647
"697461",644
"6B2069",641
"746875",640
"696B6F",639
"692068",638
"6F6D62",638
"7567C3",637
"69204A",633
"73206D",633
"6D6973",632
"6F2C20",631
"206875",630
"727220",628
"697061",626
"6D692C",626
"736973",626
"3F222E",624
"6D652C",624
"696168",624
"756E69",623
"6F742C",622
"2E204B",621
"20646A",621
"2C206A",621
"74612C",621
"AB206F",619
"68696B",618
"656369",617
"6C6520",616
"C3AB71",616
"69C3A7",615
"666F6C",615
"6D206D",614
"746879",614
"AB6A20",613
"6C7574",612
"737420",612
"76696A",612
"613B20",611
"6A746F",610
"647269",609
"65C3A7",608
"4B7269",608
"54C3AB",607
"747275",606
"AB2045",605
"61726D",605
"2E2050",605
"74276A",604
"74656B",604
"693A20",603
"766172",603
"646520",603
"696CC3",603
"6A3A20",602
"276A75",602
"722066",602
"7A6F74",601
"20456C",600
"746F69",599
"6B616B",598
"7572C3",597
"7A6A61",596
"687965",595
"72205A",594
"72746F",593
"207A6A",593
"20736F",592
"68696D",592
"2C205A",591
"67696D",591
"657475",589
"7374C3",588
"726B75",588
"206E78",587
"6A206B",587
"68652C",587
"722071",585
"73682C",583
"616A69",583
"AB2042",583
"687420",582
"6A6F6E",582
"6F7261",581
"6C6A65",581
"68752C",579
"AB222E",578
"6C6972",578
"707573",577
"626174",576
"2E2044",575
"6A696E",575
"726D69",575
"6B7261",575
"4A6F7A",575
"736961",574
"692079",574
"652045",572
"6F6E61",572
"657520",571
"6D2071",570
"6F6269",570
"6F7420",569
"6C657A",567
"6E6F6E",566
"616469",566
"C3AB3F",566
"6C692C",566
"AB7169",566
"616C74",566
"616D61",564
"536865",564
"AB6E67",563
"6D6174",560
"6B7269",559
"746F68",559
"66696C",558
"646A61",557
"6A3B20",556
"726F72",556
"65742E",555
"63C3AB",555
"617664",554
"667269",553
"65204D",551
"742E20",550
"682070",550
"737974",549
"6F6A61",549
"617265",548
"20626F",547
"64616E",547
"4A612C",546
"6A616B",546
"696865",546
"616265",545
"752061",544
"716520",544
"727572",543
"736E69",543
"6F7465",543
"726176",542
"61205A",542
"686172",542
"616AC3",541
"6F206D",541
"742061",541
"75612C",541
"75206A",540
"707469",540
"727361",539
"697361",538
"757274",538
"70616C",538
"647275",537
"6B696D",537
"6B656D",537
"75726F",536
"657361",536
"AB6E69",535
"70656E",535
"736F6E",535
"205061",535
"AB204D",535
"20224B",534
"6E2062",533
"206F73",533
"6C696A",533
"686170",531
"70756A",531
"204BC3",530
"70756E",530
"706C6F",530
"7A6864",530
"61722E",528
"656865",525
"AB70C3",524
"6D6A65",524
"206574",524
"6C616B",523
"204B61",523
"706920",523
"20656E",522
"206673",520
"642C20",520
"736172",520
"6B6F69",519
"6F7375",519
"747368",518
"6F7661",518
"756674",517
"72653A",516
"417461",516
"666973",516
"7A6574",515
"69612C",515
"AB2E20",514
"6C7566",514
"696E74",514
"73696B",513
"696775",512
"723B20",511
"AB726A",510
"766120",509
"AB722C",508
"6A696D",508
"6C6173",507
"6D616E",507
"6D7572",507
"697261",506
"AB742C",506
"6E642C",506
"737561",506
"757169",506
"207374",505
"756AC3",504
"617475",503
"20416D",502
"65746F",501
"656C65",501
"617165",500
"756C69",500
"2C2067",499
"6B7574",499
"61706F",499
"6C2C20",497
"20756C",497
"756468",497
"6F6C6C",496
"6A6F74",496
"20616C",496
"4E756B",495
"204861",495
"69205A",495
"667571",495
"AB6D69",493
"6C7461",493
"74652C",492
"756269",492
"742075",491
"AB7365",491
"706973",491
"722075",490
"AB2020",490
"6B6A6F",489
"6170C3",489
"206775",488
"68616D",488
"676174",488
"6D6173",487
"6F206B",487
"612072",487
"752075",486
"687169",486
"206B79",486
"696A69",485
"50C3AB",484
"206B6A",483
"706C61",483
"746820",483
"204761",482
"74692E",481
"692049",481
"706F73",478
"726775",478
"752076",477
"4D6F73",477
"726572",477
"6D7261",476
"697272",476
"617061",475
"696F6E",475
"6F2070",473
"6A2069",473
"6A656D",473
"204468",472
"736A65",472
"74726F",472
"6E6775",471
"64656E",469
"626A65",469
"65732C",468
"417368",468
"667469",468
"796DC3",467
"6A6564",467
"746572",466
"6F2073",466
"617375",465
"65204B",464
"616E74",464
"6A656B",464
"6F6A6D",463
"64726F",463
"6D656A",462
"6B7920",461
"72696A",460
"207175",460
"72656B",460
"546920",459
"69726F",459
"6E6576",459
"74756E",458
"75722E",458
"20736B",458
"4B7573",457
"6E6573",456
"692041",454
"666C61",454
"456C69",454
"6F6469",453
"652042",453
"616472",452
"AB6C69",451
"62696D",450
"646F6C",450
"736174",449
"757465",449
"6B7275",449
"697365",448
"6E6F6A",447
"206961",447
"2C206C",447
"4A616B",447
"6B6F62",447
"62656B",446
"616861",446
"6E2076",446
"65676F",445
"204C65",445
"6C6564",445
"6C656E",444
"2C2066",443
"65726F",442
"207A68",442
"6173C3",440
"21222E",439
"706972",439
"652E20",438
"20224E",438
"6A6567",437
"64696B",437
"66756E",436
"657669",435
"20224D",434
"656D70",433
"6B7570",432
"736866",432
"6D7075",432
"74222E",431
"657165",431
"61756C",431
"656875",430
"656B6A",430
"536175",429
"20224A",428
"206679",428
"6B2075",426
"6C6F6D",426
"746973",425
"6A6920",425
"207161",425
"657265",424
"696E61",423
"6F7272",423
"72657A",422
"692053",422
"617A69",422
"726D62",421
"61207A",419
"75206C",419
"7665C3",419
"66616C",419
"71696D",418
"6F2061",418
"6E6961",416
"6E2066",415
"796520",415
"6A6168",415
"68746F",415
"65222E",414
"756BC3",414
"656775",414
"696C61",413
"62726F",413
"6F6672",412
"612068",412
"687065",411
"656E2C",411
"657473",411
"707572",411
"746972",411
"696A3B",410
"6D2073",410
"687972",410
"6F7369",409
"206563",409
"AB204B",409
"6F2076",409
"656AC3",408
"692050",408
"687479",408
"6E6A76",408
"62616A",407
"AB732E",407
"6A796B",407
"6A2075",406
"6B206A",406
"72204A",406
"7A6272",405
"72616B",404
"206361",404
"74612E",404
"726976",404
"6167C3",403
"C3A76B",403
"6E676F",402
"63616B",402
"647261",402
"656B69",402
"6F6261",401
"66616D",400
"6D616A",400
"686661",398
"617020",398
"676F69",398
"3B206D",398
"2066C3",397
"646F6A",397
"206E69",397
"6E2067",396
"726170",394
"6E6F72",393
"736967",393
"6B20C3",393
"75726D",393
"657273",392
"657574",392
"656A61",391
"7A7561",390
"6D652E",389
"204973",388
"202241",387
"7A7665",387
"3B2073",386
"666974",386
"6A2065",385
"207375",385
"677261",385
"7273C3",385
"797420",385
"68646F",385
"204E65",385
"6B656C",385
"627573",384
"68656C",384
"666174",384
"6A652E",384
"732069",383
"20766F",382
"70616B",382
"696A65",382
"676A20",381
"656D62",381
"62616C",381
"6F6E6A",380
"732075",379
"727570",379
"716574",378
"6F6A65",378
"797368",378
"6A2062",378
"79656E",378
"20686F",378
"6B6A65",378
"752065",377
"AB7A76",377
"7A696D",377
"AB7475",377
"6B6F6B",376
"6C656A",376
"736B75",376
"2072C3",376
"617A68",375
"6D696C",374
"20616B",374
"206170",373
"726265",372
"686F6A",371
"73692C",371
"616261",370
"756C75",370
"AB7375",370
"696C6F",370
"696C6A",369
"666572",368
"6B7469",367
"742076",367
"736563",366
"7A6F68",366
"AB2047",366
"6D6A61",365
"756D62",365
"AB7A20",365
"76616C",365
"64692C",365
"687069",365
"AB6E2E",364
"2C20C3",364
"6D6279",364
"746573",364
"2C204A",364
"6A7573",364
"6B7475",364
"6166C3",364
"656A76",363
"686D69",363
"686E69",362
"667573",362
"6C756D",362
"62696C",362
"6E7972",362
"7369C3",362
"682073",362
"682065",362
"687072",362
"4C6576",362
"A76164",361
"7A6920",361
"796C6C",360
"AB6C71",360
"617120",359
"756D69",359
"456468",359
"756C6F",358
"AB6E79",358
"6F7263",358
"6D6971",357
"20726F",357
"204D65",357
"202253",357
"686F72",357
"AB6E6A",357
"727365",357
"72726A",356
"20626C",356
"6C6F6B",356
"697274",356
"696D2E",355
"7174C3",355
"AB6769",355
"746173",353
"42696A",352
"686B65",352
"61204A",352
"676A3A",351
"205365",351
"416172",351
"6F6162",350
"6C616A",350
"646120",349
"72692E",349
"65736F",349
"616A6D",349
"616A2E",348
"617069",348
"657374",348
"467279",347
"6D72C3",347
"6570C3",347
"752071",347
"46696C",347
"736F6A",347
"616673",346
"727475",346
"AB2044",346
"656A6E",345
"746D65",345
"6F70C3",345
"206120",344
"20506F",344
"20736A",344
"656B74",344
"616D62",344
"6F6C6F",344
"AB7361",343
"667974",343
"797479",343
"766567",343
"697422",343
"6F206A",342
"6F205A",342
"6B6170",341
"732065",340
"6A7461",340
"20696B",340
"736F74",340
"657075",340
"757270",339
"61732C",339
"6C6F69",339
"204669",339
"6F6D6F",339
"6D2069",339
"AB726E",338
"3B2074",338
"726968",338
"3F2727",338
"204169",337
"646971",337
"656D74",337
"76617A",337
"616F6E",337
"53616C",336
"74652E",334
"C3A766",334
"A76661",334
"6B746F",334
"74693A",334
"6F62C3",334
"626F72",333
"616974",333
"204269",333
"706974",333
"204161",333
"61742C",332
"686575",332
"69746F",332
"652044",332
"202250",331
"716973",331
"726DC3",331
"6B6175",331
"756465",331
"7420C3",330
"6B7562",330
"752072",330
"73676A",330
"416272",330
"224A61",328
"69736E",328
"692045",328
"76653B",327
"AB7A65",327
"7220C3",327
"426972",327
"706162",327
"206C6C",326
"C3A775",326
"642064",326
"686F68",326
"722072",325
"73656E",325
"616672",324
"616C75",324
"204672",323
"696B61",323
"617367",323
"652020",323
"6F2066",323
"6A6465",323
"796574",323
"757374",323
"6F6E2C",322
"2C2041",322
"4DC3AB",322
"737469",321
"792064",321
"61746A",321
"616E65",321
"732071",320
"7520C3",320
"6C6169",320
"74752C",320
"54616E",319
"AB7264",319
"6B6166",318
"6F73C3",318
"72206C",318
"726F76",318
"69204D",317
"C3AB21",317
"6F2069",316
"656669",316
"207079",316
"6B6F70",315
"69206F",315
"AB6E61",315
"756A64",315
"726964",314
"736972",313
"657274",313
"696E3B",313
"6A6576",313
"72612E",312
"6C6573",312
"6E6574",312
"6F626F",312
"6571C3",311
"61736B",311
"206D6A",311
"6B2070",311
"726F64",310
"6E696B",309
"716974",308
"204865",308
"652046",307
"6C6F64",307
"726D65",306
"656E2E",305
"656E74",305
"612050",305
"686F73",305
"68206B",305
"6E7561",304
"6A2076",304
"6A656A",304
"726269",304
"612079",304
"AB6AC3",304
"667275",303
"626F74",303
"726D61",303
"426574",303
"6A6F6A",303
"746570",302
"6C2064",302
"66746F",302
"426162",301
"706171",301
"74616C",301
"686570",301
"656D2C",300
"656C61",299
"AB7268",299
"646F6D",299
"697473",299
"756C65",298
"74206A",298
"64656D",298
"706170",298
"726B61",297
"4D6520",297
"616BC3",297
"6E3A20",297
"53686B",297
"202074",297
"6D6F74",296
"642065",296
"466172",296
"766F67",295
"69222E",295
"C3A76D",295
"726E64",295
"6F7468",295
"6B6F72",294
"757074",294
"676F64",293
"696E63",293
"66616A",293
"732062",292
"64656C",291
"686571",291
"732076",291
"6C6961",291
"6E6A61",290
"6F2062",290
"C3A76C",290
"667261",290
"75612E",290
"747574",290
"617573",290
"752066",289
"616461",289
"652047",288
"AB2048",288
"206761",288
"4A6568",288
"726BC3",287
"72653B",287
"497361",287
"692063",287
"206F6C",287
"686DC3",285
"70696B",285
"756173",284
"756B75",284
"72616F",284
"68696C",284
"AB7664",284
"4E6761",283
"656E61",283
"726568",283
"53616D",283
"696D62",281
"617A61",281
"72616D",281
"6B7420",281
"656B6F",280
"646968",280
"6E74C3",280
"6A752C",278
"6B7566",278
"696A6E",277
"696DC3",277
"204661",277
"73652C",277
"73682E",276
"417469",276
"6F6D69",276
"696173",276
"6F67C3",275
"6D206B",275
"617564",275
"207275",274
"6E206C",274
"507365",274
"726171",274
"A76C69",274
"666171",273
"76696E",273
"75742E",273
"742062",273
"616B61",273
"A76B61",272
"6E756D",271
"6F20C3",271
"207A69",271
"6D7461",271
"756461",271
"206665",270
"767572",270
"652063",270
"416269",270
"6D2061",270
"617273",269
"79742C",269
"706961",269
"66616B",269
"697A6F",269
"757273",269
"212727",269
"69686D",268
"752067",268
"204E61",268
"726172",268
"42656E",268
"6F7A65",268
"69756E",267
"6E642E",267
"AB6E74",267
"726A61",267
"726761",267
"692E20",267
"69656A",265
"676172",265
"6C616D",265
"6F7065",264
"796EC3",264
"61696D",264
"6F7264",264
"656D65",264
"706175",264
"AB6D2C",263
"6D626A",263
"716172",263
"616869",263
"6B6961",263
"617AC3",262
"676F68",262
"756A76",262
"722068",261
"6E696D",261
"656272",261
"75746A",261
"64686F",260
"726972",260
"6C6962",260
"716572",260
"6C6E69",260
"4D6272",260
"7A696E",259
"616E2C",259
"616865",259
"756E2C",259
"73206A",258
"506F20",258
"6B2061",258
"204D69",258
"6B6F20",258
"73616B",258
"756E67",258
"6A206A",258
"72617A",257
"733B20",257
"AB7A75",257
"202254",256
