"207269",56365
"726920",41931
"206368",30601
"63CB88",27167
"CB8861",26327
"CB8820",26158
"636869",24534
"61CB88",15628
"2063CB",14703
"69CB88",14567
"616E20",13449
"207275",13002
"717569",11982
"612072",11481
"886120",11246
"206361",10758
"CB8875",10443
"686920",10094
"656C20",9464
"CB886F",9042
"692072",8971
"6D6120",8903
"207461",8608
"206E69",8603
"612063",8603
"7269CB",8039
"696A20",7855
"6BCB88",7695
"616368",7561
"207175",7506
"616A20",7355
"6E2063",7321
"697175",7277
"207769",7214
"656B20",7123
"63616E",7052
"882072",7039
"717565",6959
"207920",6609
"6A2063",6469
"6C2072",6383
"636875",6274
"746120",6221
"882063",6184
"692063",6152
"206D61",6136
"69206E",6109
"6E2072",6054
"207965",6035
"6A756E",5881
"756D61",5800
"756E20",5671
"636861",5530
"71CB88",5494
"68CB88",5403
"6368CB",5398
"652072",5357
"887569",5230
"206A75",5176
"65CB88",5149
"207061",5106
"726979",5076
"692078",5069
"696368",4989
"6A2072",4974
"78696E",4877
"886F20",4845
"686971",4803
"706120",4604
"7961CB",4505
"692079",4419
"697869",4411
"696E20",4322
"CB8869",4297
"206163",4269
"636865",4178
"696320",4172
"207861",4073
"696E29",4038
"686520",4037
"652028",4036
"696F73",4033
"697969",4015
"62696A",3967
"6E2920",3964
"44696F",3953
"656368",3950
"204469",3916
"2C2072",3840
"686963",3839
"72756D",3825
"74656B",3807
"207875",3752
"6971CB",3672
"202872",3672
"692044",3670
"726978",3651
"6163CB",3650
"776920",3606
"656E20",3598
"287269",3563
"726963",3557
"207465",3521
"207961",3398
"6963CB",3379
"6E656B",3371
"2E2059",3344
"6C616A",3323
"747A69",3293
"69204A",3289
"207874",3272
"2C2079",3268
"6F6E20",3262
"204A65",3242
"6B2072",3226
"62656C",3202
"776563",3194
"636820",3191
"727563",3176
"77696E",3175
"206E75",3167
"786120",3167
"726520",3084
"756520",3081
"CB8865",3058
"62656E",3054
"616265",3023
"4A6573",3022
"756269",3004
"756920",2976
"616C61",2962
"6F7320",2951
"62616E",2922
"292063",2922
"68756B",2919
"6F6A65",2902
"652063",2898
"617265",2897
"205920",2888
"696E65",2878
"207469",2829
"756963",2799
"756368",2797
"787175",2748
"CB882E",2713
"792072",2701
"207871",2695
"6C2063",2683
"617269",2675
"6E6963",2667
"697961",2664
"692061",2654
"206B61",2653
"6B61CB",2607
"2C2078",2607
"CB882C",2602
"207265",2593
"882C20",2589
"592072",2578
"6573C3",2566
"C3BA73",2561
"756B61",2559
"73C3BA",2558
"612074",2554
"686172",2550
"207065",2533
"6E2074",2533
"6869CB",2528
"726971",2526
"6E696D",2526
"796520",2514
"6F2063",2504
"696269",2500
"796978",2478
"6D616A",2469
"697765",2463
"882078",2461
"696D61",2456
"205269",2442
"79696E",2434
"207865",2426
"7563CB",2420
"75747A",2370
"69747A",2351
"616D69",2350
"6F6A20",2337
"88696A",2333
"616B20",2321
"706520",2290
"787469",2257
"61206E",2250
"612079",2245
"612078",2239
"692077",2229
"7ACB88",2225
"747ACB",2222
"6A656C",2206
"6F2072",2187
"616C20",2186
"882074",2158
"757765",2128
"6E6F6A",2121
"2C2063",2097
"88616C",2095
"69206D",2071
"697820",2070
"206BCB",2069
"682072",2048
"7A696A",2035
"526979",2031
"207969",2019
"616D61",2011
"8861CB",1987
"696C61",1985
"2E2052",1983
"616A6F",1962
"787562",1957
"6E2079",1926
"6E6971",1890
"20656C",1863
"61206A",1849
"6563CB",1836
"74616B",1814
"6E206E",1803
"656A20",1802
"696265",1797
"69206B",1787
"61706F",1784
"6A2074",1773
"732072",1758
"776163",1756
"6E2078",1753
"20747A",1748
"6FCB88",1736
"612071",1725
"756BCB",1720
"756572",1712
"687577",1703
"206E61",1702
"207863",1693
"6D616E",1679
"792078",1655
"727577",1655
"75CB88",1655
"732C20",1643
"657269",1621
"692074",1615
"52756D",1596
"756962",1581
"BA7320",1570
"63616D",1569
"796F6A",1566
"726973",1560
"796563",1560
"632072",1557
"63686F",1550
"70616E",1538
"6B2063",1535
"88656C",1532
"88616A",1529
"696261",1518
"6861CB",1502
"6B2078",1501
"886162",1501
"88756C",1495
"692071",1476
"207261",1476
"792063",1476
"886172",1471
"6C61CB",1467
"657461",1461
"696BCB",1460
"61206D",1456
"756261",1455
"886F6A",1454
"696E61",1445
"88206E",1435
"526920",1421
"207869",1404
"69636F",1402
"6C2C20",1400
"206977",1394
"6E2061",1374
"692069",1369
"75696E",1365
"727562",1363
"6E696B",1362
"616A75",1356
"6B6163",1352
"612C20",1340
"697420",1335
"882E20",1334
"696C20",1324
"732078",1322
"636120",1319
"632063",1317
"6F6E6F",1312
"882079",1304
"6A2C20",1304
"657920",1291
"7769CB",1285
"73746F",1271
"74656A",1271
"612070",1269
"62696C",1268
"686977",1268
"756979",1266
"732063",1259
"726F20",1254
"886178",1253
"292072",1250
"74696E",1248
"207574",1242
"6E2077",1230
"757061",1229
"6E7562",1229
"7965CB",1229
"6A6FCB",1224
"6E6962",1220
"696B61",1219
"6A6F6C",1217
"616E61",1210
"6C656E",1206
"697269",1202
"796120",1194
"6C2074",1191
"617461",1181
"697374",1181
"6E2C20",1173
"756265",1167
"886173",1161
"756977",1156
"20726F",1154
"616E6F",1153
"69206A",1149
"C3A16E",1145
"65726F",1140
"786368",1126
"747A65",1124
"727574",1121
"687570",1119
"6F6C20",1111
"782063",1105
"6C616C",1094
"886574",1094
"692070",1091
"726F6E",1087
"886163",1080
"626579",1072
"6E2071",1065
"205275",1064
"796163",1058
"616A69",1055
"616E69",1052
"6B6120",1049
"696A6F",1049
"206A61",1047
"73616A",1044
"756C65",1035
"74616D",1033
"882070",1033
"592063",1014
"757961",1002
"657275",1001
"206170",997
"746F20",990
"887574",985
"6D6163",979
"6D6172",974
"782072",965
"652C20",964
"207761",961
"617320",961
"72756B",957
"6F732E",956
"207862",950
"626520",950
"6F732C",940
"72616A",936
"20616A",933
"6E2070",919
"652077",914
"776520",914
"706F20",913
"706F6E",913
"6C6566",908
"596163",903
"6F6C61",896
"756A20",892
"7265CB",891
"202878",889
"886174",886
"7571CB",883
"616BCB",880
"617765",875
"756974",875
"887561",874
"746962",871
"7A656C",869
"692043",868
"6A2070",861
"686972",851
"796974",850
"43616E",849
"756978",849
"6F6BCB",848
"61736C",842
"757761",841
"6A2079",834
"612077",832
"206265",829
"6E616B",825
"69796F",825
"736C65",824
"746963",822
"886F6C",821
"696361",815
"697920",815
"6E61CB",810
"6A6166",805
"616361",802
"CB8878",802
"8875CB",801
"657420",801
"617861",795
"747A20",794
"756C20",794
"697965",790
"20C2BF",788
"6F2C20",787
"692C20",783
"74696A",783
"692041",782
"61206B",782
"6E616D",781
"697769",781
"726163",780
"6D6974",780
"206E62",778
"206B69",777
"696E69",776
"756E61",773
"732E20",772
"A16E69",772
"207369",770
"6F6320",769
"6A2E20",769
"6A65CB",767
"74616A",765
"786963",762
"616375",760
"6E6120",758
"2071CB",758
"617761",754
"6E206B",753
"616A61",748
"612061",746
"652074",742
"72696A",734
"617465",729
"6E616C",729
"612E20",725
"204361",724
"63616A",724
"696E6F",721
"732079",720
"77616A",709
"6C2E20",706
"61747A",701
"657820",700
"6F6C6F",699
"742072",697
"736962",696
"6E206D",691
"207775",690
"7A696C",689
"73616D",689
"653A20",688
"20796F",687
"786178",685
"742063",681
"692050",681
"206974",677
"757361",675
"686F6A",674
"616C65",673
"6E7563",672
"756971",672
"207361",669
"656C2E",668
"697461",665
"692075",665
"887820",664
"205065",660
"592074",658
"6261CB",657
"616B65",654
"636872",653
"6A7361",653
"204372",652
"6E2E20",649
"6F2070",649
"75696B",641
"437269",640
"886962",639
"787563",639
"6F2077",639
"697361",639
"6A6F6A",639
"506572",637
"696A2C",636
"6E206A",635
"2C206D",633
"6A696E",632
"78616A",631
"6D6920",629
"6C616E",626
"6E6F6E",626
"696A2E",625
"656C2C",622
"757475",622
"2E2043",621
"652920",621
"6F7465",620
"777571",620
"69206C",620
"6C6573",618
"6F796F",616
"687269",614
"756C6F",613
"757769",612
"61656C",611
"786265",608
"6A2077",605
"737261",604
"726165",604
"416A61",601
"79206E",601
"20416A",595
"752028",595
"65747A",593
"727573",592
"787520",592
"6E6269",590
"204D61",589
"6F2078",584
"746971",583
"6C2079",579
"657175",578
"7461CB",577
"6B6F6E",577
"6F6368",574
"20636F",573
"6F6A6F",571
"786563",569
"88206D",567
"786F6B",567
"7569CB",563
"616620",562
"882071",561
"756B75",559
"617865",556
"6A2078",554
"792079",552
"652071",548
"616A73",548
"6E6174",547
"69786F",546
"206E74",542
"652E20",542
"697363",542
"20786B",541
"746173",541
"3A2052",539
"62696E",539
"692073",538
"646973",534
"656C69",532
"6B6974",532
"C3AD70",532
"6B2074",531
"636F6A",531
"70756C",530
"747A75",530
"6C2070",529
"6D616C",529
"7363C3",529
"63C3AD",529
"AD7075",529
"697475",528
"70C3AD",527
"726974",527
"882077",527
"C3AD72",525
"AD7269",525
"656C65",525
"7370C3",524
"73616E",524
"C3A173",523
"79206D",522
"2E2058",522
"6E2062",522
"6A206E",520
"6361CB",517
"616261",516
"6E2069",515
"6269CB",513
"6C2078",511
"657465",511
"6C6F73",508
"206177",504
"2C2074",504
"636F77",504
"6F7769",504
"68616B",504
"20786F",501
"6E6162",501
"6A2071",501
"796F6E",499
"6F6D20",496
"6B2C20",492
"636F6C",490
"6B2079",489
"8869CB",488
"657375",484
"6C206E",484
"206978",484
"88206B",482
"63756B",482
"2C206E",480
"74756A",479
"A17320",479
"6B6162",478
"792074",477
"BA732E",476
"6A6179",475
"7863CB",475
"C3B36E",474
"886F62",474
"206375",474
"776574",473
"617374",471
"637269",470
"6C6974",470
"592079",469
"626978",469
"656E2E",469
"756372",468
"204A75",468
"206261",467
"656620",467
"737563",465
"656E61",465
"6B206E",465
"7865CB",464
"6A6162",464
"697761",464
"616269",463
"632C20",463
"787475",462
"88616D",461
"656B2E",459
"206973",458
"756375",456
"757469",456
"6F6B6F",456
"6E6265",455
"6E6974",452
"737461",450
"616E65",450
"612065",450
"6B69CB",450
"786572",449
"697775",449
"74696B",449
"6F2074",446
"6F2071",445
"882061",445
"886F6E",444
"697372",443
"756973",443
"75616E",438
"206963",437
"6F7020",435
"78656C",435
"75696A",434
"6C2077",432
"77616C",432
"697065",431
"205961",430
"88206A",429
"656E2C",428
"656265",427
"62656A",427
"692E20",426
"686F63",425
"6DC3A1",424
"61626C",423
"612069",422
"6A206B",420
"706F6B",420
"206E72",417
"20706F",414
"74616C",411
"6F2079",410
"206DC3",408
"592078",406
"656B2C",406
"616C2C",403
"886179",402
"696A3A",400
"69632E",399
"586120",398
"657361",395
"747520",394
"75692C",394
"72652E",393
"6A3A20",392
"287861",392
"68696C",391
"6C6F6B",390
"205061",389
"75692E",388
"6E616E",387
"657320",386
"69204D",385
"662C20",385
"6A2065",384
"65206E",383
"205861",383
"616B69",383
"65206B",383
"6C6F6E",382
"75696D",380
"6A7562",380
"74612E",378
"74612C",377
"617875",376
"706572",376
"652061",375
"6B6174",374
"6D6973",374
"69204C",373
"202861",373
"882069",373
"517565",372
"2E2050",372
"786C61",370
"6E2075",369
"6F6E61",367
"6F7869",367
"727579",366
"617220",365
"756563",364
"746170",363
"2C2070",363
"61746F",363
"616320",362
"656BCB",362
"697365",362
"77652C",361
"617869",360
"887565",359
"416368",359
"204573",354
"73206E",353
"617469",352
"BA732C",351
"6B616A",351
"616C63",348
"6F206A",348
"617969",347
"3A20C2",347
"756469",347
"7A696E",347
"6C6F74",346
"652070",345
"6A6177",344
"77C3A1",344
"506162",344
"626C6F",344
"206C6F",343
"616A2E",343
"7065CB",342
"732074",341
"686177",340
"6E7761",340
"682063",339
"79616E",337
"6F7761",336
"727564",335
"6E6979",335
"6D696C",333
"736578",333
"6C6F20",332
"756574",332
"637563",332
"7565CB",332
"692062",331
"6E7261",331
"756A75",331
"6A206A",330
"63682E",330
"656C61",329
"63682C",327
"786B61",327
"75652E",327
"6A2061",326
"74656E",325
"75616A",325
"457370",323
"682C20",323
"652079",323
"204C6F",320
"207765",320
"746174",320
"6F2E20",319
"69632C",319
"632E20",318
"787574",317
"696375",316
"4C6F6B",315
"696D6F",315
"692028",314
"757420",313
"697863",313
"756529",312
"65206A",312
"77692E",312
"6A2045",311
"6B7562",311
"636F6D",310
"6F206E",309
"6C206A",309
"746F2E",308
"612075",308
"6D61CB",307
"6E7579",307
"63C3A1",307
"796572",307
"6C2071",306
"617820",306
"632074",306
"6E696E",305
"617065",305
"792C20",305
"886170",305
"786529",305
"6E656C",305
"6F6C69",304
"61636F",303
"C3AD61",303
"617462",303
"746265",303
"6C6579",302
"6A616E",301
"757975",301
"657761",301
"64726F",301
"6B2E20",301
"616C2E",299
"205175",299
"686F70",298
"B36E20",298
"2063C3",298
"692053",297
"C2BF41",297
"792071",297
"206D6F",297
"75616C",296
"287865",296
"636F74",296
"656472",296
"6E747A",296
"657220",295
"786562",295
"726574",295
"506564",294
"72616C",293
"617961",292
"886F6D",292
"616B61",292
"63756D",292
"6A6E65",292
"746F2C",291
"286163",291
"206C65",291
"4D6120",291
"BF4163",290
"205469",290
"592071",290
"786261",289
"6D2072",289
"786520",289
"776929",289
"692920",289
"692052",288
"6F6220",288
"63612C",288
"696E63",288
"787579",287
"656E74",287
"75653A",287
"777563",287
"7761CB",286
"727571",286
"6B6177",285
"43CB88",284
"292077",284
"6D6F6C",283
"626174",282
"72653A",282
"617920",282
"6F206D",282
"786962",281
"616A2C",281
"786162",281
"736163",279
"613A20",279
"88616B",279
"63612E",278
"616D6F",278
"6F7820",278
"696E62",277
"7A75CB",277
"61796F",276
"292074",276
"6C63CB",275
"67656C",274
"6F7261",273
"A16E67",273
"6E6765",273
"6C2061",273
"796562",273
"73C3A9",272
"617769",272
"2C2061",272
"686170",271
"207072",271
"757465",270
"697469",270
"736971",270
"686962",269
"6E2065",268
"6E6F20",268
"592077",268
"6A2920",267
"787461",266
"722063",266
"726179",266
"77692C",265
"6A2028",265
"73616C",264
"796571",264
"616365",263
"696E2C",263
"662072",263
"6E2028",262
"786F6A",261
"6E746F",260
"6E7461",260
"637573",260
"6E2073",260
"78747A",259
"796172",258
"C3A973",258
"697061",258
"636174",258
"78636F",258
"292078",258
"6F6B20",258
"796574",257
"6A756A",256
"54656B",256
"6B2070",256
"77652E",256
"6B2071",255
"6D696E",254
"207365",254
"20C3A1",253
"6B6520",253
"616C69",252
"2E2051",252
"6C206B",251
"696A61",251
"6C696E",251
"6D6F6E",251
"206E77",250
"776978",249
"747A6F",249
"7A6F6C",249
"6E7961",249
"63206A",248
"88206F",248
"4A7561",248
"733A20",248
"6E756B",248
"616A6E",248
"206469",247
"6A6572",246
"74656C",245
"6B2061",245
"6E6369",245
"204973",244
"65662C",244
"6F6265",244
"657370",244
"722072",243
"632070",243
"632061",242
"697320",241
"63756C",241
"616A65",240
"782C20",240
"7765CB",238
"6F7461",238
"3F2078",238
"CB8829",237
"72656E",237
"746FCB",237
"75656B",236
"782074",234
"206C61",234
"796577",233
"6F6A63",233
"75786C",232
"2C2071",231
"6E6977",231
"652073",231
"756361",230
"776177",229
"6E63CB",229
"696E74",229
"205361",228
"6B2069",228
"656B65",228
"65636F",227
"72646F",227
"206F6A",226
"6C6578",226
"652069",226
"206573",226
"20616C",225
"612052",225
"2C2077",224
"202871",224
"287175",224
"206173",223
"6B6173",223
"205369",223
"2043CB",222
"6F6E65",222
"756C61",222
"7A2074",222
"207872",221
"6F6A6D",221
"6E7574",221
"6E7465",220
"796F77",220
"776172",220
"617965",220
"88613A",220
"6F7A6F",220
"6F626F",219
"706574",219
"697861",219
"78206E",219
"752072",218
"206F20",218
"6977C3",218
"6F6A6C",217
"6A6F6E",217
"7A656B",215
"636572",215
"72756E",215
"73656B",215
"66204A",215
"657264",214
"646F74",214
"692065",214
"6D6F7A",214
"6C2065",214
"726579",213
"6B2077",213
"742C20",213
"756972",212
"726E65",212
"78616E",211
"70652C",211
"74616E",211
"6C2069",210
"65662E",210
"616D20",209
"6A6D69",209
"742074",209
"656A2E",209
"4A6572",208
"882920",208
"6F6D61",207
"887579",207
"2C20C2",207
"63206B",206
"20616B",206
"7A756A",206
"73756A",206
"63756E",206
"204E61",205
"6C656D",205
"6C6120",205
"6A6963",205
"746F63",204
"6D6972",204
"3A2043",204
"6D616D",202
"6D706F",202
"746974",202
"6F6A2C",202
"746965",201
"687563",201
"636172",201
"79656B",201
"656D70",200
"6D2063",200
"70616C",200
"6B2065",200
"786BCB",200
"2E204D",200
"206574",200
"69656D",199
"697465",199
"65792C",199
"687562",199
"6E6170",198
"616D65",198
"6F6B61",198
"792077",198
"656B61",198
"3A2054",197
"6E7577",197
"707565",196
"6B656E",196
"696E2E",196
"206E63",196
"786170",196
"682061",195
"756578",195
"732070",195
"6E6970",195
"626572",195
"204D6F",195
"6973C3",195
"4D6F69",194
"6F6973",194
"63206E",193
"776178",193
"6F6A2E",193
"652078",192
"6C6265",192
"65796F",192
"6C6178",191
"CB886B",191
"6B206B",191
"75656C",190
"CB886E",190
"6E65CB",190
"207870",189
"636F70",189
"656261",189
"68696E",189
"632077",189
"6A2069",189
"782077",188
"207563",188
"6B616C",188
"6B656C",188
"737465",187
"697369",187
"636F6E",186
"6A6C65",186
"6A206D",186
"747579",186
"69204E",185
"75656E",185
"72652C",185
"6B6574",185
"68616A",184
"626163",184
"6A6163",184
"7465CB",183
"206162",182
"576920",182
"207578",182
"72C3A1",181
"796174",181
"886F63",180
"616E2E",180
"204B61",180
"6D2070",180
"617962",180
"6D2C20",179
"69746F",179
"6B696C",179
"62616A",179
"3B2072",178
"786F63",178
"696D20",178
"886B20",178
"4C6120",178
"CB883F",178
"7869CB",178
"20756C",178
"205461",177
"617175",177
"68696A",177
"652062",177
"6D6963",177
"6B616D",177
"2072C3",176
"88616E",176
"206F78",176
"576163",175
"61632E",175
"682E20",175
"757261",175
"756E69",175
"796F62",175
"6D612E",174
"292C20",174
"726F79",174
"206F63",174
"656C62",174
"746979",174
"2E2054",173
"70652E",173
"C2BF4C",173
"BF4C61",173
"657369",172
"796265",172
"CB8874",171
"692042",171
"786269",171
"6F7420",171
"782078",171
"746F6C",171
"206B6F",171
"746920",170
"626979",170
"6B75CB",170
"6A6368",170
"6E206F",170
"747562",169
"E28091",169
"657265",169
"206D69",168
"7A2063",168
"207475",168
"686B61",168
"6F2061",168
"636F73",168
"6A616C",167
"792070",167
"747A61",167
"77756A",166
"787261",166
"882065",166
"726F66",166
"6F6665",166
"63686B",166
"70726F",165
"666574",165
"206269",165
"786571",165
"632079",165
"886E20",164
"7A6172",163
"617775",163
"787065",163
"7A2072",163
"204162",162
"6F6E69",162
"6E6520",162
"6D656A",162
"656A2C",162
"696D69",162
"6F6A73",162
"6F6B69",162
"746977",162
"497372",161
"88696C",161
"207472",160
"206F72",160
"69C3B3",160
"3F20C2",160
"6920C3",159
"6F6E2C",159
"616E2C",159
"727570",158
"6E6920",158
"616A63",158
"786A61",157
"88756E",157
"756C77",156
"6C7761",156
"CB883A",156
"662E20",156
"617574",156
"756C75",156
"6A6B61",156
"782079",156
"6B6179",156
"AD6173",155
"204A6F",155
"73616B",155
"883F20",155
"696120",155
"627261",154
"782E20",154
"702072",154
"BA733A",154
"782028",154
"612073",153
"883A20",153
"886963",153
"636163",153
"726172",153
"59206D",153
"4E6174",153
"6B616B",153
"692064",153
"626571",152
"69206F",152
"656A6B",152
"722C20",151
"78656B",150
"6D612C",150
"2C206A",149
"637565",149
"616861",147
"6172C3",147
"632071",147
"72616B",147
"77696A",147
"776579",147
"20286E",147
"786978",147
"69776F",147
"65792E",146
"746F6A",146
"4D6172",145
"61732C",145
"792E20",145
"696C2C",145
"207075",145
"697261",145
"69204B",145
"692045",143
"6A7579",143
"416272",142
"726168",142
"68616D",142
"747563",142
"204A61",141
"72C3AD",141
"6F7361",141
"696C6F",141
"72656C",141
"61662C",141
"6A2073",141
"CB886C",140
"886977",140
"697874",139
"676172",139
"73656F",139
"656F73",139
"786361",138
"786574",138
"696E75",138
"527563",138
"79696C",137
"626563",137
"746970",137
"206661",137
"666172",137
"636178",137
"616C6F",136
"6C6174",136
"204265",136
"746573",136
"746574",136
"742079",136
"637579",136
"C3B373",136
"6B206A",135
"742077",135
"612062",135
"757369",134
"6C7567",134
"756761",134
"6A6F77",134
"61786C",134
"204368",134
"696A69",133
"61204A",133
"65746F",133
"787961",133
"206A6F",133
"69782E",133
"61726E",133
"796963",133
"736961",133
"696C2E",132
"206C75",132
"6F7920",132
"6A61CB",132
"B37374",132
"202877",132
"4A7564",131
"6B2073",131
"68616E",131
"7A616B",131
"61632C",131
"74696F",131
"3B2079",130
"757175",130
"696E77",130
"69782C",130
"205769",130
"657865",130
"69742C",130
"206369",130
"6D6174",129
"6865CB",129
"73206B",129
"6170C3",129
"70C3B3",129
"6F6A72",129
"6DC3B3",128
"646573",128
"657065",128
"292079",128
"7469CB",127
"6A696C",127
"6F6A74",127
"3A2057",127
"656269",127
"636F63",127
"656E69",127
"887563",126
"79656E",126
"6A2049",125
"7975CB",125
"7A6F20",125
"6B206D",125
"287769",125
"69786A",124
"706978",124
"6F6A29",123
"746973",123
"636162",123
"886F78",123
"6E616A",123
"6B616E",123
"632078",122
"6F206B",122
"3F2052",122
"72696E",122
"6A6F79",122
"6F6C2C",122
"61722C",121
"77653A",121
"6A756C",121
"637275",121
"706174",120
"6A6F78",120
"796F6D",120
"6A7563",119
"592061",119
"6E6368",119
"782069",119
"622063",118
"3A2059",118
"75746F",118
"6E6163",118
"692054",117
"7061CB",117
"7A6961",117
"69616B",117
"206372",117
"6F6E2E",117
"6F6C2E",117
"74204A",116
"6C696C",116
"78696D",116
"782061",116
"C2BF61",116
"6D756C",116
"79206A",116
"72757A",116
"206B65",115
"C3A920",115
"6A696A",115
"6E6973",115
"6E292E",115
"78206D",115
"206D75",115
"6A63CB",114
"746162",113
"C3A172",113
"53696D",113
"6F2069",113
"696D65",113
"6B756C",113
"702063",113
"204261",112
"747261",112
"656D61",112
"6F636F",112
"204761",112
"757965",112
"6E656A",112
"204461",111
"206E6F",111
"626973",111
"436875",111
"205965",111
"BF6163",111
"756A29",111
"6E292C",111
"7A6965",111
"69656B",111
"882052",110
"75696C",110
"63656C",110
"61722E",110
"79696A",109
"A17263",109
"726365",109
"204E69",109
"796162",109
"75796F",109
"77756B",109
"617261",108
"662044",108
"88656A",108
"657961",108
"73206D",108
"617061",107
"796177",107
"632065",107
"596563",107
"2E204E",107
"6B6F6A",107
"732071",107
"757661",107
"69676C",107
"676C65",107
"61732E",106
"205465",106
"78746F",106
"63616B",106
"6A6563",106
"207576",106
"75636F",106
"756D6F",105
"6C69CB",105
"626F6E",105
"776179",105
"88612C",105
"205265",105
"3A204D",105
"6B756D",105
"626172",105
"782070",104
"617069",104
"72C3B3",104
"6E6BCB",104
"757461",104
"206967",104
"A97320",103
"697862",103
"726120",103
"2E20C2",103
"6E756E",103
"6F6C65",103
"882073",102
"6B6971",102
"696DC3",102
"757375",102
"636F79",102
"78656E",102
"636970",101
"20616E",101
"79756C",101
"6A636F",101
"61646F",100
"20736F",100
"204865",100
"707269",100
"207879",100
"632069",100
"756970",100
"882044",100
"3A2041",100
"59206E",100
"6D616B",100
"205761",99
"726F64",99
"626175",99
"697865",99
"6F6A62",99
"692046",98
"486572",98
"696A75",98
"792061",98
"756A6F",98
"617472",98
"206E79",98
"4B616A",98
"696C65",97
"206E65",97
"287275",97
"697362",97
"65206F",96
"887420",96
"517569",96
"65732C",96
"75652C",96
"88696B",96
"62656B",96
"617263",96
"78616C",95
"6F6465",95
"756A65",95
"736265",95
"2077C3",95
"636961",95
"AD6120",94
"2E2041",94
"736F6C",93
"2E2057",93
"742E20",93
"662078",93
"47616C",93
"7A206E",93
"20696B",93
"746F6E",92
"727578",92
"636972",92
"776F6E",92
"696F78",92
"72636F",92
"692049",91
"662063",91
"74697A",91
"697A61",91
"65726E",91
"202863",91
"4A756E",91
"7472C3",91
"766964",90
"73206F",90
"62616C",90
"697275",90
"756562",90
"72656A",90
"696C69",89
"CB886A",89
"662079",89
"656E64",89
"6E656E",89
"6F706F",88
"72696C",88
"88756D",88
"696E79",88
"7A2C20",88
"886974",88
"756E29",88
"652075",88
"C2BF59",88
"736173",88
"6C2075",88
"6C6963",88
"726174",87
"622072",87
"886F70",87
"436869",87
"6C6F2C",87
"757920",87
"546174",87
"7969CB",87
"6F6A69",87
"6A7275",87
"206BC3",87
"6BC3A1",87
"526520",86
"4D616E",86
"706F6A",86
"61662E",86
"697872",86
"656320",86
"687578",86
"757865",86
"72756A",86
"6E6177",86
"6C6461",86
"79616C",86
"6A69CB",86
"682074",86
"742078",85
"706F2C",85
"682079",85
"6A7175",85
"88696E",85
"6A6265",85
"6E7469",85
"446176",84
"617669",84
"4A6F73",84
"6C6561",84
"74756E",84
"6D692C",84
"6B612E",84
"756C2C",84
"88612E",84
"6C656A",84
"6C6167",84
"616772",84
"67726F",84
"756573",84
"6D2E20",83
"782065",83
"746163",83
"29206E",83
"6C206D",83
"746520",83
"6C656B",83
"74206E",83
"6F6C64",83
"646164",83
"616B6F",83
"6D2079",82
"636F62",82
"656361",82
"69612C",82
"6F726F",82
"646561",82
"6A2062",82
"726E61",82
"6C756E",82
"6F733A",82
"596120",82
"68696B",82
"776F79",81
"4D616A",81
"202869",81
"286977",81
"205069",81
"4A6163",80
"617420",80
"72656B",80
"882066",80
"20416E",80
"697871",80
"6D2074",80
"6571CB",80
"6D6573",80
"204665",80
"64696F",80
"626578",79
"886A20",79
"88756A",79
"726F73",79
"626C61",79
"6F73C3",78
"20456C",78
"78756E",78
"77696C",78
"6EC3A1",78
"657374",78
"50696C",78
"726375",78
"636973",78
"6C65CB",77
"6E69CB",77
"657274",77
"6E756D",77
"3A2058",77
"77616B",77
"7861CB",77
"616369",77
"636F20",77
"697263",77
"756E63",77
"7369C3",77
"6E6961",76
"292E20",76
"656D2C",76
"61206F",76
"722E20",76
"6F6E29",76
"646120",76
"20696A",76
"696F20",76
"6A6974",76
"6AE280",76
"65782E",76
"6D6F79",76
"69612E",75
"616EC3",75
"88656B",75
"682071",75
"756C2E",75
"6A2075",75
"6F6AE2",75
"7A6F73",75
"6C696A",74
"6369C3",74
"6D6265",74
"74206B",74
"61206C",74
"B36E2E",73
"204163",73
"796962",73
"69742E",73
"2C2052",73
"77756D",73
"886C20",73
"6C6361",73
"886F2C",73
"776162",73
"592070",72
"65612E",72
"61792C",72
"886978",72
"61786F",72
"886FCB",72
"C2BF6C",72
"BF6C61",72
"6F6A61",72
"69736F",72
"88747A",72
"6162C3",72
"74752E",71
"746179",71
"88782E",71
"65732E",71
"787571",71
"77616E",71
"592052",71
"697375",71
"72756C",71
"78756B",71
"656B75",70
"766120",70
"752063",70
"616D62",70
"617363",70
"497361",69
"526F6E",69
"692048",69
"756D69",69
"8865CB",69
"6375CB",69
"79206B",69
"206962",69
"6D756B",69
"61736F",69
"426572",69
"B36E2C",68
"686F79",68
"787275",68
"69676F",68
"796573",68
"656D20",68
"756E2E",68
"6F2075",68
"727572",68
"756B20",68
"646F73",68
"697265",68
"657469",68
"206D65",68
"646173",68
"6A3F20",68
"7A2079",67
"65612C",67
"696E71",67
"CB8879",67
"6E612C",67
"20C2A1",67
"6E206C",67
"206E6B",67
"656E63",67
"786E65",66
"207873",66
"656120",66
"CB883B",66
"6E7175",66
"6D6F20",66
"733F20",66
"78206B",66
"6F204A",66
"20526F",65
"882028",65
"6C2062",65
"20696E",65
"756461",65
"78206A",65
"C3A96E",64
"6C6162",64
"6B612C",64
"20786A",64
"883B20",64
"68206A",64
"29206A",64
"202879",64
"BF5920",64
"20436F",64
"6265CB",63
"61786E",63
"756D20",63
"747269",63
"686F72",63
"586178",63
"756E2C",63
"742061",63
"726F2C",63
"882075",63
"6B2062",63
"69656E",63
"706F2E",63
"736172",63
"722070",62
"77656C",62
"617075",62
"6E6179",62
"656F20",62
"207069",62
"6F2065",62
"617361",62
"657365",62
"6C6F6A",62
"6E6261",62
"786B6F",62
"6E7573",62
"626574",61
"636FCB",61
"6B2052",61
"20686F",61
"6A6F74",61
"292070",61
"65742C",61
"756571",61
"20696D",61
"6E3F20",61
"756C69",61
"637561",61
"726573",60
"676F20",60
"7275CB",60
"61792E",60
"20416C",60
"627265",60
"786974",60
"6F3A20",60
"79656D",60
"6B6265",60
"697220",59
"656D2E",59
"6E756A",59
"206465",59
"746F62",59
"636177",59
"CB886D",59
"206174",59
"6E7265",59
"3A204A",59
"796973",59
"7871CB",59
"692068",59
"88782C",59
"6C2041",59
"616461",58
"74206A",58
"6D656C",58
"69786B",58
"A9732C",58
"526963",57
"426175",57
"59206A",57
"6E7572",57
"3F204D",57
"6F6D65",57
"616B2E",57
"727461",57
"205969",57
"74752C",57
"752C20",57
"6C6970",57
"726F78",57
