"20E18E",73608
"20E18F",34770
"E18F8D",34724
"8F8DE1",34716
"E18F97",24587
"E18EA0",22668
"E18EA9",21069
"E18EA2",20657
"8EA0E1",19851
"E18EBE",18530
"8DE18F",18374
"E18F82",17258
"E18EAF",16884
"8DE18E",16342
"E18EA4",15942
"8EA4E1",15929
"8EBEE1",15620
"8F82E1",14828
"E18EA6",14528
"8F97E1",13779
"2C20E1",13676
"E18F93",13099
"BEE18F",13043
"8EA6E1",12679
"8F93E1",12311
"E18EB5",12110
"E18F85",12106
"A4E18F",12024
"E18EA8",11497
"E18EB4",11085
"A8E18F",11059
"8EA8E1",10941
"E18F81",10833
"8F85E1",10668
"E18F9B",10661
"8EA2E1",10581
"97E18F",10326
"8F81E1",10227
"A0E18F",10186
"A0E18E",10142
"E18F83",9860
"A9E18F",9647
"8EB5E1",9547
"E18FA5",9293
"A920E1",9157
"E18F92",9153
"E18EAC",9098
"8EA920",9043
"93E18F",8900
"B420E1",8614
"A2E18F",8578
"8EAFE1",8543
"8FA5E1",8508
"E18EB8",8500
"E18FB3",8470
"8F9720",8351
"9720E1",8339
"AF20E1",8019
"8EA9E1",7989
"A6E18F",7960
"E18F99",7948
"8EB420",7797
"8EACE1",7764
"82E18F",7417
"82E18E",7411
"8F8320",7249
"8320E1",7229
"A5E18F",7194
"B5E18F",7192
"B3E18F",7192
"8F99E1",7190
"E18FB1",7049
"81E18E",6879
"A4E18E",6741
"8EB8E1",6659
"AFE18F",6644
"ACE18F",6621
"8FB3E1",6595
"E18EAA",6561
"8EAF20",6460
"85E18F",6050
"8EAAE1",5777
"E18F8E",5729
"AAE18F",5718
"E18FA9",5632
"A6E18E",5534
"8FA9E1",5455
"E18FAB",5188
"8F8EE1",5121
"E18F89",5121
"8F9BE1",5093
"8F9B20",4877
"9B20E1",4870
"8F92E1",4806
"85E18E",4618
"E18EB3",4552
"A3E18F",4533
"E18FA3",4498
"E18F9A",4480
"8FA3E1",4439
"AFE18E",4436
"8EA22C",4433
"E18FB4",4334
"E18FAF",4310
"8F9AE1",4283
"E18F95",4269
"A22C20",4265
"92E18E",4255
"E18F94",4249
"A5E18E",4217
"8F95E1",4194
"8F94E1",4129
"AAE18E",4077
"E18FAA",4051
"8F9220",4046
"9220E1",4040
"8FABE1",4025
"8FAAE1",4018
"B4E18F",4001
"E18EB6",3974
"E18FB0",3971
"8FB0E1",3951
"8EB3E1",3947
"E18F84",3882
"8F84E1",3856
"E18EA5",3839
"3B20E1",3826
"A9E18E",3797
"ABE18F",3796
"99E18E",3766
"B8E18E",3656
"E18FA7",3543
"8FA7E1",3533
"E18EAD",3499
"E18EB2",3471
"97E18E",3453
"99E18F",3424
"93E18E",3411
"8FB4E1",3401
"E18F8F",3364
"B3E18E",3350
"81E18F",3348
"8EB4E1",3257
"A7E18F",3173
"8EB6E1",3172
"9BE18F",3115
"B2E18E",3111
"E18FA4",3075
"8EE18E",3049
"8FB1E1",3033
"B8E18F",3003
"8EA5E1",2903
"E18EA1",2841
"8FA4E1",2836
"E18FB2",2813
"8EA1E1",2797
"A2E18E",2778
"8EA020",2687
"A020E1",2684
"B0E18F",2681
"B4E18E",2657
"94E18F",2649
"8F8920",2636
"8920E1",2629
"8FB120",2616
"B120E1",2603
"E18FA8",2582
"BEE18E",2577
"8EB2E1",2538
"8FAFE1",2537
"8FB2E1",2528
"B1E18F",2499
"E18F8C",2452
"84E18F",2434
"E18EAE",2418
"9AE18F",2411
"8EBE20",2392
"8EA22E",2391
"BE20E1",2385
"8F83E1",2375
"B5E18E",2355
"E18EBF",2338
"8F89E1",2315
"95E18E",2293
"ACE18E",2271
"E18F86",2233
"B320E1",2199
"A7E18E",2193
"8F8FE1",2187
"8FA8E1",2146
"B0E18E",2131
"B6E18F",2119
"8EB520",2118
"B520E1",2111
"8F86E1",2098
"8EAEE1",2078
"8EE18F",2072
"8F8220",2032
"A8E18E",2028
"8220E1",2022
"E18F98",2019
"9BE18E",1978
"E18F9D",1958
"B2E18F",1955
"8EA92C",1947
"95E18F",1901
"A92C20",1894
"9AE18E",1872
"E18EA7",1863
"8EBFE1",1856
"8EA7E1",1833
"89E18F",1827
"8FB320",1792
"A1E18E",1735
"E18EA3",1716
"8EA3E1",1700
"BFE18F",1690
"8FE18F",1680
"A220E1",1679
"A3E18E",1606
"8EA23B",1598
"8F8CE1",1593
"8FAF20",1583
"8EAD20",1574
"AD20E1",1568
"B1E18E",1561
"94E18E",1480
"83E18E",1459
"84E18E",1422
"86E18F",1408
"A1E18F",1402
"E18EB7",1378
"8F9D20",1367
"8EB7E1",1364
"9D20E1",1364
"8EA220",1360
"A520E1",1354
"AC20E1",1347
"8EB820",1334
"8CE18F",1332
"B820E1",1332
"AEE18F",1326
"2020E1",1315
"A23B20",1295
"8F98E1",1280
"8EAC20",1277
"E18FAC",1230
"8F972C",1213
"E18F9F",1192
"972C20",1175
"AF2C20",1175
"E18FA2",1159
"B220E1",1136
"8FACE1",1128
"8EAF2C",1096
"B6E18E",1053
"98E18F",1046
"8EA93B",1045
"E18EB0",1032
"E18EB1",1028
"8EB1E1",1027
"B7E18F",1007
"E18F90",992
"8F8520",980
"8520E1",975
"A620E1",973
"8EA620",972
"A93B20",953
"83E18F",916
"AB20E1",893
"8EA92E",881
"8F90E1",876
"8F8F20",864
"8F20E1",864
"8EB220",862
"8EB0E1",861
"8FAB20",860
"8EA520",843
"AEE18E",835
"8FB420",835
"E18FA6",817
"8FA6E1",815
"A820E1",815
"8EB620",792
"AA20E1",790
"B620E1",787
"8FA2E1",775
"8EAA20",761
"8F8C20",760
"8C20E1",759
"ABE18E",738
"2E2020",712
"8F972E",699
"86E18E",690
"ADE18F",683
"E18F88",665
"8F9820",646
"9820E1",646
"8FB12C",645
"8F9920",633
"8EAD2C",633
"9920E1",632
"B12C20",618
"AD2C20",617
"E18F96",615
"8F9FE1",604
"8F8E20",591
"8E20E1",589
"8F8120",581
"8120E1",579
"8EADE1",573
"8F96E1",572
"8F9DE1",567
"E18FAD",553
"8FADE1",552
"92E18F",551
"E18EAB",548
"8F88E1",532
"E18F9E",516
"8FA520",515
"8F9EE1",515
"8F9320",509
"8EABE1",509
"8FE18E",507
"9320E1",507
"8EA820",497
"89E18E",488
"90E18F",487
"E18F91",487
"8F91E1",485
"E18FA0",479
"8EBF20",477
"8FA0E1",477
"BF20E1",476
"8FB12E",458
"9EE18F",449
"3F2020",447
"ADE18E",442
"8EAF2E",427
"9DE18F",425
"2DE18E",414
"8EA62C",413
"8F973B",413
"8F9F20",410
"9F20E1",410
"E18EBB",409
"8EB320",408
"A62C20",398
"88E18F",397
"90E18E",389
"8F9B2C",386
"E18F87",383
"8F87E1",381
"9B2C20",375
"9FE18F",365
"E18EB9",358
"B7E18E",357
"973B20",357
"E18FA1",342
"8FA1E1",340
"AE20E1",338
"8EAE20",333
"8FA220",328
"8EAD2E",320
"8FA820",318
"96E18F",317
"87E18F",295
"2DE18F",293
"91E18F",283
"8FB220",276
"8F852C",262
"8CE18E",261
"8EA62E",260
"852C20",258
"96E18E",255
"8EAD3B",255
"A22E20",251
"8EBE2C",251
"8EB9E1",245
"BE2C20",245
"8EBB20",239
"9FE18E",239
"BB20E1",238
"A420E1",234
"98E18E",234
"8FA420",230
"8F922C",227
"8EA23F",227
"922C20",226
"8FB13B",226
"8EAF3B",225
"8EB52C",223
"A52C20",221
"AD3B20",221
"B52C20",215
"E18EBA",202
"91E18E",202
"B9E18F",201
"8EBAE1",198
"8EB82C",192
"AF3B20",189
"8EB82D",188
"B020E1",188
"205BE1",188
"B82DE1",187
"B82C20",186
"8F9B2E",178
"5D20E1",174
"8F9A20",171
"9A20E1",171
"8EB020",170
"BFE18E",166
"B13B20",165
"B32C20",162
"E18F8B",161
"8F822C",160
"8F8BE1",158
"8FA52C",157
"8F8F2C",156
"8F2C20",154
"822C20",153
"8FA920",151
"8FAB2C",150
"AB2C20",148
"5BE18E",144
"9DE18E",142
"8F832C",142
"832C20",141
"8EBE2E",137
"8F9F2C",135
"88E18E",135
"9F2C20",133
"8F932C",133
"8BE18F",133
"932C20",129
"8F822E",128
"8EAD3F",125
"8EB32C",125
"8FAF2C",121
"8EB52E",117
"8EA63B",114
"8F9020",113
"8F8620",112
"8620E1",112
"9020E1",112
"E18F9C",111
"8F8820",109
"8820E1",109
"BAE18F",108
"A82C20",102
"A23F20",102
"8EBBE1",100
"8F9CE1",100
"A92E20",100
"8FA82C",95
"8F852E",95
"8EB920",93
"B920E1",93
"8F9B3B",91
"BAE18E",90
"9CE18F",90
"E18FAE",89
"8EA93F",89
"87E18E",86
"E18EBC",84
"8EBCE1",84
"8F892C",84
"892C20",84
"8FAEE1",83
"8F9420",83
"9420E1",83
"8F8F2E",82
"A63B20",82
"8FAB2E",81
"BCE18F",80
"8EAF3F",80
"BBE18F",78
"B42C20",78
"8EB82E",77
"8FAC20",76
"212020",76
"8F932E",75
"972E20",75
"AD3F20",73
"8F992C",71
"8EA52C",69
"992C20",69
"9EE18E",66
"8F823B",66
"8FB42C",65
"9B3B20",65
"8F9520",63
"9520E1",63
"8EB53B",62
"B22C20",62
"8EBE3B",61
"8F973F",60
"5BE18F",59
"8FA52E",58
"8F8C2C",58
"8EB22C",58
"8EA02C",58
"8C2C20",57
"A02C20",57
"823B20",57
"AC2C20",54
"8F933B",52
"AF2E20",52
"8F982C",51
"B53B20",51
"8F892E",51
"8FB13F",51
"982C20",49
"8EBE2D",49
"BE2DE1",49
"8F832E",48
"8EA63F",48
"933B20",47
"8EBB2C",46
"8F853B",46
"8F852D",45
"852DE1",45
"BE3B20",45
"AF3F20",45
"8F8F3B",45
"B9E18E",44
"BB2C20",43
"A320E1",43
"A120E1",43
"8EA120",42
"8EA82D",42
"A82DE1",42
"8FB32C",42
"2022E1",42
"8F9620",41
"8F3B20",41
"8EA92D",41
"A92DE1",41
"9620E1",40
"8EAC2C",40
"853B20",40
"A93F20",39
"8F922E",39
"28E18E",39
"8F972D",39
"972DE1",38
"B33B20",37
"8FAB3B",37
"2028E1",37
"B12E20",36
"8FA53B",35
"A53B20",34
"8EA02E",34
"8EAB20",34
"973F20",34
"8FA22C",33
"8F992E",33
"8FAF2E",33
"A9205B",33
"8EA62D",33
"A62DE1",33
"AD2E20",33
"AB3B20",32
"A62E20",32
"8EB83B",32
"8FAA20",31
"8EB33B",31
"8FA320",31
"2E20E1",30
"2C5D20",29
"3B2022",29
"8EB32E",28
"8F982E",28
"2920E1",28
"8F9F2E",27
"8EB53F",26
"22E18E",26
"B83B20",25
"8BE18E",25
"22E18F",25
"8F823F",24
"AF5D20",24
"8F923B",23
"8F8F3F",23
"8F9721",23
"8F893B",23
"BBE18E",22
"972120",22
"8FAB2D",22
"AB2DE1",22
"8EAF5D",21
"8EA22D",20
"8FAF3B",20
"A63F20",20
"923B20",19
"8F882C",19
"2C2028",19
"B13F20",19
"8FB020",19
"9B2E20",18
"A32C20",18
"A720E1",18
"882C20",18
"8F8C2E",18
"8FA32C",17
"822E20",17
"BE2E20",17
"8F833B",17
"893B20",17
"8EA03B",17
"A72C20",17
"B53F20",17
"2C2920",17
"8EB52D",16
"8F832D",16
"832DE1",16
"8F942D",16
"AF205B",16
"932E20",16
"8F8420",16
"8420E1",16
"2C205B",16
"B52DE1",15
"8EAF21",15
"A22DE1",15
"8FA22E",15
"8FAC2C",15
"942DE1",15
"8EA720",15
"8EBE3F",15
"A03B20",15
"8F9A2C",15
"9A2C20",15
"8FB42E",15
"823F20",15
"8EA72C",15
"8F812C",15
"8FB33B",15
"833B20",14
"8EB83F",14
"8EB42C",14
"812C20",14
"8FA92C",13
"8EA320",13
"8FA82E",13
"8F9B3F",13
"8F862C",13
"862C20",13
"3B2020",13
"83205B",13
"3B5D20",13
"A42DE1",13
"B32DE1",13
"8F9B5D",13
"9B5D20",13
"8EA95D",13
"A95D20",13
"AF2120",12
"8F2E20",12
"8FA53F",12
"8F983B",12
"8EAA2C",12
"AA2C20",12
"AF2DE1",12
"8F993B",12
"B4205B",12
"8F9D2C",11
"9D2C20",11
"8F8C5D",11
"8FB32E",11
"8EA221",11
"2D2DE1",11
"993B20",11
"9CE18E",10
"8C5D20",10
"8F9C20",10
"9C20E1",10
"8EA23A",10
"8F822D",10
"8EA03F",10
"8FAB3F",10
"8F8E2C",10
"8EB720",10
"B720E1",10
"B1205B",10
"8EBB2E",10
"8EB92C",10
"B92C20",10
"8F9F3B",9
"8F3F20",9
"822DE1",9
"8F942C",9
"942C20",9
"8F8C3B",9
"8EA83F",9
"28E18F",9
"8E2C20",9
"8EA52E",9
"8EA02D",9
"A02DE1",9
"8FB32D",9
"2220E1",9
"3A2020",9
"A92C5D",9
"2C2022",9
"8EA53B",8
"8EB42D",8
"B42DE1",8
"9F3B20",8
"8EB22E",8
"8F933F",8
"8EA82C",8
"A53F20",8
"A03F20",8
"B52E20",8
"8FB43B",8
"B43B20",8
"B43F20",8
"8EA621",8
"8EAF2D",8
"8EBB3B",8
"BB3B20",8
"3B205B",8
"A23A20",8
"B12DE1",8
"8F842D",8
"842DE1",8
"A22E5D",8
"82205B",8
"8F9B2D",8
"97205B",8
"8FB15D",8
"8F952C",7
"952C20",7
"832E20",7
"8F9F3F",7
"B82E20",7
"2C2020",7
"A22C5D",7
"8EB33F",7
"8FB43F",7
"892E20",7
"8EAC2E",7
"8F835D",7
"835D20",7
"8FB12D",7
"89205B",7
"8F932D",7
"932DE1",7
"8EA42D",7
"8F812D",7
"812DE1",7
"8FA92E",7
"E18F8A",7
"8F8AE1",7
"8EAD5D",7
"AD5D20",7
"B15D20",7
"8EB62C",6
"B62C20",6
"8EAA3F",6
"8FAF3F",6
"8FA32E",6
"8C3B20",6
"8F892D",6
"892DE1",6
"8EA921",6
"8FA23B",6
"A62120",6
"8F942E",6
"B32E20",6
"AC3B20",6
"A22D2D",6
"832020",6
"AF2020",6
"8F9A2D",6
"9A2DE1",6
"2CE18E",6
"8FA42D",6
"8FAE20",6
"8F992D",6
"992DE1",6
"8F8D2D",6
"8D2DE1",6
"A32DE1",6
"8FA83B",6
"8EB92E",6
"8FAF2D",6
"972E22",6
"A92E22",6
"9B2DE1",6
"B45D20",6
"8F9D3B",5
"9D3B20",5
"8EAC5D",5
"AC5D20",5
"8F975D",5
"975D20",5
"8FB22C",5
"A02E20",5
"8F893F",5
"8EAD21",5
"B33F20",5
"8FAC3B",5
"A22120",5
"8F833F",5
"983B20",5
"A83F20",5
"9B3F20",5
"8EAE2C",5
"AE2C20",5
"A22C29",5
"A62C29",5
"2C202D",5
"B42020",5
"B5205B",5
"9F2E20",5
"8F952D",5
"952DE1",5
"A2205B",5
"A22CE1",5
"8F853F",5
"27E18F",5
"202028",5
"2C2220",5
"202DE1",5
"8F825D",5
"825D20",5
"8EB45D",5
"8FB321",4
"AB2E20",4
"AA3F20",4
"8F923F",4
"8EA420",4
"3A20E1",4
"AB2120",4
"8EBB21",4
"BB2120",4
"A92120",4
"972C29",4
"9B205B",4
"B83F20",4
"BE3F20",4
"9F3F20",4
"A22E29",4
"A23B29",4
"3B2920",4
"8EBA20",4
"BA20E1",4
"A23B5D",4
"2D20E1",4
"8FA73F",4
"A73F20",4
"A52E20",4
"BCE18E",4
"8F8221",4
"822120",4
"AC2DE1",4
"8F9D3F",4
"8FA32D",4
"8FA92D",4
"8FA52D",4
"A52DE1",4
"8EB32D",4
"A02020",4
"A83B20",4
"852E20",4
"AF2E22",4
"2E2220",4
"222020",4
"8AE18F",4
"8FAF5D",4
"92205B",4
"833F20",4
"992E20",4
"BE205B",4
"8EA25D",4
"A25D20",4
"8FA521",3
"A52120",3
"AC205B",3
"8F8E2E",3
"8FA720",3
"972C5D",3
"AD2120",3
"3F20E1",3
"8FAB21",3
"972020",3
"8F943B",3
"AC2E20",3
"8EAC3B",3
"893F20",3
"85205B",3
"AD3B5D",3
"8F902C",3
"902C20",3
"202D20",3
"8EAD2D",3
"AD2DE1",3
"8F9D2E",3
"8FA42C",3
"A42C20",3
"A22020",3
"8F925D",3
"925D20",3
"AB3F20",3
"8EAA2D",3
"AA2DE1",3
"8F862D",3
"862DE1",3
"7EE18E",3
"202C20",3
"B22DE1",3
"8EBF2C",3
"BF2C20",3
"3B2220",3
"8F943F",3
"A92D2D",3
"3B2D2D",3
"A22E22",3
"8EB23B",3
"B23B20",3
"B82E22",3
"B42E20",3
"AD2E22",3
"AC2020",3
"A62E22",3
"27E18E",3
"8AE18E",3
"AD2C29",3
"9D205B",3
"973B5D",3
"B6205B",3
"AD3B29",3
"A5205B",3
"8EA55D",3
"A55D20",3
"AD205B",3
"2120E1",2
"8FAC3F",2
"922E20",2
"B32120",2
"8F815D",2
"815D20",2
"8FA83F",2
"AF2028",2
"A92C29",2
"E18EBD",2
"8F882E",2
"8EA53F",2
"8EAA2E",2
"942E20",2
"8F9A3B",2
"8F993F",2
"8FB221",2
"B22120",2
"BE2020",2
"AD2E5D",2
"8FA72C",2
"9B2020",2
"8EAB2C",2
"8F842C",2
"842C20",2
"8FB13A",2
"B13A20",2
"8EB43F",2
"A93B29",2
"8F8720",2
"8720E1",2
"8F8E3B",2
"8E3B20",2
"943B20",2
"8F863B",2
"863B20",2
"8EAC2D",2
"8F8F21",2
"8F2120",2
"A12DE1",2
"8F8C2D",2
"8C2DE1",2
"8F862E",2
"B12C5D",2
"207EE1",2
"8EA32D",2
"8FA620",2
"2D2D2D",2
"2C2E20",2
"9D2E20",2
"8F8F2D",2
"8FB22D",2
"A93B22",2
"A22C2D",2
"2C2D2D",2
"8EA427",2
"A427E1",2
"8F882D",2
"3B2028",2
"A23B2D",2
"8EA027",2
"A027E1",2
"8F9A2E",2
"2C2DE1",2
"933F20",2
"8FA020",2
"8EBE21",2
"20205B",2
"BE2E22",2
"8FAC2D",2
"982E20",2
"8FAC2E",2
"822E22",2
"8EB72C",2
"B72C20",2
"81205B",2
"8EB92D",2
"B92DE1",2
"A92020",2
"8F8B20",2
"8B20E1",2
"AD2C5D",2
"8EB85D",2
"B85D20",2
"A62C5D",2
"B13B29",2
"8EBE5D",2
"BE5D20",2
"2C2C20",2
"B12020",2
"8F922D",2
"922DE1",2
"AD2020",2
"AF2D2D",2
"922028",2
"9B2D2D",2
"A62E5D",2
"8EB62E",2
"A92028",2
"8F8627",2
"8627E1",2
"AF3B5D",2
"8F855D",2
"855D20",2
"A92C22",2
"5D2C20",2
"8F9C2C",1
"9C2C20",1
"8FA33B",1
"A33B20",1
"202020",1
"852020",1
"8EA32C",1
"8EA93A",1
"A93A20",1
"8EAB2E",1
"962020",1
"8FB33F",1
"8EBDE1",1
"BDE18F",1
"AC2C5D",1
"2E2920",1
"292020",1
"9A3B20",1
"AF2C29",1
"972E5D",1
"8F9A5D",1
"9A5D20",1
"8F8B2C",1
"8B2C20",1
"8F962C",1
"962C20",1
"942D2D",1
"8FA93B",1
"A92E2E",1
"992020",1
"B32020",1
"B52020",1
"8EA12C",1
"A12C20",1
"8EAE2E",1
"8EB93B",1
"B93B20",1
"8FAD2D",1
"A52CE1",1
"8C2E20",1
"B62020",1
"8EB63B",1
"B63B20",1
"8FB02D",1
"B02DE1",1
"8FA12D",1
"8FAA2E",1
"8FB42D",1
"B12E5D",1
"82207E",1
"93207E",1
"B82CE1",1
"2CE18F",1
"B8202C",1
"A52020",1
"B42D2D",1
"932C2E",1
"8FA23F",1
"B82D2D",1
"A23BE1",1
"3BE18E",1
"8FB121",1
"A92D20",1
"B82C5D",1
"8F2D2D",1
"AD2D2D",1
"8EB12D",1
"8FA22D",1
"8F962E",1
"A62020",1
"9B2C5D",1
"882D2D",1
"A62E29",1
"852E22",1
"B92E20",1
"822C29",1
"8EB93F",1
"AF2E5D",1
"9A2E20",1
"8F2C2D",1
"A92C2D",1
"923F20",1
"8EBB3F",1
"8E2020",1
"AD2022",1
"8FA522",1
"A52220",1
"8F8C3A",1
"8C3A20",1
"BE2120",1
"8F2C5D",1
"8EB02C",1
"B02C20",1
"823F22",1
"AF2C22",1
"8FAA3B",1
"AA3B20",1
"8F983F",1
"8F9221",1
"8EBF3F",1
"BF3F20",1
"973B22",1
"932E22",1
"8F8D20",1
"8D20E1",1
"A23B3B",1
"3B3B20",1
"85202D",1
"9B2E22",1
"993F20",1
"972C22",1
"8EBF2E",1
"AD3F22",1
"B12E22",1
"BE3F22",1
"8EB72E",1
"8F8E3F",1
"8E3F20",1
"8EB22D",1
"8EAD3A",1
"AD3A20",1
"8FA120",1
"8F9E2D",1
"9E2DE1",1
"822D2D",1
"8F9120",1
"9120E1",1
"AB2E22",1
"A0205B",1
"5D2022",1
"A52E22",1
"922C2E",1
"B1202C",1
"8EB821",1
"B82120",1
"973F3F",1
"2C2027",1
"2027E1",1
"8EB35D",1
"B35D3B",1
"5D3B20",1
"8EAD29",1
"AD292E",1
"A83B5D",1
"BF205B",1
"852C29",1
"8FB421",1
"B42120",1
"8F8621",1
"862120",1
"8F9321",1
"932120",1
"A22028",1
"853F20",1
"AD3F5D",1
"3F5D20",1
"B33B5D",1
"882DE1",1
"8FA93F",1
"B52D2D",1
"83202C",1
"B22E20",1
"8E205B",1
"943F20",1
"2C205D",1
"205D20",1
"972C2C",1
"3B202D",1
"AA2020",1
"822020",1
"AD2C2C",1
"8EAB21",1
"B2202D",1
"B13B5D",1
"9B2E2E",1
"A62E2E",1
"8EB25D",1
"B25D20",1
"8EB65D",1
"B65D20",1
"8F883B",1
"883B20",1
"B12E2E",1
"2E5D20",1
"8EAB3F",1
"8E2C5D",1
"AA205B",1
"8F9B27",1
"9B27E1",1
"853B29",1
"8EA929",1
"A92920",1
"8F812E",1
"8F985D",1
"985D20",1
"B2205B",1
"B83B5D",1
"8EAF3A",1
"8EAE2D",1
"AE2DE1",1
"972D2D",1
"8F8D5C",1
"8D5CE1",1
"5CE18E",1
"A22E2C",1
"2E2C20",1
"8F9729",1
"972920",1
"8EBD2C",1
"BD2C20",1
"8FA829",1
"A82920",1
"8FA72D",1
"A72DE1",1
"AE205B",1
"BE2C5D",1
"8F9229",1
"922920",1
"972028",1
"8F9B29",1
"9B2920",1
"5D205B",1
"8F912D",1
"912DE1",1
"8F935D",1
"935D20",1
"8C205B",1
"AC2E5D",1
"8EBB5D",1
"BB5D20",1
"B32C22",1
"B02020",1
"9B3B2D",1
"B8205B",1
"8FB35D",1
"B35D20",1
"BE2022",1
"B83B22",1
"B42022",1
"93205B",1
"8F995D",1
"995D20",1
"8F973A",1
"8EA12D",1
"8F895D",1
"895D20",1
"90205B",1
"8C5D2C",1
"A3205B",1
"8EB42E",1
"B15D2C",1
"AF5D2E",1
"5D2E20",1
"BB2020",1
"972E2C",1
"AF2EE1",1
"2EE18E",1
"8F2DE1",1
"AB205B",1
"8F8F5D",1
"8F5D20",1
"B52E5D",1
"8EB72D",1
"B72DE1",1
"8EB55D",1
"B55D20",1
"8FB45D",1
"B52028",1
"9B2028",1
"8EAF29",1
"AF2920",1
"B62028",1
"8EA529",1
"A52920",1
"B62E20",1
