"61CCB1",31296
"CCB120",21013
"C3A420",19550
"206A65",10956
"72C3A4",10626
"7761CC",10497
"207761",10016
"C3A46B",9829
"776120",9804
"746520",9502
"6B6120",9019
"65CCB1",8899
"6BC3A4",8504
"6A6520",8065
"612069",7611
"206B61",7307
"69CCB1",7167
"C3A469",7097
"207465",6980
"2072C3",6761
"206261",6591
"612C20",6417
"206A69",6409
"657761",6348
"6CC3A4",6295
"75CCB1",6163
"CCB16B",5871
"652069",5489
"CCB16E",5437
"6B6CC3",5425
"61206B",5367
"746120",5284
"6B61CC",5191
"6C6520",4981
"207969",4978
"6E6120",4966
"2077C3",4945
"20696A",4797
"A46920",4742
"7361CC",4699
"2C206A",4696
"65206B",4680
"61206A",4519
"206B69",4508
"617320",4344
"612074",4292
"6E616B",4205
"6961CC",4126
"696A65",4046
"612073",4024
"726120",4023
"207261",3881
"6B69CC",3869
"206B75",3830
"206961",3723
"626173",3673
"62C3A4",3672
"6A6577",3665
"204A65",3543
"697320",3442
"207368",3438
"6972C3",3435
"77C3A4",3392
"206972",3317
"612077",3305
"6A6920",3279
"C3B161",3257
"B12069",3241
"736B61",3206
"6D6920",3200
"697368",3189
"B16E61",3177
"206973",3155
"652072",3108
"65206A",3087
"612072",3074
"73C3A4",3074
"B1206B",3054
"A4206B",3025
"796973",3017
"206B6A",3008
"6A75CC",2980
"74C3A4",2930
"756E61",2889
"A46B65",2800
"20C3B1",2799
"6A61CC",2794
"6B756E",2765
"656920",2764
"6A65CC",2756
"A4206A",2746
"206A61",2746
"CCB16D",2737
"207361",2707
"CCB161",2702
"6B65CC",2700
"B16D69",2668
"652073",2665
"692077",2665
"612062",2657
"B1206A",2618
"2073C3",2601
"657261",2590
"69206B",2586
"62696B",2553
"72612C",2524
"207473",2500
"207461",2490
"CCB172",2484
"6FCCB1",2472
"617461",2468
"6E6520",2390
"53C3A4",2365
"206BC3",2348
"6B656B",2346
"612079",2339
"20736B",2329
"736861",2310
"616B61",2302
"616B20",2299
"747361",2287
"696BC3",2283
"692069",2278
"652077",2275
"B16B61",2260
"656B6C",2233
"206974",2228
"206269",2224
"652062",2162
"CCB169",2148
"20E280",2133
"77C3A0",2126
"2053C3",2077
"626120",2064
"656BC3",2055
"692073",2054
"3A20E2",2020
"69206A",2016
"617761",2013
"CCB12C",2009
"697465",1999
"616E61",1979
"4A6572",1975
"2064C3",1971
"64C3A4",1971
"2E204A",1960
"B12C20",1936
"CCB177",1922
"6B7361",1911
"206D61",1911
"616B6C",1909
"CCB12E",1905
"A42073",1903
"A46B20",1902
"692C20",1888
"A42077",1879
"206A75",1869
"692062",1833
"652074",1806
"6C6120",1798
"692074",1783
"4A6520",1768
"206977",1751
"697761",1747
"CCB16C",1746
"CCB174",1714
"206B74",1711
"B12072",1709
"C3B66C",1694
"6BC3B6",1688
"20696B",1688
"B17220",1685
"B66C65",1684
"6E6920",1656
"207061",1627
"4A656B",1614
"C3A120",1608
"6B612E",1595
"B12073",1579
"206E61",1576
"B1616B",1576
"4A6573",1574
"2062C3",1574
"636861",1558
"732074",1540
"B16920",1536
"696B65",1524
"207369",1504
"736865",1502
"6861CC",1494
"657473",1493
"B16B20",1478
"696B61",1448
"A42069",1442
"C3A42C",1442
"2C206B",1418
"7373C3",1417
"2C2069",1415
"A42C20",1408
"B12077",1400
"B12062",1396
"6B7465",1381
"B16120",1371
"7369CC",1369
"417461",1366
"A46B6C",1348
"207961",1347
"6B75CC",1339
"696E61",1337
"732077",1334
"736120",1332
"73206B",1330
"C3A020",1328
"6B6574",1325
"656B65",1317
"206E65",1314
"B17761",1301
"692072",1299
"C3A42E",1296
"692079",1283
"E28094",1278
"2C2061",1275
"616BC3",1272
"612E20",1267
"C3A46C",1267
"616B65",1260
"686120",1254
"207373",1245
"77616B",1240
"C3A474",1239
"616C65",1237
"6573C3",1236
"C3BA73",1233
"73C3BA",1232
"796520",1216
"BA7320",1215
"A42062",1214
"7375CC",1192
"6F6C6F",1188
"656E61",1182
"6B6569",1182
"206174",1181
"6B6A61",1181
"6B2077",1173
"6B6A65",1159
"6562C3",1153
"7365CC",1151
"B12074",1143
"207375",1142
"652079",1140
"696C65",1137
"7473C3",1128
"656C65",1117
"746B65",1110
"A42074",1108
"616C61",1088
"B16E69",1070
"6B612C",1066
"736874",1055
"73686B",1053
"C3AD20",1027
"612064",1027
"696520",1015
"73C3AB",1013
"A42079",1012
"207965",1011
"61746B",1008
"732069",1007
"79616B",1007
"4B6120",1001
"6874C3",1000
"7368C3",994
"652C20",993
"616261",993
"736FCC",986
"206368",983
"74736F",983
"6B206B",982
"6AC3A4",969
"756C61",967
"A4692C",966
"6E613F",963
"6C6577",953
"CCB16A",951
"206465",942
"2C20C3",941
"746BC3",938
"B12079",935
"6A6973",932
"65206E",913
"6B6577",911
"73C3A1",909
"6B6A75",909
"732064",894
"746B61",889
"6E612C",887
"6B7761",882
"6B74C3",880
"74612C",879
"6A69CC",875
"616D69",875
"A46BC3",874
"206475",869
"2061CC",867
"68C3A4",863
"70616B",863
"E2809C",857
"776569",846
"A46B69",838
"616E65",834
"207765",834
"61204A",833
"CCB13A",833
"206B65",832
"73206A",828
"2C2062",828
"626174",825
"612065",825
"7765CC",823
"B13A20",816
"697473",815
"207365",813
"2079C3",812
"7461CC",812
"61206D",806
"613A20",805
"206D69",796
"C3A46D",788
"206469",785
"A4206E",784
"732073",772
"796920",771
"696A75",769
"656D69",766
"747365",764
"B12E20",756
"6A656B",756
"B16C65",749
"6D696E",741
"6120C3",739
"206574",734
"652064",732
"206B6F",732
"6A756C",732
"656C20",731
"CCB1C3",731
"B17461",730
"6B6174",726
"612070",724
"6E612E",723
"B1C3B1",719
"61206E",719
"6B626C",718
"2C2073",718
"B16E65",713
"6C6F69",709
"C3A462",707
"206979",706
"6B6C61",704
"697965",703
"206461",700
"6C7520",699
"756BC3",697
"6B756B",695
"B12064",693
"206562",693
"696B69",692
"65746B",685
"6A6572",683
"73616B",680
"656B61",678
"706120",672
"746F20",670
"A42064",670
"206F6C",668
"A4692E",663
"6B6520",661
"6D692E",660
"6F2077",652
"6B616C",649
"CCB165",647
"72206B",645
"20616C",644
"79C3B6",643
"206AC3",640
"2EE280",640
"6B206A",637
"6F6920",635
"726973",633
"20C2BF",631
"20656B",630
"6A6979",628
"206D65",625
"E2809D",624
"692E20",620
"686520",616
"A42072",614
"686B61",613
"6B6961",612
"796162",607
"206969",605
"6D616E",604
"6B6AC3",599
"206E69",598
"C3A479",597
"6D696B",597
"B16B75",596
"756920",596
"6A696C",596
"726D69",587
"A46C65",586
"796965",583
"C3B165",580
"696961",580
"6D65CC",580
"61626C",578
"746569",578
"B1746B",575
"B16C69",574
"656A75",573
"6C69CC",570
"79C3A4",568
"617061",568
"6C6920",564
"6D692C",558
"79696E",554
"726B65",553
"626C65",552
"65206D",551
"206275",550
"B16177",545
"696E65",544
"6C656B",544
"697969",542
"204174",538
"64756C",537
"2C2079",536
"62616C",535
"6162C3",534
"612053",534
"C3A477",530
"6B6162",529
"626C75",523
"68613A",520
"C3A920",518
"C3B620",516
"77612C",516
"73746F",511
"C3A46E",510
"2E2041",509
"6B6C65",506
"73696B",504
"616B77",503
"206962",502
"6F206B",502
"636875",502
"6D6120",500
"696120",498
"697374",496
"657220",493
"B17765",490
"A47761",489
"646974",489
"626CC3",488
"616120",486
"204A75",484
"74C3A9",482
"CCB162",480
"722073",480
"A42053",479
"65736B",470
"207475",467
"706174",464
"426173",460
"756C75",459
"692064",459
"696368",457
"652065",452
"69616E",451
"C3A02C",449
"B1206D",448
"613F20",447
"6A7565",447
"6B6B73",446
"6977C3",444
"6B2073",442
"A479C3",437
"204B61",436
"75C3A4",433
"64C3AD",431
"756C65",430
"656B73",429
"A02C20",428
"6C2077",426
"A46D69",424
"A4206D",423
"79696B",421
"B16B6C",421
"6B6FCC",420
"65696B",420
"C3AB6E",417
"C39165",417
"6D6169",414
"C3AB20",412
"2E204B",411
"206FCC",411
"916572",411
"6AC3B6",410
"A46B61",409
"697269",408
"A42065",408
"B16174",407
"A42E20",407
"612063",407
"722062",407
"B12053",405
"6B6965",404
"616B74",403
"652053",402
"756B61",401
"69C3A4",399
"20746B",399
"596973",397
"617220",395
"2065CC",395
"6B616E",395
"496A65",394
"B12065",393
"696B62",392
"697220",390
"6A7520",388
"B169CC",387
"6C616B",386
"626161",383
"6B2062",382
"6B2C20",380
"6C6F20",378
"B16572",378
"4A7564",374
"2074C3",374
"6E6F20",372
"6B2069",368
"69206D",367
"6D6F20",366
"206964",365
"74756C",364
"692061",364
"69736B",362
"2C2074",361
"68616B",361
"726F20",360
"6B6F6C",358
"696269",355
"A46E61",355
"B16B65",355
"B1206E",354
"A46B77",354
"A46D6F",352
"692065",352
"626974",351
"6572C3",350
"B16A75",350
"206E75",347
"C3AD61",346
"6B6177",345
"616368",345
"C3B669",345
"6875CC",345
"6A6120",344
"616B73",344
"6BC3BA",342
"C3BA6B",342
"C3A02E",340
"6C652C",340
"6E692E",337
"E28098",336
"616A65",336
"616B62",334
"A47473",333
"A46B6B",333
"437269",333
"616A75",331
"20756B",330
"73616C",329
"61696B",327
"6AC3AD",327
"8094C2",326
"612061",326
"204372",326
"E28099",325
"616562",324
"205361",322
"72612E",322
"697261",322
"652070",322
"616269",317
"6E6177",317
"20696D",317
"B1726B",317
"20656C",317
"746170",315
"206265",315
"6D61CC",314
"696B6A",314
"736520",313
"65206F",313
"B120C3",313
"AB6E61",312
"6B2074",311
"A46CC3",310
"B1626C",310
"6174C3",308
"79696C",308
"6D6977",306
"776162",306
"C39161",304
"72206A",304
"626520",303
"BA6B61",303
"696B6C",301
"2C20C2",300
"C3A473",299
"75656E",298
"656B6A",297
"B16AC3",296
"B66972",296
"73656B",293
"6B7461",293
"6A6972",292
"62756C",291
"69206E",291
"697461",291
"C3A46A",290
"6C6162",290
"6A6573",289
"6C616E",289
"7564C3",288
"737361",287
"6F2073",286
"6B656C",286
"722064",285
"C3B66B",285
"20626C",285
"207975",284
"A474C3",284
"6520C3",283
"2C206D",283
"77696B",283
"B16165",282
"656E65",281
"B16A69",280
"617368",279
"6F206A",279
"B16E6F",276
"C3AD6F",275
"AD6F20",275
"79C3AB",274
"62616B",274
"6A616E",274
"6F2069",273
"6F2074",273
"747369",272
"6E656A",272
"6B656E",271
"A46C69",269
"A12077",269
"652E20",268
"746162",268
"206B73",268
"696B75",266
"686B69",265
"6974C3",264
"657061",264
"C3AB72",264
"6B696C",263
"A12074",261
"70616E",261
"A4204A",258
"616B6B",257
"6E6577",255
"75616E",255
"6EC3A1",253
"A462C3",252
"6B613A",252
"6B696E",251
"726920",251
"616E20",251
"6A616B",250
"73C3B6",249
"6A6570",249
"207769",249
"64616D",249
"652063",248
"656368",248
"6C656C",247
"A02069",247
"91616B",247
"B16C20",247
"6B6972",246
"722069",245
"696920",244
"C3A4C3",243
"426120",243
"6B7365",242
"732062",242
"A46B73",241
"697375",241
"79652E",240
"617465",238
"73616A",238
"65204A",237
"6E7569",237
"20646F",237
"73206D",236
"CCB173",236
"94C2BF",235
"4BC3A1",235
"6B69C3",235
"204261",234
"6F6C65",234
"6B6969",234
"C3A16E",233
"205369",232
"616C69",230
"6475C3",230
"77C3A1",228
"652061",227
"2E2049",226
"6CC3A9",225
"C3A1CC",224
"A1CCB1",224
"6920C3",224
"61C3AD",223
"74652E",223
"697373",223
"6C6F6C",220
"697061",219
"756B6C",219
"69206F",219
"73616E",219
"616E69",219
"697365",218
"20C391",218
"B1726D",218
"B1204A",218
"6B2072",218
"68656E",217
"61C3B1",216
"C3A472",216
"B16569",216
"6C6563",215
"6B2079",214
"65726B",214
"C2BF4A",214
"B1616A",213
"6A756B",213
"696C69",213
"692053",212
"6962C3",212
"68656B",211
"204BC3",211
"74612E",211
"6A6569",210
"616265",209
"206963",209
"626C6F",209
"2C2053",208
"C3A96E",208
"612050",208
"737561",207
"206970",206
"A420C3",206
"64656C",205
"6A616C",204
"B16B69",204
"6B6B61",203
"6E6569",201
"79652C",200
"646577",200
"74652C",200
"626C61",200
"656472",199
"205061",199
"20C3A4",198
"616CC3",197
"506162",197
"B12070",196
"776FCC",196
"20626F",196
"7320C3",195
"A46B2C",194
"596920",194
"612EE2",193
"B1206F",193
"6E656C",192
"722074",191
"A1206B",191
"A0206B",188
"2C2064",187
"74656E",187
"B16B73",186
"65726E",186
"4A6577",186
"696B73",185
"732079",185
"809453",185
"4A6920",185
"656F20",184
"696B74",184
"6E692C",184
"6B2065",184
"6C6F6E",183
"B16EC3",183
"2069C3",183
"61204B",183
"736869",183
"A42070",183
"A46265",182
"204D61",182
"CCB170",182
"64726F",182
"A4C3AD",181
"697961",181
"6E616E",180
"6B6963",180
"732070",180
"B12063",179
"697361",179
"6C6569",179
"B16173",179
"68C3B6",179
"C3B36E",178
"693A20",178
"61206F",178
"6E6163",178
"696D69",178
"6E6161",178
"C2BF6A",178
"67656C",177
"506564",177
"69656C",176
"6E6765",176
"616B2E",176
"7975C3",176
"74656C",176
"6BC3A1",175
"205065",175
"646120",174
"64656A",174
"B165CC",174
"64696B",174
"686572",174
"A46261",174
"205969",174
"A16E67",173
"B161CC",173
"6B616B",173
"C3A43A",173
"206D6F",173
"6F7061",173
"627574",173
"20696E",172
"A46B2E",172
"726B61",172
"696E69",172
"72C3AB",172
"AD6120",171
"692070",171
"6A6965",171
"3B206A",169
"2C204A",168
"687569",168
"6F6E61",168
"6F2079",168
"616C64",167
"A42061",167
"AD206B",167
"756572",166
"6C6475",165
"756CC3",165
"6A6177",164
"69656E",164
"73206E",163
"A43A20",163
"B1612C",163
"647520",162
"752073",162
"616920",162
"A12069",161
"617261",161
"6E616D",161
"B1612E",161
"776174",161
"6C65CC",159
"A4746B",159
"2E20C3",158
"617269",158
"A12072",158
"756172",158
"204973",157
"20496A",157
"20C3A1",157
"75206A",157
"6964C3",157
"6D6172",156
"64656B",156
"6B616D",156
"6A7569",156
"809442",156
"A47461",156
"637269",155
"62612C",154
"6D696A",154
"B17061",154
"A42063",153
"657375",152
"737563",152
"756372",152
"6B2E20",152
"3F20C2",152
"BF4A69",152
"809C4A",151
"20706A",151
"C3AB77",151
"696572",151
"206B6C",151
"536120",151
"B36E20",150
"809D20",150
"696177",150
"657465",150
"206965",149
"653A20",149
"20696F",148
"B1616E",148
"A47465",148
"657320",147
"2E2042",147
"69204A",147
"A4206F",147
"697765",147
"C3B677",147
"757361",146
"746A75",146
"6E75CC",146
"616A61",145
"A46979",145
"657275",145
"4A7561",145
"7469C3",145
"64656D",144
"686BC3",144
"656B74",144
"B16520",143
"656120",143
"727573",143
"CCB163",143
"B16368",143
"626965",143
"6120C2",143
"72696B",143
"6B6920",142
"B1616D",142
"646961",141
"626569",140
"79756C",140
"6973C3",140
"A12073",139
"756B65",139
"657765",139
"6D706C",139
"4B6520",139
"6F6974",139
"6E2073",138
"80944A",138
"6F6269",138
"726E6F",138
"656D70",138
"706C6F",138
"207469",138
"3F204A",138
"676F62",137
"A4693A",136
"73C3A9",136
"C3A973",136
"6D6520",136
"6177C3",136
"6F2C20",135
"497761",135
"6C6565",135
"696C61",135
"776177",135
"696172",135
"6B2064",135
"747569",134
"65726D",134
"62756B",134
"626F6C",134
"A02072",133
"A02079",133
"204B65",132
"75206B",132
"A02E20",132
"647561",131
"756177",131
"20676F",131
"944261",131
"B67761",131
"77616A",131
"706A6F",130
"6E656B",130
"656520",130
"A02073",130
"205465",129
"CCB16F",129
"6B6172",129
"74616C",128
"6A6173",128
"B174C3",128
"69C3B6",128
"6B6572",128
"B1656D",127
"809C42",127
"652075",127
"6979C3",127
"42C3A4",126
"A47369",126
"613B20",125
"B17373",125
"A46A69",125
"696574",125
"656972",125
"A472C3",125
"6B656D",124
"6A6174",124
"617969",124
"6A652E",124
"617264",124
"706172",123
"63686F",123
"696D61",123
"B16172",123
"6C6574",123
"657461",123
"756C69",123
"A46E69",123
"BF6A69",122
"616D61",121
"B177C3",121
"616B2C",121
"726469",121
"70C3A4",120
"54656D",120
"9453C3",120
"B17269",120
"757473",120
"617765",119
"6D616C",119
"6B6D69",118
"68653A",118
"A46A61",118
"797565",118
"6C206B",118
"656A61",118
"20C2A1",118
"A4696E",117
"6C756E",117
"C3B169",117
"656973",117
"20746A",117
"6A6579",117
"657965",117
"AB206B",117
"64656E",116
"692EE2",116
"6C656D",115
"677561",115
"6E6F70",115
"A1206A",115
"657961",115
"70616A",114
"636869",114
"206579",114
"617265",113
"696A61",113
"616A69",113
"206369",113
"AD2077",112
"A96E20",112
"4AC3AD",112
"692063",112
"80944B",112
"6A696B",111
"6C2073",111
"696FCC",110
"617473",110
"C3AB6C",110
"696261",109
"57696B",109
"206775",109
"737061",109
"7761C3",109
"809CC2",108
"B16C61",108
"B66BC3",108
"752074",108
"686FCC",108
"76656A",108
"AD6173",107
"809920",107
"B16170",107
"B12061",107
"696465",106
"656E74",106
"7061CC",106
"616B6A",106
"6B206D",105
"6574C3",105
"AB6C65",105
"B1692C",105
"636520",105
"686174",105
"72C3AD",104
"A97320",104
"732063",104
"69C3B1",104
"6C6177",104
"809459",104
"6F2072",104
"61726B",104
"A0206A",104
"2E2059",104
"204A6F",103
"B16179",103
"A02062",103
"6172C3",102
"706177",102
"616961",102
"6DC3B3",101
"752053",101
"809C59",101
"C3B16F",101
"6C612C",101
"6B6977",100
"752069",100
"73656F",100
"636865",100
"6F206E",100
"6FC3AD",100
"756120",100
"207069",100
"AD2073",99
"4B61CC",99
"706C61",99
"6A6F6F",99
"6F2062",99
"6C2064",99
"61726D",99
"68616D",98
"72616D",98
"6F726F",98
"205769",98
"A02077",98
"20706C",98
"CCB13B",98
"204A69",98
"6C2062",98
"612043",98
"61656C",97
"C2A149",97
"6C6161",97
"9C5969",97
"6F2064",97
"C2BF42",97
"69656B",97
"736965",97
"C3ABC3",96
"61746F",96
"6F6F20",96
"C2BF4B",96
"A46B74",96
"616D20",95
"C3B621",95
"6A6179",95
"B12EE2",95
"204761",95
"5361CC",95
"746577",94
"53696B",94
"72206E",94
"616C20",94
"BF4B61",94
"B16169",94
"706920",94
"6B616A",94
"A46977",93
"796972",93
"706173",93
"65692C",92
"612075",92
"A92069",92
"616AC3",92
"73204B",92
"6CC3B6",92
"746961",92
"627261",91
"206661",91
"666172",91
"CCB179",91
"9C4A65",91
"C3B66E",91
"6F6B6F",91
"94C2A1",91
"722079",91
"6C656E",90
"693B20",90
"945969",90
"4B656B",90
"C3A173",90
"B13B20",90
"65692E",90
"6C6972",90
"752077",90
"53C3A1",90
"617469",89
"646F63",89
"6179C3",89
"B16F20",89
"C3A463",89
"A46368",89
"61612E",89
"B17473",89
"496B75",89
"6D6FCC",89
"62656E",88
"A42EE2",88
"70616C",88
"646F6B",88
"68656D",88
"656C6B",88
"497372",87
"737261",87
"726165",87
"637561",87
"6D6162",87
"4D696B",87
"636F20",87
"A42043",87
"B62120",86
"9C4261",86
"6B2070",86
"809C4B",86
"6C656A",86
"AB72C3",86
"616861",85
"4D6172",85
"6F6C20",85
"53696D",85
"4D6F69",85
"6F6973",85
"204162",84
"2C2077",84
"6B2053",84
"A9206B",84
"69C3A1",84
"736172",84
"6C6B6A",84
"6F6365",84
"A17320",84
"6E2077",83
"B16261",83
"204265",83
"AB7761",83
"B6206A",83
"B17975",83
"756520",83
"686972",83
"207472",83
"736569",83
"6C6173",83
"204A61",82
"626577",82
"6B2061",82
"70612E",82
"206375",82
"206361",81
"47616C",81
"6B6368",81
"B62062",81
"6E6FC3",81
"747265",81
"6D61C3",81
"416272",80
"726168",80
"AD2079",80
"B66B61",80
"A47975",80
"B16B2E",80
"696DC3",80
"A47368",80
"A42067",80
"A47361",80
"204D6F",80
"62616E",80
"596965",80
"797561",79
"6A6962",79
"6F7665",79
"BF4261",79
"696E6F",79
"B16269",79
"617373",79
"6C6174",78
"A14973",78
"497373",78
"6A656C",78
"75696E",78
"4B7465",78
"722077",77
"6C6561",77
"6C6172",77
"656C61",77
"6C696C",77
"692075",77
"6C2069",77
"74726F",77
"A47469",77
"646965",77
"6F204A",77
"61646F",76
"656E69",76
"7475CC",76
"2061C3",76
"646520",76
"74616E",76
"6CC3AD",76
"696CC3",76
"3FE280",76
"2C2065",76
"6C2074",75
"B1692E",75
"77612E",75
"74616B",75
"C3B670",75
"B67061",75
"204461",74
"61636F",74
"2E2053",74
"6E6174",74
"20C3AD",74
"B17368",74
"B66E61",74
"686963",74
"637275",74
"72757A",74
"757A20",74
"626164",74
"646F20",74
"B16B2C",74
"656D61",74
"B16162",73
"809C53",73
"646174",73
"6F6B61",73
"C2BF6D",73
"B12043",73
"B17465",73
"6E2074",72
"4D6120",72
"B1C3A1",72
"6B206E",72
"776170",72
"69616C",72
"6E656E",72
"4A6979",72
"206F76",72
"C3A421",72
"696C20",72
"206372",72
"616C6D",71
"204865",71
"2C2063",71
"6E7461",71
"809449",71
"6C652E",71
"C3A162",71
"A16261",71
"746FCC",71
"796562",71
"696F20",71
"726573",70
"6E6961",70
"69726D",70
"646172",70
"652EE2",70
"70C3A1",70
"206B70",70
"6B6F69",70
"207370",70
"766964",69
"636F62",69
"6A652C",69
"2C2070",69
"6A75C3",69
"ABC3AB",69
"6C206A",69
"6D616A",69
"75C3B1",69
"7465CC",69
"756174",69
"61204D",68
"6970C3",68
"AD206A",68
"BF6D61",68
"AB7220",68
"C2BF6B",68
"BF6B61",68
"752079",68
"656C69",68
"4A6163",67
"736920",67
"613FE2",67
"727465",67
"6D696C",67
"9CC2A1",66
"C2BF4D",66
"6E206B",66
"4A6972",66
"69626C",66
"696B20",66
"696461",66
"6E652C",66
"6A6F6C",66
"617472",66
"B16BC3",65
"617275",65
"676F20",65
"746177",65
"74656B",65
"617369",65
"696D65",65
"2E20C2",65
"746AC3",65
"C3A470",65
"596162",65
"77656B",65
"A42041",65
"205069",65
"456C20",65
"C3A92C",64
"746970",64
"756577",64
"6E2069",64
"61612C",64
"547361",64
"62612E",64
"636965",64
"75206E",64
"C3B1C3",64
"6C7569",64
"6D6F73",64
"4A6569",64
"6E652E",64
"446176",63
"617669",63
"696420",63
"A92C20",63
"A46B6D",63
"686577",63
"69746A",63
"696E63",63
"69746B",63
"A4C3B1",62
"646173",62
"497361",61
"944A65",61
"696A69",61
"AB726B",61
"A92074",61
"626F74",61
"757461",61
"706520",61
"50696C",61
"732061",60
"746965",60
"65726F",60
"726574",60
"C3A475",60
"A4756B",60
"64616A",60
"20776F",60
"726177",60
"A4696A",60
"AB6E6F",60
"64612C",60
"B1656B",60
"42696B",60
"4A6973",60
"72206D",60
"612054",60
"486572",59
"BF4D61",59
"3B2061",59
"646177",59
"AD2072",59
"C3B62C",59
"776574",59
"6A69C3",59
"61746A",59
"BF4A65",59
"944B61",59
"6F206D",59
"6F736B",59
"652050",59
"AD204A",59
"6F7461",58
"9C53C3",58
"737369",58
"C2BF59",58
"BF5969",58
"6B70C3",58
"AD206E",58
"616EC3",58
"C3A12C",58
"A12C20",58
"6B20C3",58
"736B75",58
"617574",58
"205469",58
"6B6962",58
"63696E",58
"692043",58
"6BC3B1",58
"6F7261",57
"726F64",57
"696475",57
"AB2074",57
"6F2061",57
"722C20",57
"6E746F",57
"706175",57
"4A6F73",56
"6F6E69",56
"74656A",56
"6E656D",56
"6E6574",56
"6B7574",56
"AB2077",56
"B62C20",56
"BF6A65",56
"B17475",56
"69616B",56
"6A6162",56
"652054",55
"617A61",55
"61E280",55
"6C6D65",55
"B66B73",55
"6869CC",55
"732065",55
"73612C",55
"6D6969",55
"B16B6B",55
"6B6A6F",55
"6A6F79",55
"6F7969",55
"A12064",55
"C3B62E",55
"A46B75",55
"652043",55
"7A6172",54
"6F6465",54
"706162",54
"706169",54
"616275",54
"616E6F",54
"6A6961",54
"4D616E",53
"6B77C3",53
"C3A46F",53
"A46F6B",53
"64616C",53
"945361",53
"6A6974",53
"69726B",53
"6C2079",53
"6A696E",53
"204665",53
"20746F",53
"7A206A",53
"20456C",52
"6C616D",52
"616FCC",52
"20416E",52
"61736B",52
"686F72",52
"C2A142",52
"72696E",52
"697975",52
"6F73C3",51
"809853",51
"726E61",51
"647565",51
"C3AD2C",51
"AD2C20",51
"6865CC",51
"737461",51
"4D6169",50
"A9206A",50
"AD206D",50
"697065",50
"73656D",50
"7520C3",50
"206C65",50
"6D6974",50
"AD2069",50
"A4204D",50
"6B6E69",50
"652041",49
"616461",49
"756465",49
"646561",49
"6B204A",49
"616475",49
"75C3AB",49
"809859",49
"9C4B61",49
"20686F",49
"C3B663",49
"B66368",49
"206A6F",49
"6E636F",49
"A46C61",49
"65652C",49
"6368C3",49
"204E61",48
"A16E20",48
"646573",48
"75C3B6",48
"C3A43B",48
"6B613B",48
"205473",48
"6C612E",48
"6F6E65",48
"AB7765",48
"AD2074",47
"6F626F",47
"616B69",47
"6B6F74",47
"6F7320",47
"497465",47
"B62069",47
"B1696E",47
"B1656E",47
"A46C77",47
"6C7769",47
"746A61",47
"72696F",47
"752062",47
"B16574",46
"722070",46
"612120",46
"202773",46
"736961",46
"916165",46
"626F20",46
"3B20C3",46
"985969",46
"6B7061",46
"6A6172",46
"A46269",46
"B17469",46
"206573",46
"C2BF79",46
"BF7969",46
"A46275",46
"C3ADCC",46
"ADCCB1",46
"75616C",46
"7574C3",46
"2C204D",45
"AB6E65",45
"6C20C3",45
"657420",45
"B62077",45
"A4693B",45
"809C49",45
"3F20C3",45
"20636F",45
"809842",44
"617475",44
"B12075",44
"A43B20",44
"204361",44
"6B6163",44
"6F7761",44
"A42075",44
"707368",44
"62656B",43
"612041",43
"B6206B",43
"B12054",43
"207073",43
"75696C",43
"6E613B",43
"766120",43
"207669",43
"6C6970",43
"A12079",43
"AD61C3",43
"64C3A1",42
"6C6961",42
"A92072",42
"9D206E",42
"C3A16A",42
"A16A61",42
"65776F",42
"7275C3",42
"497969",42
"706572",42
"6472C3",42
"A47475",42
"77616F",42
"696D6F",42
"747375",42
"617274",42
"9CC2BF",42
"657370",42
"617374",42
"752072",42
"416C65",42
"657361",42
"9D204A",42
"A42050",42
"69657A",42
"6A616A",42
"796120",41
"206F72",41
"65696C",41
"80944D",41
"73206F",41
"6E696D",41
"737572",41
"6B7520",41
"21E280",41
"70612C",41
"69692C",41
"944A69",41
"756461",41
"616B70",41
"C3AD6E",41
"A42120",41
"657262",41
"717569",40
"A42042",40
"2120C2",40
"616B63",40
"72656E",40
"6C6F72",40
"616B6D",40
"736875",40
"79656D",40
"757661",40
"656977",40
"68612C",40
"696B6F",40
"A47965",40
"A4746A",40
"726265",40
"79656E",39
"6E696B",39
"75616B",39
"732C20",39
"757465",39
"747561",39
"C3AB6B",39
"AD2064",39
"746A69",39
"612046",38
"652045",38
"692041",38
"A12062",38
"653B20",38
"456B6C",38
"69776F",38
"9853C3",38
"722065",38
"6DC3A9",38
"616365",38
"C2BF62",38
"6F7465",38
"6B7065",38
"752065",38
"706164",38
"8098C2",38
"21204A",38
"B16972",38
"C3A464",38
"6C2C20",38
"68616E",38
"656979",38
"6F2070",38
"426572",38
"6E6162",38
"53616C",37
"7361C3",37
"6E6173",37
"696F6C",37
"B12042",37
"656465",37
"652067",37
"3B2062",37
"207065",37
"726565",37
"612067",37
"B62079",37
"686920",37
"207576",37
"617375",37
"6C6D61",37
"752064",37
"64612E",37
"B17261",37
"76696E",37
"73612E",37
"212059",37
"AB6B65",37
"20496B",37
"726965",37
"2C2043",37
"2C2041",36
"984261",36
"616177",36
"687461",36
"6D75CC",36
"99206E",36
"796565",36
"756D69",36
"A46A75",36
"65722E",36
"C3A12E",36
"3B2069",36
"4A696B",36
"B12050",36
"536170",36
"3F2041",36
"46656C",36
"A46B63",36
"AD6E20",36
"A46475",36
"B16D65",36
"204772",36
"65676F",36
"416DC3",35
"6F6D69",35
"722067",35
"6C756D",35
"6F746B",35
"A42049",35
"726B75",35
"6F2065",35
"696E74",35
"80984A",35
"2C206F",35
"C3A92E",35
"626572",35
"477269",35
"696567",35
"65722C",35
"756C6F",35
"646F6C",34
"612066",34
"80984B",34
"536174",34
"726961",34
"757520",34
"656974",34
"6F6C6B",34
"75206D",34
"AB726D",34
"656E20",34
"9C4A69",34
"7261C3",34
"74656F",34
"756974",34
"C3AB74",34
"6D693A",34
"74656D",34
"B1616C",34
"796962",34
"626920",34
"757472",34
"A120C3",34
"697769",34
"646F6E",34
"20416D",33
"757369",33
"6E2C20",33
"B66B6A",33
"6B2EE2",33
"6B6261",33
"6E61C3",33
"6C6B69",33
"C3AB2E",33
"B16C6D",33
"C3AB2C",33
"AB2C20",33
"6F6D61",33
"456CC3",33
"776179",33
"746572",33
"206975",33
"B62073",33
"6D69C3",33
"B17274",33
"4F7665",33
"69204D",32
"696E75",32
"204567",32
"456769",32
"676970",32
"697074",32
"70746F",32
"6E6572",32
"757275",32
"726261",32
"72696C",32
"636172",32
"C2A14A",32
"616B6E",32
"61756C",32
"204573",31
"692042",31
"62656C",31
"B16D61",31
"2E204D",31
"4E617A",31
"AB2079",31
"727575",31
"B62072",31
"A14261",31
"652068",31
"C2A153",31
"2075C3",31
"736177",31
"809C41",31
"627573",31
"6F74C3",31
"6D6573",31
"C3A43F",31
"204F76",31
"6F6DC3",30
"75C3AD",30
"A47961",30
"756E69",30
"6C6C6F",30
"944D61",30
"9C42C3",30
"62C3A1",30
"75656B",30
"756E65",30
"69692E",30
"B16F70",30
"726520",30
"776173",30
"A92062",30
"B6696B",30
"68652C",30
"617961",30
"BA6B65",30
"736F20",30
"636162",30
"692050",30
"62C3A9",30
"6E7469",30
"536175",30
"6F6220",29
"A92073",29
"B16B77",29
"B1656C",29
"656B77",29
"809C4D",29
"706961",29
"736B69",29
"A47261",29
"6D693B",29
"A42047",29
"696AC3",29
"2075CC",29
"54696D",29
"205961",29
"20526F",28
"74616D",28
"65204D",28
"6D6F2C",28
"2042C3",28
"65652E",28
"3B206B",28
"69676F",28
"B17069",28
