"20E380",81312
"808120",77544
"E38081",77008
"E79A84",49027
"9A8420",45933
"20E79A",45651
"8120E5",26874
"20E4BD",25646
"20E4BB",25640
"20E4B8",23897
"E4BB96",22648
"BB9620",20583
"E4BDA0",19940
"20E580",19740
"20E4BA",19688
"E68891",19591
"BDA020",19155
"E58091",19117
"8120E4",18614
"20E688",17974
"E4BABA",17222
"889120",17041
"8120E6",16232
"EFBC8E",15067
"BABA20",14646
"8420E5",13909
"20EFBC",13788
"BC8E20",13609
"20E59C",13393
"E59CA8",13109
"20E5B0",12771
"9CA820",12656
"E5928C",12464
"E698AF",11904
"98AF20",11642
"9620E5",11250
"E880B6",10492
"A020E5",9967
"E8AAAA",9533
"E4B88D",9433
"8120E8",8944
"20E880",8833
"9120E5",8827
"8120E7",8675
"20E58F",8654
"E8A681",8347
"AA20E3",8273
"E4BBA5",8267
"20E585",8258
"E5B0B1",8240
"E69C89",8230
"8420E6",8210
"20E69C",8058
"20E8A6",8048
"20E698",8001
"E782BA",7948
"E4BA86",7914
"AAAA20",7821
"8FAF20",7722
"A68120",7702
"E5AD90",7583
"80B6E5",7431
"20E689",7416
"E4B880",7198
"809120",7176
"8420E7",7162
"E88FAF",7056
"928CE8",7000
"B6E592",6986
"8CE88F",6980
"E98099",6925
"9C8920",6807
"E68980",6718
"8120E9",6651
"20E5BE",6523
"B88D20",6517
"B0B120",6500
"20E4B9",6486
"20E5BF",6443
"8420E4",6429
"20E5A4",6339
"20E980",6305
"20E590",6231
"9120E7",6191
"20E588",6024
"AD9020",5925
"E4B88A",5914
"BA8620",5867
"20E8AA",5853
"E4BE86",5786
"E982A3",5738
"20E59B",5543
"20E982",5365
"E5BF85",5301
"20E592",5260
"8420E8",5182
"928C20",5181
"A020E7",5154
"20E7A5",5078
"83BD20",5027
"E4BA9E",4972
"8420E3",4957
"AF20E5",4940
"E5A4A7",4905
"8E20E4",4872
"E8A3A1",4767
"E7A59E",4763
"E588B0",4719
"20E794",4632
"88B020",4603
"E59BA0",4518
"82BA20",4490
"E4B8AD",4393
"9620E7",4365
"B88A20",4332
"BA20E5",4263
"898020",4219
"B88020",4211
"E59CB0",4154
"E4BD9C",4144
"BA20E4",4133
"E5BE9E",4046
"AF20E7",4009
"8E20E5",3942
"20E782",3935
"E58EBB",3916
"20E5AE",3888
"82A320",3875
"A820E5",3842
"E58897",3803
"E588A9",3801
"20E79C",3777
"E4B99F",3761
"E983BD",3760
"9120E4",3703
"BA20E3",3668
"BE8620",3652
"8020E5",3645
"8420E9",3637
"AF20E6",3563
"BA20E7",3557
"A820E4",3537
"E78E8B",3487
"20E983",3480
"B8AD20",3469
"8D20E5",3446
"E4BDBF",3363
"BBA520",3350
"8B20E5",3339
"E8A68B",3322
"8E20E6",3309
"8620E3",3303
"AF20E4",3251
"20E59F",3214
"E5BE97",3203
"E58592",3198
"BF8520",3193
"888720",3191
"809920",3182
"20E6AD",3165
"20E4BE",3133
"9120E6",3080
"E8A18C",3063
"A59E20",3039
"E5B087",3035
"BA20E6",3035
"B99F20",3033
"E889B2",2996
"8B20E4",2985
"8091E5",2948
"9120E3",2945
"BBA5E8",2929
"AF20E8",2925
"8EBB20",2924
"E7B5A6",2897
"20E8A1",2895
"8B20E3",2873
"E58F88",2845
"B120E5",2834
"9120E8",2833
"20E5A5",2827
"8C20E5",2785
"8D20E8",2783
"20E887",2767
"E88887",2754
"A3A120",2753
"A820E6",2748
"8F8820",2742
"B2E588",2723
"89B2E5",2721
"E4BA8B",2711
"A5E889",2705
"20E68B",2690
"E58FAF",2688
"8C20E4",2676
"8592E5",2674
"20E881",2666
"BD9C20",2665
"8920E4",2664
"E587BA",2626
"E89197",2622
"20E58E",2573
"20E591",2571
"8920E5",2569
"E7B484",2557
"BDBF20",2548
"20E5B7",2540
"E5898D",2531
"20E68A",2520
"20E981",2509
"E4B98B",2496
"E697A5",2493
"20E99D",2489
"E5B08D",2468
"E8A5BF",2454
"20E5A6",2447
"E5808B",2443
"E69292",2439
"8B20E7",2422
"E6A8A3",2408
"20E699",2399
"20E697",2398
"E69982",2394
"8D20E6",2394
"92E5AD",2380
"8720E4",2348
"B120E6",2346
"B5A620",2346
"9CB020",2331
"8091E8",2327
"E79C8B",2319
"A020E4",2286
"E9BABC",2275
"E5A682",2263
"8D20E4",2253
"9BA020",2252
"E7A5AD",2203
"20E888",2198
"9720E7",2184
"BA20E8",2173
"A820E7",2172
"9620E6",2170
"BE9E20",2170
"8E8B20",2166
"919720",2160
"B880E5",2160
"E5BF83",2157
"20E7B4",2145
"E887AA",2141
"E4B8A6",2134
"E4B88B",2114
"8A20E3",2112
"BA8B20",2109
"E38082",2106
"BE9720",2087
"9020E3",2081
"E99DA2",2074
"8091E7",2073
"20E5B8",2064
"A4A720",2056
"8920E7",2055
"BF20E4",2052
"A18C20",2045
"898D20",2042
"20E58D",2040
"20E695",2037
"8A20E7",2036
"20E587",2030
"B120E7",2022
"E794A8",2016
"20E6B2",2015
"20E78E",2006
"A020E8",1992
"A020E6",1983
"8C20E7",1982
"9C8B20",1979
"E68B89",1979
"BF20E3",1974
"E8A9B1",1973
"E883BD",1970
"A68B20",1967
"8620E4",1963
"A520E5",1956
"E79FA5",1954
"889720",1953
"9620E4",1951
"20E8A3",1946
"E59F8E",1946
"8099E6",1932
"20E5B9",1929
"E4B8BB",1915
"8B20E6",1912
"E68BBF",1904
"E68A8A",1901
"8520E5",1900
"808220",1899
"A820E9",1897
"20E8B5",1896
"20E99B",1894
"E79CBE",1886
"E5908C",1884
"BB20E3",1884
"E98193",1877
"9720E5",1865
"AD20E3",1862
"A820E8",1860
"20E5AD",1851
"E58FAB",1848
"A620E4",1846
"E6B292",1842
"20E6B0",1840
"E795B6",1839
"20E694",1832
"E59091",1824
"E8B5B7",1823
"8020E6",1822
"8E20E7",1821
"20E6AF",1810
"B020E4",1807
"E58D81",1807
"8A8A20",1789
"E99B85",1787
"8620E5",1782
"E881BD",1779
"A320E5",1775
"9620E8",1766
"E59FBA",1758
"9E20E5",1757
"E5AE89",1751
"9BA0E7",1749
"A0E782",1746
"BD20E6",1741
"20E7BE",1724
"20E596",1715
"BD20E5",1713
"E6898B",1710
"8C20E6",1707
"8D20E7",1702
"80B6E7",1702
"20E883",1699
"20E79B",1694
"20E799",1692
"AF20E9",1691
"808B20",1690
"8620E7",1687
"B620E5",1683
"20E5B1",1683
"E8A2AB",1679
"E7BE85",1679
"87AAE5",1677
"E5B7B4",1665
"E6B395",1661
"20E696",1660
"BA9E20",1657
"E6AF94",1656
"E99680",1656
"E7A98C",1642
"E998BF",1639
"8B20E8",1638
"E6B182",1629
"9E20E7",1627
"20E8A8",1619
"8020E8",1613
"E591A2",1613
"E6B091",1610
"20E593",1601
"E59084",1600
"B6E7A9",1600
"E4BD8F",1599
"E5A4A9",1598
"AB20E5",1596
"8A20E4",1595
"20E5AF",1593
"E5B7B1",1589
"9720E4",1587
"909120",1576
"20E79F",1575
"E7BDAA",1572
"A320E8",1571
"E88BA5",1570
"E799BE",1567
"20E68C",1566
"B7B120",1561
"8E20E9",1559
"E58887",1554
"A2AB20",1552
"E5AEB6",1552
"E58099",1551
"A520E6",1550
"B98B20",1545
"E7949F",1545
"20E891",1539
"B08720",1538
"E8B7AF",1525
"AB20E4",1523
"8A20E5",1518
"E5A49A",1518
"E784A1",1518
"AAE5B7",1515
"819320",1512
"8FAB20",1507
"97A520",1504
"8820E5",1503
"8620E6",1501
"8091E6",1501
"9220E6",1495
"94A820",1494
"8020E7",1491
"20E8A2",1490
"A120E3",1489
"20E69B",1482
"E5A5B3",1475
"E6ADBB",1475
"9920E3",1474
"E995B7",1472
"E7949A",1470
"E6ADA4",1459
"9982E5",1454
"8920E6",1451
"9E20E3",1447
"E5908D",1445
"80E588",1444
"E5838F",1444
"E9A0AD",1437
"20E583",1432
"908420",1421
"B020E5",1421
"E59B9E",1420
"B020E3",1414
"A8A320",1410
"B09120",1408
"E9818E",1406
"87BA20",1403
"BF20E5",1401
"B0B1E6",1395
"B88B20",1386
"E696BC",1384
"8A20E6",1382
"B1E698",1382
"9620E3",1381
"8920E8",1378
"82E580",1373
"A520E4",1370
"B08D20",1366
"8091E4",1364
"97E4BA",1360
"20E795",1359
"20E7B5",1356
"98BF20",1350
"20E6A8",1347
"AD20E7",1343
"809520",1338
"8E20E8",1333
"20E4BF",1333
"838F20",1327
"A920E3",1326
"B020E6",1326
"9020E7",1321
"20E88B",1319
"E691A9",1319
"85A720",1315
"9F20E5",1315
"E78CB6",1307
"E5A5BD",1304
"ADA420",1302
"8D20E3",1300
"E88196",1297
"A520E7",1297
"20E788",1295
"20E6AE",1295
"20E9A0",1291
"20E680",1291
"9420E5",1290
"A4A7E8",1290
"E791AA",1288
"B120E3",1288
"20E8A9",1287
"E799BC",1286
"20E7AB",1286
"E683A1",1284
"9F20E4",1277
"20E789",1274
"A320E3",1273
"8220E4",1272
"B020E7",1270
"91E79A",1269
"9020E4",1267
"20E8BF",1266
"20E6B1",1263
"E8A19B",1262
"8520E7",1259
"8520E4",1246
"9B20E5",1238
"B29220",1237
"8C20E3",1236
"E789A9",1234
"9E20E4",1234
"E5BE8C",1222
"8C20E8",1219
"E4BD86",1216
"809420",1213
"20E589",1212
"E38094",1212
"E5918A",1202
"9DA2E5",1201
"B120E4",1200
"E4BA8C",1192
"B120E8",1192
"20E683",1184
"A5AD20",1184
"E59C8B",1181
"9020E5",1178
"E68993",1178
"20E7BD",1177
"9220E3",1169
"A2E589",1167
"A320E7",1166
"AB20E3",1163
"B8BB20",1161
"20E68E",1155
"88A920",1153
"20E784",1149
"E58F97",1148
"AB20E6",1146
"A9B120",1146
"E59388",1145
"B18220",1145
"20E5BC",1142
"B420E5",1141
"9320E3",1139
"AB20E7",1139
"BB20E4",1139
"20E996",1136
"E99BA2",1136
"A5BF20",1135
"8020E3",1134
"B88DE5",1133
"8020E4",1129
"BD20E7",1127
"9E20E6",1127
"8891E5",1127
"9020E6",1125
"8220E3",1124
"BABC20",1123
"A320E6",1122
"E58DBB",1119
"A120E7",1117
"E5B9B4",1116
"A5E981",1114
"E4BA9B",1113
"BA20E9",1113
"9FA5E9",1109
"9B20E7",1106
"B720E3",1103
"E788B6",1103
"908C20",1103
"E4BCAF",1100
"BF8320",1099
"E7AB8B",1096
"20E999",1095
"8720E6",1093
"BB20E7",1092
"8520E6",1091
"E68896",1090
"9720E6",1089
"8820E6",1088
"8520E3",1082
"E585B6",1081
"A49A20",1080
"8897E4",1078
"BD20E8",1074
"E8BAAB",1071
"BF20E7",1070
"BD8620",1067
"E58395",1063
"BB20E5",1060
"BE8520",1060
"20E691",1059
"8BA520",1058
"E7B1B3",1058
"20E9A1",1047
"9120E9",1046
"BA9B20",1044
"E596AB",1043
"E99693",1042
"A520E3",1042
"B220E7",1037
"9292E5",1037
"8099E4",1035
"8A20E8",1032
"E890AC",1032
"BBA5E5",1027
"E8A6AA",1026
"8F20E4",1024
"E58588",1024
"20E9BA",1023
"A5ADE5",1023
"9920E4",1022
"AEB620",1019
"9520E5",1015
"E5B0BC",1015
"E7BE8A",1010
"B320E3",1009
"B39520",1009
"E785A7",1008
"89A920",1008
"E58886",1005
"9520E4",1004
"AD20E6",1002
"8F20E3",1001
"20E8B7",999
"BB20E8",998
"E4BEBF",997
"A120E5",994
"20E692",994
"20E684",992
"8E20E3",990
"E58FB8",990
"A520E8",988
"BA9EE5",985
"A7E8A1",984
"E6AEBA",983
"AA20E4",982
"E6849B",981
"A020E9",980
"9F8E20",980
"E59B9B",978
"8920E3",977
"9F20E7",977
"20E987",976
"9420E6",975
"91E8AA",975
"BD20E4",975
"E98284",974
"20E7A6",974
"E5B1B1",973
"8091E9",973
"8BE4B8",970
"99BEE5",968
"E8BFA6",968
"AD20E5",967
"9BB420",967
"9C20E4",967
"20E4BC",961
"E784B6",961
"E5A496",960
"E6AEBF",958
"E68890",957
"20E785",957
"8720E7",955
"E69591",955
"E4B889",954
"E7B693",954
"E58F8A",954
"ADE58F",952
"9620E9",950
"A020E3",947
"E5B88C",946
"8F20E5",945
"9C20E7",944
"9520E3",939
"9920E5",937
"BB96E5",937
"898B20",936
"E5B8B6",933
"E79BB4",932
"8FB820",931
"E9A198",929
"8FAFE4",928
"A720E7",927
"9720E8",924
"A320E4",923
"20E6B4",923
"80B6E8",917
"AF20E3",916
"8F20E7",914
"B5B720",910
"8120E3",907
"E9968B",906
"E9A098",906
"9220E5",904
"8DBB20",904
"A120E4",904
"E6ADB8",903
"E585AC",900
"E8B39C",898
"20E8B3",897
"20E99A",895
"E8808C",893
"20E9A6",893
"99E6A8",892
"E6848F",892
"91E4B8",890
"E58584",890
"BF20E6",889
"A120E6",889
"E591BD",886
"20E998",886
"BA9EE6",883
"8020E9",880
"E78DBB",877
"E4BFA1",874
"BE20E5",873
"E59290",873
"E38095",873
"E587A1",873
"A220E3",872
"20E7B6",872
"AA20E7",871
"E5BC9F",870
"A9E8A5",870
"E980B2",869
"91A9E8",869
"20E687",867
"E4BD95",867
"E6B0B4",865
"20E5BA",864
"8099E8",864
"E6988E",863
"AB8B20",863
"8620E8",862
"20E8B1",859
"AFE4BB",856
"E5ADAB",855
"E585A8",853
"E580AB",853
"929020",852
"E6BB85",849
"B320E5",848
"BD8F20",848
"B6E8B7",848
"8720E5",847
"B7AFE6",847
"20E6B3",846
"E586B7",844
"B420E4",842
"968020",842
"8B20E9",840
"20E890",840
"8F9720",839
"99E4BA",836
"BBE4BA",835
"B6E5A4",833
"E79CBC",832
"8BBF20",832
"E58FA3",832
"92E586",830
"809220",829
"E5A793",829
"E585A9",828
"9F20E6",826
"20E693",825
"BEE5A7",825
"A720E5",824
"AFE692",824
"9320E7",822
"9B8520",821
"A920E7",820
"20E78D",817
"A920E5",816
"8820E8",815
"8F8A20",815
"E7BEA9",813
"E89995",811
"AF9420",810
"20E8BA",808
"9520E7",805
"A9E592",804
"E881B2",804
"96E580",804
"BB20E6",802
"ADBB20",802
"E59F83",802
"B620E7",801
"E5AE9A",800
"8099E5",800
"20E882",800
"9320E4",799
"E5B9B3",799
"20E58B",797
"E5B7B2",797
"B484E6",797
"91E580",796
"A79320",796
"E590A9",795
"90A9E5",795
"83E58F",795
"B720E4",794
"9B20E3",794
"A68220",792
"E980A0",791
"AA20E5",791
"9F20E8",790
"E5AE88",790
"949F20",787
"9F83E5",787
"8620EF",786
"E58A9B",786
"A3E8A3",785
"E4B894",784
"E69CAA",784
"E5AFA6",781
"E6B0B8",777
"BDAA20",777
"95E4BA",777
"20E58A",776
"BE8C20",776
"B020E8",774
"8820E7",774
"E981A0",773
"E69C83",773
"BDE8A6",772
"BEBF20",771
"A9E4BA",771
"E68789",771
"81BDE8",770
"20E781",769
"8220E5",768
"E58B92",767
"A682E6",766
"86B720",766
"BA8C20",765
"8CB6E5",765
"818E20",764
"E5A3AB",763
"E696B9",759
"9420E7",759
"969320",756
"E5B185",756
"9B20E4",756
"91A220",755
"8980E4",755
"8420EF",754
"E4B883",753
"E6B299",752
"E58E9F",747
"E5969C",745
"8D20E9",745
"B7B220",743
"BC20E5",741
"9720E3",741
"95B720",740
"A0AD20",740
"E7A4BA",739
"9C20E5",738
"82BAE6",737
"E8A8B1",737
"E696AF",733
"E6B4BB",732
"B920E3",732
"E5BE80",732
"9FE585",730
"E9828A",726
"E78FBE",726
"B820E5",723
"A5B320",723
"82E6AD",723
"80E4BB",721
"9B9B20",721
"E8AAB0",721
"20E8A5",719
"20E586",711
"9FBAE7",711
"A620E6",710
"BEE4BA",708
"95B620",707
"8C20E9",707
"E781AB",707
"88A9E6",707
"20E78C",706
"20E787",706
"9320E6",705
"9FB320",704
"E6ADA3",704
"B420E3",703
"9DA220",702
"88A9E5",702
"BC9FE5",702
"BD20E3",701
"B620E4",698
"E5868D",698
"BCE698",697
"9C8D20",697
"E79DA3",697
"A920E4",696
"B9B420",696
"8F20E6",696
"E4B896",696
"B620E3",696
"9520E6",696
"889620",695
"E6AF8D",694
"E4BB8A",694
"E68C87",693
"84B620",693
"96BCE6",692
"8D8120",691
"AD90E5",691
"A98C20",691
"AE9A20",690
"E8A8B4",690
"B89420",689
"8220E7",687
"8B8920",685
"82A3E8",684
"908D20",684
"E4BAA4",683
"B8A6E4",681
"A720E3",679
"20E7B1",678
"9FA520",678
"E9878E",677
"8320E5",677
"97A5E5",676
"82BAE8",676
"AE8920",675
"E8BB8D",675
"B020E9",673
"A5E5AD",673
"8395E4",672
"E58FAA",671
"E4BA94",670
"9A20E7",669
"20E8B2",668
"BAE4BE",667
"E79FB3",667
"8220E6",666
"E88085",666
"20E5BD",664
"E6978F",662
"E7A68F",661
"949A20",660
"9220E7",659
"E8A880",659
"BC20E3",658
"E887B3",656
"9820E4",655
"E68ABC",653
"8820E4",652
"9CAA20",652
"20E995",651
"998220",651
"BC20E6",650
"A19B20",650
"A620E5",648
"E8AB96",648
"BABAE5",644
"E88081",644
"80A020",642
"E69BB8",639
"AEBF20",639
"A920E6",637
"20E681",637
"B720E7",637
"AB20E8",636
"A4A920",635
"8920E9",635
"9C20E6",635
"BB8D20",635
"E694BB",634
"E68092",633
"A220EF",633
"9120EF",633
"B88320",632
"A820E3",631
"AD20E4",631
"E588A5",630
"A420E8",630
"20E6B5",628
"B6E4B8",628
"B88DE8",628
"83A120",628
"E6938A",628
"8A20E9",627
"82BAE7",627
"949AE9",626
"85ACE7",626
"87BAE4",625
"99E698",624
"968B20",624
"9F20E3",623
"E5BE8B",623
"91E8A6",622
"8DE58F",621
"E5958F",621
"BE20E4",620
"8620E9",619
"BF85E8",618
"E5A9A6",616
"E6BD94",616
"9420E8",615
"82BAE5",614
"20E8AB",614
"87A120",614
"9B20E6",613
"B420E7",613
"B720E5",612
"958F20",612
"A5BD20",611
"E7ACAC",611
"9AE9BA",611
"E69CAC",611
"E58092",611
"20E6AC",611
"E5BE92",611
"ABE4BA",610
"E69C8D",610
"859220",609
"9C8BE8",608
"9CBE20",608
"918A20",608
"E5A387",608
"20E69D",607
"868D20",607
"A6E4BA",607
"E68C89",606
"20E582",606
"858420",606
"BF20E9",606
"9E20E8",604
"E6A6AE",604
"849B20",603
"E58AA0",603
"BC20E4",603
"808520",603
"E7A8B1",602
"96BC20",602
"81BD20",602
"E7AB99",601
"9820E3",598
"A5E588",595
"E898AD",595
"E593AA",594
"8D81E4",594
"B320E7",594
"E7BE8E",593
"E79086",591
"90E5AD",591
"A3E4BA",590
"A9E4B8",589
"BE9EE5",589
"88A9E4",589
"92E69C",588
"E68E83",588
"E99D88",587
"A4A9E4",587
"E8A898",587
"A09820",587
"AEBA20",587
"E9AB98",587
"B48420",587
"A6E4B8",586
"E99D9E",586
"929220",586
"B292E6",584
"AE8820",584
"B620E6",583
"E695B5",583
"BAE79D",583
"93AA20",581
"BBA5E6",581
"E6808E",580
"20E791",580
"9CB0E4",579
"A1E4BA",579
"A720E4",578
"E6A8B9",575
"9A84E8",575
"8891E7",575
"BC20E7",574
"E5BA95",574
"8320E3",574
"B120E9",570
"20E7A9",569
"96B920",569
"9A20E9",567
"8A9B20",567
"9DA320",567
"20E581",565
"88B620",565
"B0B420",563
"9420E4",562
"A720E8",562
"BD9520",562
"E887A8",561
"8588E7",560
"20E899",559
"8AE8A8",557
"BFA6E5",557
"E99AA8",556
"B820E4",556
"E681A9",556
"9CBEE4",556
"20E78F",555
"82A3E4",555
"B5B7E4",554
"8980E7",554
"8BE8A6",554
"91BD20",553
"20E9AB",553
"8720E8",553
"E99FB3",552
"E9A6AC",552
"9B85E5",551
"9520E8",551
"B0E4B8",550
"A420E5",550
"B88920",549
"A420E3",549
"A8B420",549
"9CB0E6",548
"20E6BB",548
"E99ABB",548
"E694BE",548
"20E59D",548
"ABE4B8",546
"9020E8",546
"E68095",546
"978F20",546
"E88BA6",546
"20E7AD",546
"E8B5B0",545
"9920E6",545
"9420E3",544
"E69BBE",544
"9920E7",543
"E6B4BE",543
"9320E5",542
"E696BD",541
"AA20E6",539
"E5B1AC",537
"A6AA20",537
"A620E7",536
"E98791",536
"BD9CE7",536
"E7899B",536
"8FE59C",535
"B220E5",535
"ADAB20",535
"20E885",534
"8CB620",534
"BEA920",534
"96AB20",529
"9680E5",529
"E5A6BB",527
"E8A180",527
"808C20",527
"E6A5AD",527
"E4B983",526
"8220E8",525
"E6A882",524
"BA9EE8",523
"918AE8",523
"85A820",521
"88B6E8",521
"B9B3E5",520
"E5A589",520
"E6B7A8",519
"E585A7",519
"88E79F",519
"E58F96",517
"E8B188",517
"B39CE7",516
"E8A1A3",516
"E6B5B7",515
"B220E3",515
"8C8920",515
"BE86E5",515
"8B20EF",515
"20E7A8",514
"E6B2B3",513
"20E5BB",513
"BE9220",513
"B7E4BE",512
"E5B8B8",512
"BE8A20",511
"848F20",510
"E69687",510
"B8A620",509
"9C89E7",509
"A8B120",508
"9C20E3",508
"20E9A3",508
"E7AD94",508
"80E5BE",508
"A520E9",507
"BD8FE5",506
"B320E4",506
"20E897",504
"B420E6",504
"20E682",503
"E999A4",503
"908620",501
"E7A596",501
"20E8AC",501
"E58589",500
"BABAE8",499
"E7AD89",499
"B7B420",499
"E5BDBC",498
"999520",497
"8980E6",497
"BF85E5",495
"B620E8",494
"BA20EF",493
"B4BE20",493
"E98A80",493
"959120",493
"E9A696",492
"E69599",492
"20E5A3",491
"9720E9",491
"E6BBBF",490
"E58880",490
"B5B7E8",489
"91E5BF",488
"A4A7E5",487
"E99BA3",487
"8ABC20",487
"BFA120",486
"9A20E3",485
"AD9420",485
"E5A4AA",484
"20E5A0",484
"828A20",482
"B88DE6",482
"E7BDB7",482
"E59D90",482
"20E686",481
"B484E7",481
"8DE5BE",479
"9820E7",479
"B8ADE9",479
"BAAB20",478
"8FA320",478
"A3A1E5",477
"9EE588",477
"20E9BB",476
"E5BFB5",476
"E78792",476
"BE20E7",475
"B7B4E6",475
"E695AC",475
"AE20E3",473
"B6E8A6",473
"85E590",473
"20E69E",472
"A5B3E5",472
"E585A5",472
"A720E6",472
"8B89E7",472
"E58D83",472
"8E83E7",472
"889020",471
"ADE996",471
"E688B0",470
"83E7BE",470
"E6B497",469
"82A3E6",467
"AAAAE7",467
"A220E4",466
"808E20",466
"99E59C",465
"8820E3",465
"E8B1AB",465
"BB20EF",463
"9A20E4",463
"20E7AC",462
"E5AD98",462
"89B220",462
"BF20E8",461
"E4BF9D",461
"8520E8",460
"878E20",459
"8B9220",459
"E88080",459
"AD8920",458
"E89299",456
"9A20E5",455
"E6B581",453
"E78FA5",453
"E58299",452
"E6ADA1",451
"9BA0E6",450
"BE9EE6",450
"20E68F",450
"9820E5",449
"E99DA0",449
"B820E7",447
"85B6E4",446
"8DE8A6",445
"82BAE4",443
"ACACE4",442
"E4BB87",441
"E582B3",441
"BEE59C",440
"8F20E8",440
"BA9420",439
"AB20E9",439
"E699BA",438
"A220E5",438
"A19820",438
"BA9520",438
"8E9FE6",438
"9220E4",437
"81E4BA",437
"BE8020",437
"E5AEB3",436
"E788AD",435
"9E20E9",434
"8D81E5",434
"9ABB20",434
"B7AF20",434
"E6ACA1",434
"B820E3",433
"AC20E4",433
"E8B496",433
"E685A7",432
"87BAE5",432
"9B9E20",432
"84E8A9",431
"BAE980",431
"E9A699",431
"E4BD8D",431
"AE89E6",430
"E9A1AF",430
"BAE685",429
"9B9EE7",429
"BC20EF",428
"99BAE6",428
"E5BAA7",428
"91AA20",428
"E593A5",428
"E8819A",426
"BA9EE4",426
"B320E6",426
"E5B7A5",425
"908CE5",425
"B8B620",424
"9EE7AD",424
"B98BE4",423
"E68EA5",423
"20E8BB",423
"9BA220",423
"20E6A6",423
"9C20E8",422
"84A1E8",422
"BAABE4",421
"9BA2E9",421
"E8BF91",421
"988E20",421
"BD94E6",420
"E884AB",420
"8BE6B3",420
"8720E3",419
"E681AF",418
"E59C8D",418
"E9A39F",417
"20E892",417
"E79599",417
"99E8A3",417
"B1B120",416
"E599A8",415
"B0E696",415
"9F20E9",414
"85A520",413
"A6AEE8",413
"E6B0A3",412
"E6AF80",412
"E694AF",412
"A5BDE5",411
"94BBE6",411
"8E8BE5",411
"9C8BE5",410
"968720",410
"BD20E9",409
"8320E6",409
"E885B3",408
"B896E4",408
"A220E6",408
"B520E3",408
"20E5A2",408
"99BC20",407
"E688BF",407
"E69DB1",406
"E880B3",405
"AAAAE8",404
"94E6B7",404
"AAE79A",404
"20E7A4",403
"80AB20",403
"908DE5",402
"89E7BD",402
"E8B79F",402
"9BBE20",402
"B88AE5",402
"8320E7",402
"E982A6",402
"E5BE85",401
"E695B8",401
"9A20E6",400
"A2E996",400
"A620E3",399
"A3AB20",399
"828420",399
"20E595",399
"9CE7B5",398
"E6A384",398
"E78AAF",398
"8993E7",397
"938820",397
"A120E8",396
"20E98A",396
"AD9820",396
"E69A97",395
"20E7AE",395
"E9998D",395
"AEE880",395
"8CE58D",394
"8FBE20",394
"E8B695",393
"94AFE6",393
"E6B3A2",393
"E585B5",393
"E5B08F",391
"E980A3",391
"BF85E6",391
"E79BB8",391
"E79BA1",391
"E5969D",390
"E5A4AB",389
"9B20E8",389
"8BBFE5",389
"9FBAE5",389
"91E689",389
"A9E69C",389
"BE8BE6",387
"8BE4BA",386
"E58B95",386
"E5858D",386
"E697A2",386
"BF83E8",386
"E8AC9D",386
"AFE6B4",385
"E696B7",385
"20E8B6",384
"B8E981",384
"BFB520",384
"ADB820",383
"9FE696",383
"E98083",383
"E58D97",382
"E6AD8C",382
"E7AEA1",381
"899320",381
"B920E5",380
"87E695",380
"A38720",379
"AE20E7",379
"A4BA20",379
"E5B883",379
"A59620",379
"E5BCB7",378
"E8BD89",377
"A120EF",377
"E7B4B0",377
"B3E5AE",377
"A220E7",377
"BA8CE5",375
"AF94E5",375
"E68F90",374
"ACE7BE",374
"E69C9B",374
"80E69C",373
"9F8EE9",373
"BE85E9",373
"8B89E5",372
"A49620",372
"20E9A9",371
"A9E588",371
"A7E4BA",371
"E9AB94",370
"86E588",370
"BB8A20",370
"8897E7",370
"B7A820",370
"A58920",370
"91E5B0",369
"BD8D20",369
"9EE4BC",368
"E4BBA3",368
"BB8520",368
"E683B3",367
"B6E588",366
"E69E9C",365
"9BB8E4",365
"99BE20",365
"E5B7AE",365
"B8E4BA",365
"A98CE5",365
"B920E7",364
"E98592",364
"B0B8E9",363
"80B220",363
"E981B5",363
"8099E7",363
"AF8DE8",363
"BDE583",363
"20E6B7",362
"9020E9",361
"E794B0",361
"8220E9",361
"E59380",361
"E8AA93",360
"E799BD",360
"E7879F",360
"8820E9",359
"20E8AE",359
"A496E9",359
"AFA620",358
"A5BFE5",358
"AB9620",357
"E588A4",357
"9C9F20",356
"8AE7BE",355
"E591BC",354
"E794A2",354
"E5BBBA",354
"B1B320",354
"9D9EE5",354
"B395E8",354
"20E8A7",354
"8F20E9",353
"E5B091",353
"80E590",352
"E5B995",352
"E585AD",351
"91AAE5",351
"E5AFAB",351
"E69C88",350
"E88D92",350
"E694B6",350
"8DBBE7",349
"BE8AE7",349
"8FA520",349
"87B320",349
"899B20",349
"E9878D",348
"E5A0B1",348
"969CE6",347
"A420E4",346
"E5BC97",346
"9FBA20",346
"8BA620",345
"A420E7",344
"20E5A9",344
"E8AD89",344
"BBBF20",343
"8F9620",343
"BC8EE5",343
"BE20E3",342
"9620EF",342
"95E880",342
"E5B08B",342
"A68BE8",342
"9320E8",341
"E59684",341
"ADBBE4",341
"E5ADA9",341
"A4AA20",341
"85A9E5",340
"E88289",340
"8891E8",340
"9D8820",339
"96E8AA",339
"80B2E5",339
"E8AA8D",339
"8A20EF",337
"A3E69C",337
"E6B2B9",337
"8320E8",337
"E7919F",337
"81A020",336
"83E8A3",336
"A88020",336
"E8AD98",336
"80E7BE",336
"B88DE7",335
"E8A8AD",335
"BCE680",335
"20E690",335
"E7958C",335
"A98CE8",335
"20E985",334
"BAA720",334
"82BAE9",333
"BF9120",333
"E69384",333
"20E88D",332
"AFE68B",332
"B08DE4",332
"89B2E7",331
"B98BE5",331
"B185E6",331
"9C9B20",331
"ACE4B8",330
"898BE4",330
"B320E8",330
"E5A49C",329
"8520E9",329
"91E5BE",329
"91E980",329
"BA9EE7",328
"E98194",328
"9920E8",328
"84A120",328
"8AE697",328
"E5AFB6",328
"969C20",328
"A59EE8",327
"E6B2BB",327
"E6809D",327
"AD20EF",327
"949FE5",326
"819620",326
"BB8AE6",326
"85E996",326
"E5A39E",325
"B7B4E5",325
"87A820",325
"B820E8",325
"E5BFAB",325
"BE9EE4",325
"BBE693",325
"8284E6",324
"E79C9F",324
"B220E4",324
"E68B9C",324
"BB87E6",324
"E8A9B2",323
"E7BEA4",323
"B4E6AF",323
"E686AB",323
"9D20E3",322
"81B2E9",322
"E5B8B3",322
"90ACE8",322
"E69BA0",321
"97E7A5",321
"ACA120",321
"99A820",320
"ACE4BA",320
"BCAFE6",320
"E6AF8F",320
"20E8AD",320
"BCE4BA",319
"A18020",319
"808020",319
"E7A6AE",319
"8196E6",319
"B0E4BA",318
"95B520",318
"E69BB4",317
"E4BB8D",317
"BB96E8",317
"8BE4BE",317
"80E8AA",317
"9CAC20",316
"B0BC20",316
"E8AE8A",315
"959920",315
"E69781",315
"BE8E20",315
"20E6A0",314
"AC20E7",314
"B920E4",314
"AC20E5",314
"BE86E7",314
"BC8EE9",314
"B087E9",314
"9DA020",314
"B5B020",313
"93E799",313
"BAE58E",313
"E88298",313
"E8AB8B",313
"E7A6B1",313
"B8B820",313
"9BA320",313
"E7B590",312
"BE97E4",312
"A320E9",312
"B2E99F",311
"8FAAE6",310
"A9A620",310
"9B9EE5",310
"9292E7",310
"829920",310
"B620E9",309
"E5AFA9",309
"B99FE6",308
"A9E580",307
"9BA0E9",307
"B320E9",307
"A59EE5",306
"B520E5",306
"B4BB20",305
"E8BFBD",305
"AAB020",305
"E58FA4",304
"96AF20",304
"AA9320",304
"919F20",304
"938A20",304
"A8B920",303
"B18820",303
"E585B1",303
"E8B2A1",303
"B7E8AA",303
"8720E9",302
"BE20E8",302
"A620E8",302
"A682E5",302
"8FAFE6",302
"888620",301
"E69CA8",301
"858820",301
"E5AEB9",300
"E5A085",300
"20E884",299
"B889E5",299
"E78794",299
"A9E5A3",299
"A38420",299
"AE20E5",298
"8980E5",298
"9292E8",298
"AA20E8",298
"B29920",298
"20E78A",298
"ABE99B",298
"E4BAA1",297
"E7B595",296
"B1E591",296
"20E5A1",295
"E8AA9E",295
"96E982",295
"E5B18B",295
"8980E8",295
"B88CE5",294
"A1A3E6",294
"88A9E7",294
"83E698",293
"9820E6",293
"BE20E6",293
"E781BD",293
"BD9CE5",293
"20E69F",293
"A420E6",293
"858920",292
"E688B6",292
"85B120",292
"85B620",292
"B820E6",291
"E7BE9E",291
"E7BD95",291
"8DE880",291
"84ABE9",291
"E789B2",290
"E6839F",290
"E9A2A8",290
"A682E4",290
"E794B2",290
"BDBFE8",290
"E4BE8B",290
"BF85E7",289
"BCAF20",289
"AAE4BA",289
"E9A99A",289
"E7A68D",289
"BAE4B8",288
"B020EF",288
"98AD20",288
"BAE588",287
"9292E6",287
"A68BE4",287
"BFE8AA",287
"BE9EE9",286
"B920E6",286
"AD20E8",285
"81BDE5",285
"82E4BD",285
"E89789",285
"ACE8BB",285
"9FE4B8",284
"A320EF",284
"E681A8",284
"84E791",284
"88A520",283
"95B7E5",283
"E589B2",283
"20E685",283
"81B220",283
"8320E4",283
"8794E7",282
"94E7A5",282
"E5A5AA",282
"A020EF",282
"83A1E4",282
"E9BB91",281
"E59C9F",281
"AE89E7",281
"E6A5B5",281
"E687BC",281
"A9E5AD",281
"A0E987",281
"A6AE20",281
"E5B9BE",281
"E6ADB2",280
"BDBCE6",280
"E981B8",280
"BDB720",280
"B087E4",280
"85A920",280
"9C8320",280
"B2B920",279
"83E4B8",279
"AB99E5",279
"20E8BD",278
"A3A1E9",277
"B7E5AD",277
"AF8F20",277
"9C8820",277
"BE8B20",277
"E99B96",277
"A4A7E4",277
"B99520",277
"9CBEE6",276
"8CE4BA",276
"E8AE9A",276
"AD20E9",275
"97A220",275
"20E6BD",275
"8EE982",275
"91A9E6",274
"E697A9",273
"20E58C",273
"B8A6E5",273
"B983E6",273
"BA94E5",273
"99E4B8",273
"A4A7E6",273
"BDA0E5",273
"839520",273
"E5ADBD",273
"9CBC20",273
"96E9A0",273
"E7AF80",272
"B520E4",272
"E8A893",271
"E9A485",271
"B1AB20",271
"9EE4BA",271
"99BCE6",270
"A88220",270
"B39C20",270
"9320E9",270
"E6B7AB",270
"E585AB",269
"E789B9",269
"BDE4BA",269
"81AB20",269
"BAE794",268
"958C20",268
"A8B1E5",267
"A59EE9",267
"83BDE5",267
"91E59C",267
"AAE5AD",267
"B087E5",267
"E6AC8A",267
"E8ABB8",266
"AAE8A9",266
"A1E8AB",266
"8887E4",266
"BE86E8",266
"85E6B0",266
"AEB320",265
"E9878F",265
"20E783",264
"8099E9",264
"8DE4BB",264
"E8888D",264
"94BEE5",263
"A0E580",263
"8D8320",263
"9B8620",263
"E6B1A1",263
"AC9D20",263
"8CE8AA",263
"B2B320",262
"AAE698",262
"8D20EF",262
"BDE5BE",262
"AC20E6",262
"A5BFE8",262
"85B520",262
"B820E9",261
"B720E6",261
"A68F20",261
"BDAAE5",261
"9EE580",261
"87E5A3",261
"E4BE9B",260
"9A84E7",260
"A920E8",259
"B880E7",259
"87E4BA",259
"97E59C",259
"E8B6B3",259
"BFB020",258
"E69B89",258
"B69320",258
"E6AB83",258
"A4A7E7",257
"A3ABE4",257
"BFE688",257
"91E588",257
"BF85E4",257
"B720EF",256
"9E20EF",256
"9CBCE7",256
"82E590",256
"9020EF",256
"E6A0B9",256
"9C89E5",255
"E7958F",255
"E8A792",255
"E99B86",255
"20E8B4",255
"E98187",254
"8AA0E5",254
"E58FB3",254
"8EBBE4",254
"A8A3E8",253
"95B6E6",253
"E7A9BF",253
"A89820",253
"ADA320",253
"E88889",253
"9D90E5",253
"E5B08A",253
"9AE99B",253
"E696B0",252
"ACE59C",252
"A69620",252
"E4BC8A",251
"BAE8AA",251
"A4AB20",251
"A1E890",251
"BE9EE7",251
"20E98C",251
"A696E9",251
"8B9520",250
"BAE881",250
"E8BFB0",250
"E891A1",250
"91A1E8",250
"E89084",250
"99E8A9",250
"8B9C20",250
"AE20E4",249
"808BE5",249
"A681E5",249
"BDBFE6",249
"E68588",249
"B1E5A4",249
"819AE9",249
"90AC20",249
"BE86E6",248
"89E8A8",248
"E8838C",248
"ADA9E5",248
"9520E9",248
"B3E5AD",247
"8BBFE8",247
"AC20E3",246
"B49720",246
"E7838F",246
"BFE880",246
"A3A1E4",246
"E68285",245
"20E893",245
"AE9720",245
"BAA420",245
"888020",245
"E7B4A0",245
"E7959C",244
"BCE6AD",244
"80B320",244
