"657220",45953
"206465",41582
"6F6720",34708
"656E20",32649
"646520",31899
"206F67",31570
"646572",26126
"206861",25753
"657420",19770
"656465",17487
"74696C",17148
"207469",16523
"696C20",16477
"C3A520",15966
"64656E",15457
"6E6465",14883
"6F6D20",13997
"652C20",13607
"666F72",13388
"68616E",13235
"206920",13066
"646574",12490
"656420",12410
"616E20",12011
"20666F",11688
"6F7220",11608
"2C2073",11394
"746520",11386
"657320",11219
"6E6520",10632
"20736B",10380
"726520",10346
"722064",10154
"207369",9897
"696720",9889
"746572",9849
"736F6D",9760
"6B6B65",9626
"206D65",9588
"617420",9399
"652064",9270
"206469",9232
"206174",9128
"616E64",9064
"20736F",8977
"206D69",8731
"6E6765",8713
"206572",8693
"676520",8276
"C3B872",8272
"652073",8272
"6B6520",8169
"617220",8150
"656720",8043
"736B61",7892
"6E7320",7885
"6E2C20",7823
"657265",7819
"65206F",7729
"766572",7672
"2C206F",7661
"6C6C65",7620
"656E64",7611
"6B616C",7511
"20656E",7471
"722C20",7453
"696B6B",7380
"616C20",7370
"696765",7355
"C3A672",7319
"737465",7295
"696E20",7259
"206166",7148
"2C2064",7137
"70C3A5",7112
"6D6D65",7084
"6D6564",6907
"616620",6907
"20696B",6882
"6A6567",6820
"206A65",6803
"676572",6778
"672064",6772
"455252",6733
"484552",6732
"525245",6728
"672073",6723
"652068",6615
"6C6520",6597
"736967",6543
"642C20",6540
"206672",6515
"65726E",6467
"73C3A5",6415
"65722C",6409
"726E65",6394
"2070C3",6294
"742C20",6287
"207361",6265
"204845",6246
"52454E",6102
"67656E",6087
"6C6967",6029
"207669",5945
"646967",5826
"C3B864",5823
"64656D",5786
"68616D",5786
"2073C3",5755
"696E67",5672
"747465",5604
"652074",5553
"672068",5537
"206876",5344
"656E2C",5337
"766172",5322
"2C2068",5322
"6E2073",5229
"206865",5179
"656D20",5153
"722073",5133
"656E65",5088
"20616C",5072
"72C3A6",4934
"696E64",4912
"652066",4878
"204775",4875
"3A2022",4841
"722065",4829
"652065",4821
"C3B86E",4809
"206475",4807
"207665",4801
"207661",4797
"657273",4778
"732053",4762
"4D656E",4745
"6E6420",4728
"C3A572",4721
"656C73",4698
"766564",4671
"667261",4603
"2053C3",4584
"647520",4539
"722068",4511
"477564",4491
"616765",4447
"6F7665",4445
"C3A66E",4445
"72206F",4436
"672C20",4428
"6E6E65",4382
"726120",4376
"20466F",4375
"652069",4355
"207374",4349
"6C6465",4338
"616E73",4336
"722061",4308
"642064",4276
"207564",4268
"676465",4263
"206564",4226
"6D6967",4194
"6D656E",4152
"736167",4128
"616764",4122
"204461",4119
"6B6F6D",4106
"65206D",4089
"766520",4080
"20626C",4077
"6F7264",4057
"686172",4047
"4F6720",4031
"656E73",4001
"697665",3991
"64696E",3967
"726564",3937
"722069",3936
"76C3A6",3910
"742064",3908
"53C3B8",3905
"6E206F",3881
"6F6420",3798
"6D2C20",3783
"206B6F",3780
"726465",3772
"646573",3764
"647420",3744
"6E6474",3729
"74656E",3723
"72656E",3715
"6C2064",3699
"726573",3697
"6C6572",3546
"732048",3528
"616D20",3517
"616420",3496
"656C6C",3484
"686920",3478
"742073",3425
"6D696E",3418
"6CC3A6",3416
"65742C",3390
"64206F",3390
"646120",3383
"66C3B8",3370
"2066C3",3361
"667465",3356
"756E64",3347
"2C2061",3343
"76696C",3341
"6E6573",3341
"206461",3338
"204865",3325
"64652C",3319
"72206D",3262
"204920",3256
"697420",3248
"677465",3243
"74206F",3239
"A57220",3237
"756420",3231
"207365",3222
"206F76",3199
"616C6C",3192
"6E2068",3191
"73696E",3187
"205374",3186
"204B6F",3174
"686176",3165
"20696E",3159
"672069",3148
"647265",3134
"727320",3117
"6F6E67",3108
"672074",3103
"6C6564",3093
"652076",3093
"696E65",3075
"692064",3072
"672066",3063
"736B65",3055
"206F70",3054
"736520",3042
"652061",3025
"6E6572",3023
"766F72",3012
"722066",2990
"6F6D6D",2989
"206F6D",2975
"686564",2969
"2048C3",2967
"742066",2959
"6F6C6B",2958
"6E2064",2957
"2067C3",2955
"C3A664",2951
"72C3B8",2941
"6E2066",2940
"6F7274",2938
"2C206D",2936
"204A6F",2904
"6C6576",2901
"616E67",2896
"727465",2853
"677420",2853
"B87265",2823
"A67265",2815
"67206F",2815
"454E20",2813
"204A65",2807
"466F6C",2791
"204973",2789
"4B6F6E",2785
"69672C",2783
"2C2066",2771
"C3A667",2768
"204875",2754
"C3A66C",2743
"617265",2736
"732C20",2729
"61656C",2714
"616465",2701
"742068",2685
"20536B",2664
"647465",2657
"68C3B8",2652
"722074",2645
"206769",2624
"6D6572",2611
"2068C3",2610
"6B656E",2601
"6E6720",2598
"737261",2583
"726165",2582
"742069",2572
"653A20",2567
"204D61",2563
"6E2074",2558
"497372",2554
"656C65",2549
"652053",2544
"6E2061",2539
"726572",2531
"A66E64",2526
"B86465",2524
"6D6F64",2508
"204C61",2489
"742065",2486
"652048",2473
"696465",2464
"A52064",2460
"6E2053",2456
"722076",2455
"726574",2431
"672065",2424
"722048",2412
"616C65",2411
"656C69",2408
"68656C",2397
"2076C3",2393
"76656E",2387
"207461",2361
"642068",2357
"206C61",2356
"676765",2354
"672076",2346
"727265",2333
"616774",2328
"6E2065",2325
"6C7365",2303
"647320",2296
"6C656E",2293
"205361",2289
"656E6E",2288
"2C2065",2286
"6A6572",2284
"766465",2267
"746564",2258
"6C2068",2253
"746869",2251
"68656E",2243
"626C65",2239
"204272",2239
"617665",2216
"667265",2214
"C3A673",2211
"617664",2204
"656C20",2196
"656674",2181
"206574",2174
"204D65",2167
"2C2074",2163
"446167",2157
"64656C",2143
"6E2048",2137
"6B6572",2137
"487573",2136
"486572",2123
"6E652C",2118
"206B61",2115
"766164",2096
"676574",2089
"206265",2078
"6E6564",2076
"616D6D",2065
"652062",2063
"616C74",2056
"446120",2047
"6D2064",2047
"652046",2033
"C3A56E",2032
"642069",2032
"20C385",2030
"207472",2016
"6E2069",2013
"732042",2012
"6F6C64",2006
"616C64",1997
"727374",1994
"67C3A5",1992
"732046",1991
"206472",1987
"6C6164",1981
"742076",1969
"4C616E",1966
"726B65",1965
"6E2076",1961
"642073",1956
"204D6F",1955
"207468",1945
"64653A",1943
"6F7320",1937
"687665",1936
"65722E",1922
"6D206F",1922
"A52073",1912
"20C398",1912
"C3A564",1912
"206EC3",1909
"6A656E",1904
"727420",1902
"6D6520",1900
"697465",1898
"742074",1897
"672061",1895
"766964",1884
"6E642C",1877
"652042",1873
"676976",1868
"6C2C20",1867
"20626F",1862
"657272",1854
"756473",1853
"6C6167",1851
"206DC3",1850
"20656C",1848
"6E696E",1840
"656D2C",1834
"C3A56C",1830
"67C3B8",1829
"206566",1828
"205469",1826
"6D2065",1824
"756C64",1823
"206661",1821
"C3B873",1820
"7374C3",1818
"204DC3",1815
"206CC3",1813
"757320",1811
"206272",1808
"6DC3A5",1805
"6D2068",1794
"6C6B65",1793
"6CC3B8",1766
"204661",1763
"6A6F72",1761
"616720",1761
"204861",1755
"617474",1754
"53C3A5",1751
"72206A",1750
"20686F",1747
"656E2E",1746
"74206D",1745
"672067",1745
"73656C",1742
"73656E",1736
"736B75",1735
"6C6C69",1733
"72652C",1733
"672062",1728
"642065",1725
"67206D",1723
"676865",1723
"657474",1721
"73206F",1719
"C3B86A",1717
"696774",1717
"6C6F64",1708
"20746F",1702
"205472",1697
"657620",1692
"746574",1692
"766574",1691
"205665",1690
"72696E",1686
"696768",1683
"6D656C",1675
"657665",1666
"A67264",1659
"742061",1655
"687661",1651
"657274",1646
"A67374",1638
"64206D",1634
"73746F",1631
"6F6765",1625
"642061",1623
"207265",1622
"466F72",1613
"766920",1613
"612C20",1610
"6D616E",1608
"65204D",1607
"74616C",1603
"692068",1595
"B87274",1592
"6B6574",1586
"204172",1582
"204E61",1580
"454E73",1576
"6C616E",1574
"652070",1573
"642066",1565
"657374",1562
"4E7320",1558
"6F6465",1557
"747320",1556
"205669",1555
"A66465",1549
"747265",1548
"4D616E",1544
"72656D",1541
"736572",1536
"697374",1530
"756465",1525
"692048",1523
"6E2062",1520
"6C2073",1517
"6C7465",1513
"696B20",1511
"626C69",1510
"206F73",1510
"205265",1504
"6C6976",1501
"652044",1499
"B86E6E",1498
"6C7320",1498
"796465",1498
"B87220",1497
"65206B",1497
"73616D",1494
"722062",1484
"206E6F",1484
"6D2074",1483
"796E64",1477
"446572",1477
"652067",1477
"20736C",1477
"6E6473",1474
"617320",1473
"4A6F72",1472
"736573",1471
"6E6472",1471
"642074",1467
"6D2069",1457
"20C386",1452
"696420",1449
"204265",1448
"204B72",1448
"6C2061",1447
"766973",1442
"2C2076",1442
"696C6C",1441
"657473",1440
"737420",1440
"652054",1438
"653B20",1437
"4272C3",1434
"732047",1430
"207376",1425
"626F72",1424
"206C69",1418
"20766F",1417
"6D2073",1415
"612064",1412
"204279",1410
"732073",1408
"746167",1405
"737472",1403
"726469",1401
"65642C",1396
"2046C3",1396
"726765",1395
"676E65",1394
"A56E64",1393
"205072",1393
"6E6F67",1391
"20616E",1390
"666665",1387
"207370",1383
"65204B",1381
"2C2069",1377
"66C3A6",1376
"6B756C",1372
"7472C3",1370
"6C6474",1367
"4A6567",1367
"742048",1367
"C3A562",1366
"204F72",1361
"74652C",1359
"6F7020",1355
"686F6C",1352
"64C3B8",1346
"A52068",1345
"6C656D",1343
"6E206D",1343
"3B206F",1343
"48C3A5",1343
"612073",1342
"6E204D",1340
"65736B",1334
"7320C3",1330
"6E2047",1325
"4F7264",1325
"2C2048",1325
"676A6F",1323
"6EC3A5",1322
"722053",1315
"726167",1314
"67206C",1314
"6520C3",1302
"6773C3",1299
"616D2C",1298
"68766F",1295
"6D6974",1290
"67652C",1289
"206D6F",1283
"657266",1283
"206E65",1276
"72666F",1274
"6E2067",1274
"4A6572",1268
"6C7420",1265
"204672",1262
"3B2064",1262
"672053",1261
"A56C65",1260
"67206B",1260
"6E7520",1256
"2C206C",1253
"546869",1250
"652047",1247
"726967",1247
"6E2054",1244
"73204C",1243
"6E2046",1241
"2064C3",1236
"A66774",1231
"76696E",1224
"20486A",1222
"6B616E",1221
"20486F",1220
"6D3A20",1218
"756E20",1217
"73C3B8",1217
"652075",1213
"73204B",1210
"75642C",1210
"204C65",1210
"6E7465",1209
"662064",1201
"73796E",1200
"722067",1199
"676573",1199
"206D61",1197
"2062C3",1196
"696D6F",1196
"73652C",1195
"C3B876",1195
"652049",1195
"6F7365",1195
"A66E67",1194
"65206C",1191
"6E656E",1188
"20756E",1187
"6C6420",1187
"742046",1184
"72C3A5",1183
"666572",1183
"646974",1182
"6D2066",1181
"6B756E",1174
"796C64",1172
"732054",1156
"74C3A6",1154
"204C69",1153
"206875",1153
"656C2C",1148
"204261",1145
"73616C",1138
"726973",1132
"752073",1131
"737661",1126
"726420",1125
"65742E",1123
"204B61",1120
"65204C",1119
"722070",1114
"646F6D",1114
"676176",1113
"6E206B",1112
"6F6773",1108
"617374",1105
"67656C",1105
"206C65",1103
"204772",1102
"67696B",1100
"C3B867",1099
"61766E",1091
"206761",1091
"66616C",1089
"206E75",1087
"727573",1085
"742062",1084
"646465",1084
"737365",1084
"657375",1081
"20536C",1079
"746967",1078
"617669",1075
"48C3A6",1073
"672048",1072
"2052C3",1072
"202248",1070
"204465",1065
"657275",1065
"446176",1065
"626572",1062
"652056",1060
"732064",1059
"72206B",1056
"C3B86C",1055
"B86E20",1053
"205379",1045
"20696D",1045
"73204D",1044
"2C206A",1044
"742053",1043
"2044C3",1042
"746F72",1041
"20676A",1040
"6C2065",1039
"537465",1036
"204761",1036
"6E206C",1034
"B86420",1034
"206B75",1033
"65723B",1030
"466164",1027
"647374",1021
"722047",1018
"6C2048",1016
"617620",1016
"C3A674",1015
"206669",1015
"48616E",1015
"74C3A5",1012
"204CC3",1009
"4A6573",1003
"697320",1001
"207379",998
"687669",997
"3B2074",996
"657267",996
"6D2076",996
"205661",993
"6F7265",993
"732068",987
"6E2044",982
"74C3B8",979
"2C2062",976
"204A75",976
"732056",976
"65204A",975
"74204C",974
"6B2C20",972
"6DC3A6",972
"732044",970
"696C62",970
"76616E",968
"67204A",966
"707065",966
"205369",965
"6C6574",965
"642076",963
"656A20",962
"5472C3",960
"4DC3A6",958
"68756E",952
"736974",951
"746F67",951
"656765",949
"A56465",948
"B87374",945
"796774",945
"65206E",942
"2042C3",941
"20656A",940
"6C2076",938
"6C206D",937
"692073",937
"612068",936
"6F6E20",936
"6C206F",933
"76656C",932
"656E3B",931
"697365",931
"20416C",930
"696C64",929
"B86E2C",928
"657465",927
"6E6B65",926
"20536A",925
"2072C3",924
"4A7564",923
"796B6B",921
"6B652C",921
"692053",918
"204869",915
"656C76",915
"72206C",915
"746573",913
"206C6F",912
"6AC3A6",910
"657669",909
"742067",909
"722075",904
"6E3B20",901
"737469",899
"44C3B8",898
"72616E",892
"796767",891
"4D6F73",891
"652041",887
"6E6773",885
"626167",885
"4B7269",883
"446574",881
"64652E",880
"6F7273",876
"205461",874
"4E6176",872
"72736B",871
"656C74",870
"6C7620",870
"726F6E",867
"20C3B8",865
"6C2053",865
"53796E",865
"67206E",859
"6E2042",858
"732069",856
"204C6F",855
"74616E",853
"205061",853
"B87665",848
"647261",848
"737573",847
"757361",846
"656E74",846
"73204F",844
"65732C",841
"692065",834
"5072C3",834
"486A65",833
"46C3A6",831
"642048",828
"657269",824
"707465",823
"6C2069",817
"672070",816
"726C69",816
"204D69",814
"C38667",811
"2056C3",810
"67742C",810
"427965",810
"2C206E",809
"6C6B20",806
"723B20",803
"65676E",801
"756461",800
"736964",799
"6BC3A6",798
"6D6C65",797
"C3986A",797
"686572",794
"6B796C",794
"6CC3A5",793
"6B6172",793
"75732C",793
"2C2049",792
"536B79",791
"205365",791
"676C65",790
"A67474",789
"454E2C",789
"20426F",789
"737461",787
"722046",786
"732065",785
"A66C64",785
"647365",784
"C3A66B",783
"736BC3",783
"6E204B",782
"56C3A6",781
"656A65",781
"766967",781
"526574",780
"204166",777
"204B76",777
"672041",775
"B86A65",775
"6C6261",773
"66756C",772
"72206E",772
"537461",772
"65726C",771
"6C6974",771
"6F7267",770
"6D206D",770
"204F67",769
"686F73",769
"56616E",768
"206C79",768
"66C3A5",766
"4E2C20",765
"732066",764
"766E65",764
"69672E",764
"642053",764
"546964",764
"6EC3A6",764
"6B6573",763
"626C61",762
"696473",762
"6B6564",759
"722049",758
"627261",756
"6E2056",755
"20456E",753
"672075",752
"756C6C",752
"6C2066",750
"723A20",749
"727964",748
"6F6666",748
"204275",747
"643B20",746
"62656E",744
"727967",743
"626172",741
"736B72",741
"48696D",740
"205376",740
"7466C3",740
"7270C3",739
"67204D",738
"4C6976",738
"672042",738
"6C206A",735
"72204D",734
"657270",734
"677970",733
"797074",733
"20546A",732
"72656C",731
"866779",730
"212220",729
"205465",728
"204765",728
"65723A",727
"6E6574",727
"3B206D",727
"536CC3",726
"6D2061",726
"646920",725
"732074",725
"752068",724
"626564",724
"48C3B8",722
"206675",722
"656473",722
"2C2053",722
"48656C",722
"546A65",721
"A52069",720
"647269",720
"73C3A6",719
"204162",719
"2C2067",718
"726F66",717
"56656A",716
"797665",714
"67204B",714
"743B20",713
"652050",713
"6C696E",712
"6B6162",709
"206772",709
"6F7266",709
"6E672C",708
"756774",707
"61206F",707
"742042",706
"4C6F76",706
"7420C3",704
"A66767",704
"616D6C",703
"612048",703
"697373",702
"6E2075",701
"6F726C",701
"65726B",699
"65204F",698
"6B7269",696
"A66472",696
"B87273",693
"492073",693
"737069",692
"C3B86D",692
"696E74",689
"72642C",687
"656E67",687
"757374",687
"204A61",687
"C3A665",685
"616D3A",684
"666574",684
"672046",683
"657466",683
"56696E",683
"202244",682
"4EC3A5",682
"736CC3",682
"6B656C",681
"652072",681
"726F67",681
"6C6765",681
"206261",680
"204D75",677
"752C20",677
"616265",676
"67206A",674
"204B6C",672
"6F6665",671
"6C7964",671
"732052",670
"686A65",670
"732041",669
"20426C",669
"736174",668
"204BC3",668
"204EC3",668
"656D2E",668
"726166",667
"732061",667
"742070",667
"224876",665
"76656D",665
"6C204A",665
"676564",664
"6C204B",664
"726576",664
"642070",662
"A6726B",661
"722042",661
"42C3B8",658
"69204B",658
"706572",656
"C38572",655
"726D65",655
"C3A565",655
"657221",654
"737479",654
"6E206E",654
"6C736B",654
"48766F",649
"20416E",649
"467265",649
"6A6520",647
"6D2062",647
"536B61",647
"72204B",647
"6D7320",646
"736574",645
"74206A",645
"757365",644
"656D6D",642
"6F6E64",640
"44656E",640
"69204A",640
"74204D",639
"657261",639
"6C2062",639
"617269",639
"C3B862",638
"206B65",638
"742075",637
"2C206B",637
"B86474",637
"C3A676",636
"69204C",636
"74656C",634
"616E2C",634
"646F67",634
"616D2E",633
"20426A",633
"756E67",632
"6C2049",631
"62C3B8",629
"2E2044",628
"796572",628
"20456C",627
"646E65",626
"20676F",625
"6E646F",625
"656A72",624
"6C2074",623
"676F64",622
"646564",622
"692042",622
"A52065",621
"72204A",621
"6E642E",621
"74726F",621
"746F20",620
"206F6E",620
"6BC3B8",617
"6272C3",617
"54726F",617
"4B7669",615
"4A6F73",614
"706973",609
"A56265",609
"A66572",608
"627967",608
"446520",608
"202253",607
"72204C",606
"656A73",605
"6E652E",603
"672054",603
"6F6D2C",602
"4CC3B8",602
"B8726E",600
"72756E",600
"C39872",600
"762C20",599
"672072",598
"672044",596
"74206C",594
"4DC3A5",594
"53616C",592
"696D6D",591
"6E204C",591
"747275",591
"B86765",591
"2C204A",591
"67616E",590
"6F726E",590
"426A65",590
"206869",589
"6C2042",588
"6E3A20",587
"6C652C",586
"204566",586
"52C3B8",585
"696173",585
"6E2041",584
"61756C",584
"616C76",583
"746964",581
"64726F",580
"204876",577
"20646F",576
"657264",575
"206A6F",575
"2C2041",575
"B86C67",574
"447520",573
"6F6672",573
"762064",572
"C3856E",571
"856E64",571
"6E2070",571
"6F7261",571
"6A612C",569
"6A6E65",569
"62656C",568
"B86472",566
"6D2048",563
"67204C",562
"656474",562
"204C79",561
"2074C3",559
"7220C3",558
"656D3A",558
"B86D6D",558
"74616D",558
"72616D",557
"6E20C3",557
"652052",557
"6E7374",555
"986A6E",554
"627269",553
"722072",553
"46C3B8",552
"205065",552
"20C3A5",551
"6A7265",551
"205269",550
"646973",550
"B87365",550
"736C61",550
"732050",550
"73616E",550
"69206D",550
"C38573",548
"616E61",548
"857379",547
"747573",547
"742049",547
"C3A52C",545
"6C2067",545
"727665",545
"667269",545
"A52076",543
"742041",541
"65642E",541
"696C65",540
"72652E",539
"53652C",538
"626573",538
"732076",538
"73206D",535
"692044",535
"69204D",534
"616B6F",534
"6772C3",533
"A52061",533
"746F64",533
"6E2072",533
"65206A",532
"61726D",532
"6C742C",530
"672049",530
"652E20",529
"C3A662",529
"61726B",528
"204472",528
"A66B6B",527
"726F64",527
"74206B",526
"6E2050",526
"A5206D",525
"6F7262",523
"6C6F67",523
"6E204A",523
"20496E",523
"64736B",521
"20666C",520
"6B206F",520
"A52C20",519
"427564",519
"79656E",518
"627465",517
"692047",517
"646F66",517
"732045",515
"757265",513
"747261",513
"65743B",511
"3B2068",509
"72656A",509
"53616D",508
"672047",507
"67652E",507
"752065",507
"692046",507
"206576",506
"2C204B",505
"752069",504
"54696C",504
"205370",503
"673B20",503
"496E64",503
"A66E6B",502
"6E7420",501
"74204B",500
"6E2052",500
"722044",499
"617261",499
"726976",499
"50726F",499
"486F76",498
"696767",497
"204669",496
"6D3B20",496
"726E20",496
"656E68",496
"204173",495
"727567",494
"4772C3",494
"69676E",493
"6A656D",492
"6E656D",492
"A56E65",491
"652120",491
"652122",489
"A57265",489
"6C642C",489
"612761",488
"747976",488
"737976",487
"A52074",487
"626567",487
"426C6F",487
"20416D",487
"6A6465",486
"72736F",486
"696474",485
"4D6F64",485
"68C3A6",483
"20536F",483
"2C2075",482
"726E69",482
"64616E",481
"722041",481
"62C3A6",480
"47756C",480
"6B6173",480
"697620",479
"6C6964",476
"6C6965",476
"6C204D",475
"416C74",475
"646CC3",475
"6D206A",474
"726265",474
"67646F",474
"696C69",473
"6E7365",473
"6C6B2C",472
"4CC3A6",471
"53616E",469
"656A64",468
"206765",468
"69736B",465
"206279",464
"696721",464
"797265",463
"72696B",462
"6A2C20",461
"73204E",460
"692061",460
"656D73",459
"62616E",459
"696674",459
"50C3A5",458
"797264",458
"6C6573",455
"466A65",454
"6472C3",454
"646E69",454
"207269",453
"752076",452
"6C6973",452
"466172",452
"6C2046",451
"657268",451
"756B6B",450
"20686A",450
"6C6774",449
"496C64",449
"224465",448
"206665",448
"20466A",448
"A5206F",448
"646173",448
"616D61",447
"766E20",447
"736DC3",447
"737475",447
"486176",446
"73742C",446
"2C2042",446
"537472",446
"616C6F",446
"4C6576",445
"722054",445
"722056",444
"6B7320",444
"696C6B",444
"20496C",444
"69673B",443
"20224A",441
"642047",441
"76206F",441
"4D6172",439
"6C2047",439
"677469",439
"6F6474",438
"206565",436
"64204D",436
"6E646C",436
"526967",436
"6A6120",436
"6C2041",435
"20C3A6",435
"303020",435
"726C65",435
"6920C3",434
"646865",433
"4E2068",432
"A5206C",432
"6E6469",432
"622C20",432
"5376C3",432
"706C65",432
"54696E",432
"A52066",431
"4A616B",431
"2C204D",430
"672050",430
"6C7665",430
"626574",429
"646C65",429
"62656A",429
"667279",429
"666173",428
"A56574",428
"64C3A6",428
"486F72",428
"487661",427
"6E2045",427
"72616B",427
"A52062",427
"6D6574",427
"6B6F62",427
"616473",426
"476572",426
"207072",425
"64653B",424
"666C79",422
"6E2E20",421
"74206E",421
"6D6F6E",421
"204769",420
"74204E",420
"616861",419
"697474",419
"662053",419
"727564",419
"4F7665",418
"6E6974",418
"692076",417
"A66C6C",417
"677564",417
"696C73",417
"536175",417
"66696E",416
"204F66",416
"656E21",415
"616674",415
"6D2053",415
"762068",415
"A52048",414
"3A2053",414
"65726F",414
"662068",413
"4BC3B8",413
"642062",413
"204F76",413
"72742C",412
"C3B874",412
"666174",412
"6720C3",411
"20676C",410
"69646E",408
"61672C",407
"677265",407
"6F6E69",407
"6F722C",406
"696D65",406
"692C20",405
"736B79",405
"69626C",405
"65732E",403
"A67273",400
"6466C3",399
"797474",399
"536BC3",399
"4D6F72",398
"64204B",398
"6D7065",398
"673A20",396
"A67220",396
"6F6E73",396
"6C6469",395
"66616E",395
"7072C3",394
"6D206B",393
"766974",393
"69656E",392
"204469",392
"672056",392
"6D206E",392
"A52053",392
"204E65",392
"205672",391
"652045",391
"642046",391
"656E62",390
"726B6F",390
"6C206B",389
"656E69",389
"616C69",389
"4D756E",389
"64206B",388
"206164",388
"736C6F",388
"656275",388
"742047",388
"52452C",388
"567265",388
"616220",386
"677374",386
"727469",386
"6E6467",386
"20466C",385
"4E2064",385
"62C3A5",385
"6F6E65",385
"452C20",385
"536964",383
"6C20C3",383
"692049",383
"2054C3",382
"C3B866",382
"752064",382
"A57264",382
"726964",382
"4E6174",380
"6A6F20",380
"6D6172",380
"6C6F6D",380
"726521",379
"204479",378
"42726F",378
"642042",378
"6C6473",378
"6D2049",378
"696764",378
"64742C",377
"61726E",377
"206962",377
"224A65",376
"6D652C",376
"4B6CC3",376
"B86674",375
"6B6F6E",375
"6F6D73",375
"20506F",375
"536AC3",372
"797620",371
"41726F",371
"646167",370
"64204A",369
"70206F",369
"656C2E",368
"6F7268",368
"746F6C",368
"736C65",367
"A5204A",366
"68616C",366
"68696E",366
"20546F",366
"75206D",365
"65656E",365
"75646C",365
"642067",364
"726C61",364
"6F6E2C",364
"6E6468",364
"6E206A",363
"4C656A",363
"696C2C",362
"747269",362
"6F6C69",362
"627564",361
"456674",361
"616E6B",361
"454E2E",360
"98726B",360
"74796B",360
"797374",359
"612074",359
"616C73",358
"54616C",357
"3B2073",357
"672052",357
"707572",357
"66696B",356
"6C6970",356
"756467",356
"B86E73",356
"857220",355
"277320",355
"747972",355
"6C7369",354
"207261",354
"6D6573",353
"492068",353
"67656D",353
"66204A",352
"692054",351
"75642E",351
"756472",351
"626520",351
"74652E",350
"7266C3",350
"6E6876",350
"656D65",350
"696464",349
"492069",349
"696265",349
"627320",348
"4F6666",348
"206967",348
"416667",348
"4C7973",347
"69206A",347
"6E2049",347
"207572",347
"566964",347
"487665",346
"A52067",346
"6F6162",346
"652E22",345
"6B652E",345
"67742E",345
"643A20",344
"6E6261",344
"746920",344
"732049",344
"42656E",343
"766C65",343
"206964",343
"456C69",343
"762073",342
"4DC3B8",341
"746A65",341
"6E7369",341
"61766C",341
"746567",341
"20566F",341
"6F6473",340
"506F72",340
"566564",340
"656472",340
"742072",339
"47616E",339
"627265",339
"642049",339
"743A20",338
"206479",338
"6D2067",338
"752066",338
"6B7265",338
"61204A",337
"612053",337
"22204F",336
"702C20",335
"207479",335
"726865",335
"722052",335
"726176",335
"6E646E",334
"67C3A6",334
"446973",334
"2C2072",334
"6F732C",333
"656D3B",333
"454E3A",333
"487669",333
"6B2068",333
"65736C",333
"726B20",333
"46696C",333
"204B65",332
"662065",332
"617461",332
"6F6C65",332
"626E65",331
"647469",331
"74204F",331
"612076",331
"426172",331
"6B76C3",330
"662048",329
"736D61",329
"486172",328
"6D2075",328
"706520",327
"4C6164",327
"796E20",327
"756572",327
"6E6774",327
"697070",326
"6C206C",326
"667420",324
"6B72C3",324
"7A6172",324
"2C2047",323
"616E6E",323
"64206A",323
"6F726D",323
"205A65",323
"20446F",323
"4E3A20",322
"6E653B",321
"742054",321
"672045",321
"736C75",321
"6A7365",321
"736B69",320
"20536D",320
"6A656C",320
"72653B",320
"205A69",320
"4B616D",320
"6C6176",320
"6573C3",320
"B86C76",320
"2E204F",318
"79726B",318
"205475",318
"647369",318
"206F66",318
"6F6D6F",318
"426574",318
"642E20",318
"642122",317
"205572",317
"4E2065",317
"69642C",317
"566973",317
"626164",317
"66656D",316
"206567",316
"202D20",315
"6D6C69",315
"6F2C20",315
"726562",315
"692056",314
"732062",314
"736279",314
"A66C20",313
"426F72",313
"6C7573",312
"687573",312
"646E75",311
"204475",311
"67653A",311
"456E67",311
"6D6567",310
"506167",310
"B86265",309
"656861",309
"726E2C",309
"6A756C",308
"68C3A5",308
"3F2220",307
"642075",307
"A67665",306
"20556E",306
"416272",306
"6C2044",306
"69673A",306
"6F676C",305
"742E20",304
"722E20",304
"6F6774",304
"6E736B",304
"616B20",304
"656461",304
"6B2064",304
"3A2048",304
"656E3A",303
"67616D",303
"6C7374",303
"766573",303
"732773",303
"6E2122",302
"672122",302
"6B616D",302
"4E2073",301
"73652E",300
"66796C",299
"205069",299
"6E6A61",298
"612066",297
"756C20",297
"6F726B",297
"742056",296
"B8642C",296
"A66720",296
"426162",296
"656C61",296
"447972",295
"65204E",295
"6C2050",295
"206BC3",295
"536C61",294
"752074",294
"20506C",294
"61206D",294
"736A61",293
"65736A",293
"537479",293
"742122",292
"6E672E",292
"707265",292
"2E2053",292
"64204C",292
"6467C3",292
"B87267",292
"2C2070",291
"76652C",291
"726761",291
"536B72",291
"416C65",291
"6F642C",291
"65672C",291
"616D70",291
"6D2070",290
"612061",290
"6E643B",290
"20416B",290
"75732E",290
"692045",289
"205261",289
"6F7474",289
"6C6561",289
"6E204E",288
"477275",288
"6A6173",288
"6420C3",287
"6C6F76",287
"A52049",286
"207275",286
"20476C",286
"662042",286
"666972",285
"722050",285
"766F67",285
"726261",285
"206B6C",285
"206679",285
"6A616D",285
"656D74",284
"616D73",284
"692041",284
"756474",284
"65736F",284
"656661",284
"656A2C",284
"6B7365",283
"A6766E",283
"3A2044",283
"627275",283
"446F6D",283
"205479",283
"206B72",282
"642041",282
"727472",282
"707269",282
"B86E64",282
"727565",281
"C3A66D",281
"666F6C",280
"536B69",280
"6D206C",280
"48756E",280
"64736D",280
"6B2069",279
"7370C3",279
"666A65",278
"206968",277
"65723F",277
"733B20",277
"204F70",277
"746E69",277
"446174",277
"642054",277
"A66765",276
"204269",276
"616E74",276
"69656C",276
"B86A74",275
"4E2074",275
"656875",275
"6D2042",275
"65766E",275
"616D3B",275
"72616F",275
"722122",275
"C3A573",275
"426F6C",275
"697265",274
"20666A",274
"642056",274
"4D6564",274
"662073",274
"206775",274
"204679",274
"756265",273
"417262",273
"6F6564",273
"52C3A5",273
"657421",272
"467279",271
"456E64",271
"626F65",271
"732067",270
"69736A",270
"627972",270
"6F7374",270
"6BC3A5",270
"205564",270
"6B796E",270
"616666",269
"416E73",269
"75206F",269
"757267",269
"797273",269
"752067",268
"6A6564",268
"6E6967",268
"697363",268
"736369",268
"636970",268
"647972",267
"A66C70",267
"6C204C",267
"A5204D",267
"6E6865",267
"204F6C",267
"726920",267
"692066",266
"75206B",266
"656CC3",266
"702066",266
"4B616E",265
"6E67C3",265
"536A65",265
"676E20",264
"5374C3",264
"747469",264
"733A20",263
"6E6466",263
"204AC3",263
"73204A",263
"4AC3B8",263
"2E204D",262
"4BC3A6",262
"66204D",262
"726F65",262
"69206F",261
"52C3A6",261
"205468",261
"2E3030",261
"53C3A6",260
"6F702C",260
"6C796B",260
"54656D",260
"4F6C69",259
"6C762C",259
"64752C",258
"4D696E",258
"696E73",258
"796E67",258
"303030",258
"616A61",258
"6D7465",257
"65733A",257
"6EC3B8",257
"662046",257
"726473",257
"47C3A5",257
"6C6472",257
"616461",257
"566572",256
"204564",256
"616D69",256
"2050C3",255
"4B6F72",255
"722045",254
"C38672",254
"6F6220",254
"61722C",253
"612042",253
"627279",253
"4A6F61",253
"756466",252
"2E2048",252
"736566",252
"6C2054",251
"72696D",251
"204576",251
"4B7261",251
"206176",251
