"206B61",63321
"61C58B",60225
"C58B20",57693
"206761",43467
"676120",40867
"617920",33760
"657920",31654
"646120",31422
"61206E",30949
"6D6120",29325
"6B61C5",26129
"206D61",25829
"61206B",25063
"6E6F20",22683
"206461",22625
"206E6F",21599
"6B6120",21167
"206861",20427
"20626F",20232
"612062",20179
"206D6F",20174
"617261",18802
"20676F",18684
"6E6120",18590
"207365",18478
"206120",17145
"6E6461",16762
"207261",16536
"7961C5",16460
"6E6920",16429
"206261",15934
"612073",15304
"616E64",15130
"206920",15114
"61206D",14974
"612C20",14970
"6D6F20",14750
"6F2067",14551
"206B75",14422
"206E69",14078
"207361",14042
"612064",13983
"6B6F79",13945
"612067",13900
"6F206B",13861
"206369",13509
"726120",13387
"726F20",13087
"696E20",13001
"612074",12969
"206E61",12787
"79206B",12636
"726920",12530
"206179",12246
"6F2C20",11995
"207761",11913
"206E67",11840
"612061",11735
"616120",11659
"6E6761",11606
"6E6520",11578
"8B2067",11239
"64696E",11076
"626F72",11055
"612068",10969
"756C75",10954
"6C6120",10883
"69206E",10879
"796120",10868
"616D61",10750
"726179",10729
"616C61",10504
"676161",10414
"6E6469",10280
"6F7920",10259
"697961",10249
"6B756C",10159
"692067",10098
"6F726F",10012
"7261C5",9995
"69206D",9801
"6C7520",9777
"206E65",9674
"616262",9629
"207961",9547
"6F6F6E",9336
"6F206E",9306
"646920",9143
"206469",9091
"2C2061",9043
"792067",9016
"746520",8975
"626920",8946
"207369",8857
"69206B",8805
"207465",8687
"276120",8681
"612066",8631
"206B6F",8496
"206E64",8493
"696E64",8444
"616162",8388
"652C20",8334
"207A61",8083
"206172",7982
"65206B",7893
"526162",7768
"616E61",7718
"626269",7676
"736520",7673
"6FC58B",7649
"79206D",7557
"676F20",7507
"616172",7504
"792073",7382
"692073",7377
"206A69",7287
"726579",7230
"612077",7225
"792064",7191
"6B6161",7167
"62616E",7121
"612069",7119
"20646F",7053
"20666F",6961
"612063",6955
"205261",6920
"206269",6860
"696E65",6837
"79206E",6817
"736920",6804
"616D62",6771
"2C2064",6675
"206675",6662
"776161",6521
"207461",6493
"617269",6493
"616E67",6450
"653A20",6422
"697269",6387
"20776F",6381
"626FC5",6349
"6F6E6F",6327
"692062",6301
"696B6F",6240
"65206E",6206
"2E2041",6147
"6E6465",6144
"6D616E",6137
"697A65",6112
"75206B",6061
"20697A",6023
"206869",6010
"616E74",5986
"792C20",5945
"497269",5911
"206C61",5893
"612E20",5869
"72612E",5848
"63696E",5810
"6C6161",5767
"6F6E64",5764
"206661",5730
"746920",5672
"646F20",5655
"6F2061",5483
"8B2061",5453
"6F2064",5429
"72612C",5411
"692C20",5403
"2C206B",5359
"6E616E",5323
"20C2AB",5275
"792062",5255
"8B206E",5242
"3A20C2",5207
"72696B",5195
"204972",5141
"616E6E",5106
"626179",5051
"6F206D",5015
"206475",4999
"7A616D",4991
"206E27",4977
"68616E",4932
"666F20",4925
"20746F",4839
"204120",4834
"676579",4825
"6F2062",4780
"6D6D61",4762
"677520",4757
"6A696E",4754
"62696E",4608
"656572",4579
"626120",4559
"626F20",4522
"676F6F",4515
"276920",4477
"6F7265",4476
"2C2069",4427
"73616E",4427
"2C206E",4406
"68616C",4403
"616C20",4402
"6F2073",4401
"686172",4370
"652061",4358
"6F2072",4355
"626172",4343
"692064",4334
"692068",4331
"612072",4319
"6E653A",4234
"696E61",4219
"68696E",4212
"616261",4192
"417920",4143
"8B206B",4125
"627520",4115
"73652E",4115
"796579",4104
"642761",4094
"75206E",4091
"616174",4086
"626161",4046
"6E6765",4040
"8B206D",4012
"2EC2BB",4010
"20616C",3987
"6B6F6F",3974
"61206A",3968
"207475",3967
"746F20",3933
"6B616C",3923
"626565",3902
"8B2073",3861
"7A6579",3860
"6D6F2C",3846
"6E646F",3834
"8B2069",3825
"796F20",3820
"6B616D",3812
"6E6775",3779
"204920",3772
"206775",3750
"6D6161",3713
"746120",3705
"206972",3704
"692061",3685
"6E7961",3678
"6F6F64",3607
"617265",3606
"6F6469",3602
"617267",3600
"206727",3569
"61207A",3568
"276179",3555
"6E2761",3516
"77616E",3489
"66756E",3485
"73652C",3468
"746F6E",3449
"646520",3442
"6E206B",3421
"692074",3416
"636979",3415
"2E2049",3397
"776F20",3392
"206265",3381
"6F2E20",3358
"612079",3355
"67616E",3323
"652E20",3306
"207769",3305
"2C207A",3290
"8B2079",3249
"6D6275",3216
"6B616E",3209
"727520",3206
"756E64",3205
"6E6B6F",3204
"776179",3191
"617961",3177
"207469",3166
"752C20",3156
"756E61",3151
"61626F",3126
"205961",3112
"64616E",3105
"61616E",3098
"206427",3096
"5A616D",3089
"61206C",3085
"692066",3083
"6F6E6B",3071
"616469",3061
"652062",3061
"616E20",3040
"612049",3035
"416D6D",3028
"6F7261",3008
"C58B2C",2969
"6E6579",2967
"206275",2957
"692063",2955
"6D6265",2948
"206A61",2946
"C58B2E",2933
"6F796F",2924
"61792C",2922
"616B61",2901
"8B2C20",2898
"61616C",2897
"6E6F2C",2887
"C58B77",2879
"20C58B",2874
"8B7761",2871
"736172",2835
"2C2077",2834
"676F72",2833
"6E6B61",2828
"204973",2826
"61746F",2795
"73616C",2789
"73696E",2787
"6F2068",2783
"616E65",2781
"6F2069",2778
"746161",2754
"647520",2752
"692077",2748
"6A6920",2738
"686179",2732
"796C61",2732
"6D6F2E",2728
"6E6F2E",2723
"726761",2719
"756E20",2714
"796520",2714
"646579",2714
"676F79",2707
"64756D",2698
"616164",2697
"736120",2690
"75206D",2687
"206B27",2675
"61796C",2662
"7A6520",2657
"6F7961",2656
"737261",2645
"497372",2644
"73653A",2641
"6F2066",2641
"207965",2613
"697261",2596
"776120",2576
"6D6179",2570
"61612C",2570
"4E6920",2557
"2C2041",2553
"672761",2551
"652064",2545
"626F6E",2543
"792077",2529
"626520",2516
"6D6261",2515
"612052",2507
"6C2061",2506
"636920",2494
"746172",2487
"756261",2486
"657961",2486
"8B2062",2464
"792074",2459
"6D6579",2455
"65792C",2452
"792066",2445
"6F2077",2431
"206361",2415
"657269",2389
"6E6179",2379
"792072",2377
"61612E",2376
"692069",2371
"792068",2367
"6E6F6F",2365
"616275",2364
"6E206E",2358
"8B2064",2345
"696D61",2337
"6B6179",2334
"6F2074",2327
"626579",2327
"757275",2326
"65206D",2323
"6F6E20",2317
"206D65",2305
"616C69",2303
"207375",2303
"206D27",2303
"737520",2290
"41206E",2278
"6E6427",2262
"652069",2257
"6461C5",2232
"426F72",2215
"617369",2206
"726979",2186
"796161",2184
"206365",2171
"61792E",2168
"736162",2167
"7A6120",2159
"756D62",2149
"6D6172",2145
"412067",2139
"617461",2135
"6E652E",2131
"6F6F72",2127
"6E7465",2123
"204179",2122
"617965",2119
"C58B6F",2112
"204461",2108
"6E7461",2106
"77696E",2096
"646F6E",2082
"736161",2080
"6E2C20",2073
"617220",2059
"652072",2058
"61616B",2058
"6F6E67",2058
"616179",2057
"204861",2055
"617275",2053
"207A75",2052
"20736F",2047
"6E652C",2042
"6B7761",2023
"616E69",2023
"752062",2016
"757361",2014
"676179",2004
"6D6520",1975
"6D6920",1965
"205A61",1954
"205965",1949
"676F6E",1942
"726520",1940
"652067",1936
"617465",1923
"757961",1919
"8B6F20",1916
"65656E",1912
"626261",1908
"616269",1904
"617361",1898
"6E7469",1892
"752067",1890
"612059",1888
"72616E",1883
"2C206D",1878
"792063",1858
"692E20",1840
"204D61",1840
"616861",1832
"77616C",1824
"6E2073",1821
"6E6E6F",1808
"776F6F",1806
"6B2761",1805
"73616D",1795
"6F6F79",1793
"8B2063",1781
"752073",1777
"2C2068",1776
"6E6475",1774
"6F2063",1766
"6E2769",1756
"6B6172",1755
"6C6579",1749
"6E2067",1741
"4B616C",1736
"61726F",1734
"616369",1718
"CC8320",1716
"6B7572",1715
"616E63",1695
"616D20",1684
"68616D",1683
"206E79",1682
"276172",1675
"652073",1669
"757261",1664
"626174",1662
"79206A",1651
"696C61",1648
"8B2068",1646
"20416D",1646
"617720",1646
"666F6E",1636
"206665",1627
"6B7562",1626
"2C2049",1624
"204261",1621
"617469",1620
"417261",1618
"75726F",1617
"74756E",1616
"616E6B",1615
"796E65",1611
"616D65",1609
"652068",1596
"69206A",1596
"20616D",1593
"616D6D",1591
"646979",1591
"6E2064",1582
"6D2761",1578
"6E6E61",1578
"6E6365",1575
"61616D",1572
"204B61",1571
"61796E",1568
"636579",1568
"2C2062",1567
"6E6E79",1565
"792061",1565
"6F6F62",1562
"6E2062",1550
"757572",1539
"6E6A69",1536
"692079",1536
"576161",1534
"6E612C",1518
"205361",1518
"696E6B",1515
"752061",1514
"6C6F20",1512
"2E204E",1509
"492067",1503
"666565",1500
"666172",1499
"657375",1485
"576F6F",1481
"616E6A",1479
"797961",1476
"697361",1473
"64756E",1469
"6F6E61",1468
"756D6F",1467
"616C6C",1466
"8B2074",1465
"206B77",1463
"596573",1463
"6D6174",1457
"6861C5",1455
"6B756E",1452
"204E69",1451
"6E7A61",1450
"4D6120",1448
"752074",1444
"612041",1443
"596161",1435
"792E20",1426
"49206E",1424
"79616E",1417
"697369",1413
"6F796E",1410
"747520",1400
"697A6F",1399
"667572",1394
"756D69",1383
"6E61C5",1377
"6C6D61",1373
"626F6F",1372
"61726B",1366
"20426F",1350
"776F6E",1350
"666179",1348
"64692C",1348
"C2BB20",1345
"6A616D",1341
"752068",1339
"74616D",1335
"206875",1329
"6F2052",1324
"596168",1324
"636969",1322
"74616E",1318
"646161",1318
"616875",1317
"6E6565",1316
"64692E",1313
"692049",1311
"6E676F",1311
"6B6F20",1305
"652077",1304
"752064",1304
"8B2E20",1300
"687564",1299
"205761",1297
"652066",1290
"6F6E65",1290
"657261",1285
"61CC83",1285
"67756E",1280
"64612E",1280
"6861CC",1272
"63696D",1270
"576120",1265
"646F2E",1248
"746579",1239
"596120",1237
"752066",1231
"612EC2",1230
"69207A",1230
"796E61",1227
"756461",1227
"68696D",1225
"7A6F20",1222
"7A616E",1218
"6A6972",1214
"616C62",1211
"612042",1211
"C2AB41",1209
"646179",1208
"2E2057",1206
"6E6E65",1198
"756E6E",1177
"616265",1176
"617764",1172
"446177",1171
"776461",1171
"6E206D",1165
"6F207A",1164
"646F2C",1147
"736F6F",1147
"757375",1145
"752E20",1139
"656E65",1135
"61204D",1131
"792069",1129
"7A6161",1127
"2C2073",1119
"697262",1119
"6120C5",1117
"64612C",1110
"616B75",1106
"616461",1104
"20416C",1104
"616D6F",1103
"696972",1102
"617979",1099
"6E612E",1099
"616C6F",1095
"6C6920",1093
"62692C",1092
"696261",1090
"65656A",1090
"757761",1088
"696E2C",1084
"6F206A",1082
"6C61C5",1079
"74652C",1073
"6F7965",1073
"736972",1072
"61727A",1070
"6E746F",1069
"746F6F",1069
"692072",1068
"696C69",1063
"6F6E74",1062
"206C6F",1061
"205572",1058
"697469",1057
"617962",1056
"79626F",1056
"686177",1054
"686FCC",1053
"6FCC83",1053
"727A61",1053
"6F626F",1050
"627572",1047
"666120",1046
"672769",1045
"626973",1044
"2E2042",1043
"666174",1042
"666161",1037
"6C6661",1033
"6C6C65",1025
"204172",1018
"204D69",1010
"65726F",1010
"61796B",1008
"6B6173",1007
"6D6173",1007
"6F6E69",1006
"736179",999
"612053",998
"756D61",998
"617972",998
"752072",995
"204265",993
"6E696E",992
"2D697A",991
"797261",990
"726B61",987
"2C204B",986
"6F686F",985
"79206C",985
"656579",983
"636520",982
"616661",979
"67616D",970
"726177",970
"626972",968
"206164",966
"6F7264",966
"746565",963
"652074",959
"74652E",954
"636565",954
"6C696D",951
"207A65",951
"646172",949
"6A6F20",949
"69206C",948
"737575",947
"656369",941
"426161",941
"652079",939
"206D75",938
"747461",933
"20616E",927
"6C6C6F",926
"6B2769",924
"2C204E",921
"6C2069",912
"67756D",911
"446120",911
"6E2061",909
"756E75",905
"276972",904
"696D69",901
"676172",900
"3FC2BB",899
"616C65",898
"72692C",897
"8B2066",895
"65796F",895
"79612C",893
"4D7573",893
"617474",889
"6C6F72",887
"79612D",883
"667520",878
"6A6172",876
"666167",876
"6F6C6C",875
"757269",875
"612048",875
"6B6F6E",873
"796B6F",873
"752069",866
"727573",865
"207A69",864
"2C2079",863
"2E2059",857
"6E6E69",857
"6E7562",856
"68756D",855
"697461",854
"627575",854
"776920",850
"48616E",848
"8B2077",844
"6B7520",843
"6C6163",842
"C58B61",840
"E280B9",840
"E280BA",840
"6B7575",839
"792079",838
"2C205A",837
"7A756E",836
"206465",829
"666F6F",828
"696974",827
"4B6F79",826
"616E6F",825
"696A69",824
"557275",823
"63692E",822
"20E280",815
"616C66",814
"616168",813
"65792E",812
"6F7275",811
"6A6969",810
"636172",805
"6E2069",805
"756475",804
"726775",803
"616173",799
"2E204D",798
"697965",796
"49206D",795
"752063",795
"687520",795
"64696C",793
"776172",793
"4D6973",792
"6E6979",790
"6C6979",789
"8B2049",787
"204E67",785
"62752C",783
"41206D",783
"6F2049",782
"6C6C61",782
"6C7761",779
"3A20E2",778
"747575",777
"204D75",777
"79207A",770
"617475",770
"6C752C",768
"666F6C",767
"6D2769",766
"2E205A",765
"64652C",762
"646972",759
"626164",757
"206166",752
"696875",751
"6E2072",750
"617375",750
"616464",747
"756B6F",744
"416C6D",742
"757573",741
"6B6F72",738
"6F2079",738
"752077",737
"6F2EC2",735
"656461",735
"74616B",733
"652EC2",731
"72692E",731
"797461",729
"6F206C",728
"6E6162",728
"62752E",727
"686972",726
"6C616E",724
"4D616E",724
"656563",723
"6F7761",723
"61616A",721
"696E7A",720
"6E2063",711
"61666F",709
"696E6A",709
"736968",709
"204B6F",704
"696E74",703
"616177",703
"756269",700
"4E6761",699
"6F7320",697
"8B2052",696
"646162",695
"6C6179",691
"617974",687
"696962",686
"6F792C",685
"677575",684
"6E7475",683
"69796F",682
"696C6C",682
"616869",681
"656E61",680
"204269",680
"66616E",680
"642769",680
"7A6172",680
"276579",677
"6C6261",673
"792042",672
"736565",672
"636972",671
"612D69",671
"C2AB4D",670
"6D6F79",670
"616C6D",667
"726269",666
"616163",666
"2C2059",666
"63616E",662
"20596F",662
"AB4179",658
"616E73",658
"613A20",657
"616761",655
"74616C",655
"2C2044",654
"696E2E",653
"C2AB49",652
"6B6579",651
"64616D",648
"20576F",647
"74696E",645
"2E2044",645
"656564",642
"646F6F",642
"8B2072",641
"616C6B",638
"206173",637
"652063",636
"6E2074",635
"652052",634
"75756B",634
"205369",631
"667577",631
"726469",629
"74756D",629
"6C626F",628
"206669",628
"2E204B",626
"206962",625
"736579",624
"616767",623
"204C61",623
"697979",622
"6E2E20",621
"206979",617
"AB4D61",617
"6E2068",617
"617761",616
"6C6173",615
"756D65",614
"6F6B6F",613
"642765",612
"617268",611
"7A7572",609
"2C204D",609
"204669",609
"426565",607
"656D61",607
"6B6177",606
"61792D",605
"686161",604
"726B75",604
"616B6F",602
"206162",602
"6920C5",598
"79612E",597
"6D626F",596
"6C6FC5",594
"6F6261",592
"6F2059",591
"486172",589
"656C20",589
"65656B",586
"726861",586
"676F2C",583
"7A616B",583
"C58B65",580
"8B6579",580
"2C2042",578
"75776F",576
"616775",574
"27612E",573
"686167",572
"49666F",572
"69726E",572
"77612C",570
"756775",569
"756D20",569
"6E6161",565
"2EE280",562
"626979",562
"61796F",561
"617769",561
"6F7269",560
"776F2C",559
"6C616D",557
"657265",553
"6C6520",551
"65207A",551
"7A696E",549
"756B75",546
"736F68",545
"616D69",544
"207327",543
"6D6E69",542
"8B206A",541
"204B75",540
"626F2C",540
"204162",540
"757461",538
"656B6F",537
"792049",535
"796164",534
"646475",533
"65656D",530
"6E6B75",530
"205375",528
"6F6F6C",528
"616220",528
"62756D",527
"63692C",526
"67616C",526
"6E6F3F",524
"206D69",523
"2C2052",523
"79613A",521
"757562",520
"2E2048",513
"7A756D",513
"67676F",511
"636162",510
"6D7572",510
"796F2C",508
"726265",507
"646461",505
"69696E",504
"667574",504
"616C77",501
"616E7A",500
"27697A",500
"697265",499
"6A6579",498
"65206A",496
"7A6565",496
"207775",495
"616B6B",495
"2C2048",492
"204761",491
"6E2079",491
"777572",490
"612055",490
"204E61",490
"696D20",490
"656A69",490
"696B61",488
"47756E",488
"722C20",486
"732761",486
"797965",484
"206865",483
"6C6974",483
"74612C",480
"726F2C",478
"756E6B",478
"617775",477
"62616D",476
"426F6E",476
"62612C",473
"77756C",472
"2C2067",471
"C2AB57",471
"692052",470
"652049",469
"2D7361",468
"776579",468
"77612E",467
"612A20",467
"65CC83",464
"693A20",464
"6B756D",464
"616E2C",464
"6D616C",463
"8B207A",462
"72752C",461
"67752C",461
"204A69",460
"616B65",458
"612044",458
"2C2053",456
"536177",456
"6865CC",455
"4B61C5",455
"6B7573",455
"64696B",454
"69696C",454
"75726B",453
"726F6B",452
"696265",452
"796F6E",452
"616D75",451
"6C752E",451
"6D2C20",451
"6F2041",450
"59616B",449
"6F6D6E",445
"696E6E",445
"67752E",444
"41206B",443
"72726F",442
"6F7974",442
"6C6B61",441
"2E2053",438
"6E6172",438
"53616E",438
"676F6D",437
"79656C",436
"476161",434
"205365",434
"C2AB4E",432
"757265",431
"536161",430
"737562",428
"44616E",427
"6F3F20",423
"62612E",422
"75206A",422
"6F6F6A",420
"697220",420
"657965",420
"646565",416
"80BA20",415
"6D2064",414
"21C2BB",413
"6F6C61",413
"616A69",412
"6E7520",410
"73756E",410
"4E6765",410
"49206B",410
"48616C",410
"68616B",409
"746972",409
"27612C",409
"756675",408
"6E692C",407
"613F20",405
"6F2053",405
"6E2077",404
"697272",401
"53616D",398
"204173",397
"536F68",397
"722077",397
"20456C",397
"72206B",396
"64616B",396
"736F20",395
"C2AB59",395
"6A6973",395
"6D6F6F",394
"757579",394
"6D206B",394
"596568",392
"736969",391
"737461",390
"7A6969",390
"747562",389
"2C2057",388
"412073",387
"692EC2",386
"62696C",386
"6C6973",386
"666168",385
"616166",384
"696661",384
"796475",383
"4C6177",383
"74696C",382
"627261",382
"737577",382
"5A6120",381
"6D612C",381
"72616D",379
"747567",378
"756275",377
"647564",376
"686F2C",376
"746179",375
"6B612C",374
"6B6F73",374
"4F686F",374
"8B6179",373
"72756E",373
"72692D",372
"65686F",372
"204865",372
"6E7965",371
"756C61",370
"612045",369
"617A61",369
"6E692E",368
"426979",367
"61204B",367
"776173",367
"616E2E",366
"63693A",366
"6C6C69",365
"6F7964",365
"4D6179",363
"756C65",363
"46696C",363
"442761",363
"616C68",362
"6F6E2C",362
"6D7520",362
"8B2059",362
"617365",361
"75207A",361
"AB4E69",361
"627579",361
"686979",360
"776162",360
"72696D",360
"2D6B6F",359
"617420",359
"677572",358
"57616C",358
"726B6F",358
"61776F",358
"677579",357
"7A652C",357
"7A6F2C",357
"74612E",356
"AB5961",355
"AB5761",353
"6C2C20",353
"6D6969",353
"696E6F",353
"72752D",352
"616A6F",352
"6C6962",352
"686969",351
"6C6861",350
"6A692C",350
"416C66",350
"617266",349
"412062",349
"4C6161",348
"692059",347
"646FC5",347
"6E2A20",347
"756E67",346
"737564",346
"626F2E",345
"736979",345
"6A61C5",343
"737566",343
"6F6D20",343
"205461",342
"72752E",341
"756265",341
"6A6979",340
"4B756C",339
"652059",337
"204966",335
"75756D",335
"412063",335
"612046",335
"616E75",335
"204869",334
"206A65",334
"722069",334
"696269",334
"62616C",333
"204E65",333
"696869",332
"6B6174",330
"69204B",329
"6A6520",328
"204164",327
"736966",327
"726E6F",327
"752079",326
"656573",325
"2C2074",325
"697374",322
"796179",321
"61205A",321
"796D61",321
"426162",320
"61204C",319
"6C612C",319
"61796D",318
"456C69",317
"726675",317
"6E6A65",317
"BB2041",316
"6A6565",315
"204168",315
"617779",314
"6F204D",313
"4D6174",312
"53756C",312
"6B6520",311
"6B6F6D",311
"61726D",310
"206E7A",310
"65796D",310
"8B206C",309
"204962",309
"616420",309
"2C206A",308
"496272",308
"73756D",308
"647577",307
"6E2066",306
"62756E",306
"61776E",306
"776E61",306
"69696B",304
"616765",304
"61204E",300
"666F2C",300
"62616B",300
"6F792E",299
"204275",299
"657369",298
"6D696E",298
"616D6E",298
"83206B",298
"4B756E",298
"696464",297
"726F2E",297
"492073",297
"79616D",297
"6520C5",296
"746979",296
"796B61",296
"657220",296
"61797A",295
"796565",294
"617765",294
"68756E",294
"206968",293
"492062",293
"696D62",293
"626167",292
"75726E",291
"69696A",291
"75756A",291
"6F6E6E",291
"466972",290
"486179",289
"204D65",289
"596173",289
"C2AB42",288
"726161",288
"65796B",288
"6A692E",286
"756C6F",286
"652041",285
"6C613F",285
"612054",285
"666974",284
"656E69",284
"2E2052",283
"656B61",283
"65206C",282
"647575",282
"3A2041",282
"612047",282
"416269",282
"6B612E",281
"6D206E",281
"77692E",281
"656261",281
"204D6F",281
"757365",281
"6E7365",279
"6C206B",279
"62696B",278
"7C5F20",278
"65797A",278
"797A69",278
"726E69",278
"746162",277
"69666F",277
"6F6A65",276
"726F79",276
"726168",276
"647572",276
"77206B",275
"73616B",275
"6D7461",275
"6F2044",274
"616D74",274
"61722C",273
"CC832C",273
"42656E",273
"204F68",273
"20796F",272
"6E7361",272
"206964",271
"205A65",271
"69726F",271
"6B6B75",269
"797475",269
"20497A",269
"61736F",268
"6A616E",268
"2D6261",268
"832C20",268
"797A65",267
"696D65",267
"6D612E",265
"6F6F67",265
"796177",265
"832062",264
"8B616E",263
"616475",263
"6C2064",263
"6D6F6E",263
"3F2041",263
"597573",263
"576179",262
"205469",262
"6F6861",262
"6F7361",261
"416D6F",261
"8B204D",260
"AB4966",259
"207265",259
"6F2042",259
"792EC2",257
"62692E",257
"2E2047",257
"497361",256
"6F6D61",256
"207061",256
"696369",255
"722064",255
"6F7220",252
"616D2C",252
"73653F",252
"736173",252
"72652C",251
"616E27",250
"68696C",250
"2D6B61",248
"20696B",247
"6E616B",246
"C2AB48",245
"4E6F6F",245
"6D6979",245
"736F6E",244
"6F2048",244
"61776C",244
"656465",244
"6C6F73",244
"613FC2",243
"6F20C5",243
"4E696E",243
"62756B",243
"6F3A20",241
"726E79",241
"74756B",240
"612120",240
"726465",240
"CC8361",240
"204661",239
"72652E",238
"757475",238
"667261",238
"617373",238
"6E6166",238
"204369",237
"8B2042",237
"206966",237
"7920C5",237
"202D2D",236
"205975",235
"CC832E",235
"6F3FC2",234
"692A20",234
"666F2E",234
"7461C5",233
"596572",233
"616465",233
"652D6B",233
"756761",233
"756C6C",231
"653F20",231
"206973",231
"66756C",230
"656A65",230
"3F204D",230
"65204D",230
"596F77",230
"AB4972",229
"C2AB44",229
"6F7272",229
"42756C",229
"6E206A",228
"6F6E2E",227
"6F792D",227
"2C2066",225
"792052",225
"2D6861",225
"647579",225
"6B6162",224
"752052",224
"66612C",224
"416461",222
"617070",222
"676174",222
"2A206B",221
"752049",221
"77692C",221
"772C20",221
"746F72",221
"726F6E",220
"72206E",219
"6D2062",218
"656C65",218
"48616D",217
"6A6177",217
"4B616E",217
"652053",217
"2D7465",217
"6A2769",217
"752041",216
"617967",216
"6D756E",216
"6F7979",216
"6F6B61",216
"6E6A6F",215
"72613F",215
"832061",214
"692041",214
"53696D",214
"6A6162",214
"68756B",214
"6D7575",213
"736F72",213
"617969",213
"692042",213
"7A696A",213
"836164",213
"776F77",212
"8B2EC2",211
"792A20",211
"204427",211
"75626F",211
"726F73",211
"6D7961",210
"497A6F",210
"736166",210
"205265",209
"74726F",209
"6F726B",208
"6D206D",207
"656B65",207
"2C206C",207
"612D63",207
"756B61",207
"80B941",206
"696A6F",206
"6C6F6E",206
"426179",206
"737365",206
"6E7975",205
"446161",205
"4D6F77",205
"416861",205
"727761",204
"20546F",204
"6B6B61",204
"636174",204
"536968",204
"656B75",203
"AB4861",203
"412074",203
"752EC2",202
"207975",202
"757765",202
"617320",202
"73692C",202
"4A696C",202
"7A7567",202
"496C69",202
"61772C",201
"69204D",201
"6E2052",201
"696C65",201
"7A6979",201
"6F7461",200
"C58B79",200
"8B7961",200
"6D6F74",200
"626974",200
"617A69",200
"616361",199
"557264",199
"726475",199
"736170",199
"696D6F",199
"67752D",199
"416C77",198
"20476F",198
"732C20",198
"697472",198
"772064",197
"6D2069",197
"727A75",197
"616B77",197
"20C2BB",196
"6E6369",196
"2A206E",195
"6D652D",195
"6E207A",194
"4861C5",194
"AB426F",194
"722062",194
"6E652D",194
"61617A",194
"204E6F",193
"792D6A",193
"69626F",193
"657A65",193
"426974",193
"BA20C2",192
"2D6A69",192
"706120",192
"74616A",191
"6E206C",190
"757274",190
"727465",190
"6D6E6F",190
"6D6F3A",189
"73692E",189
"204775",189
"6D2061",189
"636120",189
"656A27",189
"6E6174",189
"C2AB4B",188
"6C6C75",188
"3F2057",188
"AB4172",187
"726D61",187
"6D2067",187
"696E63",187
"652042",186
"6D6973",186
"496672",186
"796D75",186
"6F2055",186
"617274",186
"75726D",186
"4B6161",185
"61722E",185
"616D2D",185
"792D73",185
"6C656B",185
"596F6E",185
"7A6177",184
"777961",184
"656E79",184
"656C2C",183
"64616C",183
"2D2D20",182
"8B6120",182
"756E2C",182
"757769",182
"6F6C6F",181
"752D62",181
"412064",181
"776979",181
"205A69",180
"657469",180
"596F68",180
"6F6775",179
"73206E",179
"6F6F73",179
"616E79",179
"6C6B6F",179
"612050",178
"446179",178
"727961",178
"466172",177
"646969",177
"752048",177
"7A6179",177
"4A616D",177
"617279",177
"67612C",176
"616665",176
"796F2E",176
"616A61",176
"BB2049",176
"6F7369",176
"736168",176
"212041",176
"77616D",176
"6F6F6D",175
"2A2062",175
"756E2E",175
"2D6369",175
"7469C5",174
"69C58B",174
"722761",174
"796775",173
"656275",173
"204765",173
"CC8365",173
"747564",173
"6D2073",172
"772067",172
"4D2761",172
"776974",172
"417361",172
"4A6972",171
"6E2049",171
"2C2047",171
"83656E",171
"6C6174",171
"706174",171
"5A6161",170
"C2AB47",170
"656E20",170
"74692C",170
"6F6275",170
"3A2059",170
"2E204F",170
"417373",169
"737369",169
"2D6761",169
"72696C",169
"626F77",169
"2E2046",168
"2D6361",168
"75206C",168
"666520",168
"6D2D69",167
"2E204A",167
"727269",167
"722061",167
"48657A",167
"697465",167
"20536F",166
"C2AB52",166
"546972",166
"492074",166
"20617A",166
"73612C",166
"20496C",166
"416C62",165
"66696A",165
"74696B",165
"6D7577",165
"796173",165
"AB5261",164
"8B2041",164
"6F6E79",164
"746166",164
"83206E",164
"426172",164
"726D75",164
"757661",163
"75736F",163
"C58B2D",163
"6A6179",162
"617277",162
"616D2E",162
"6F676F",162
"653FC2",162
"727579",162
"652D67",162
"64652D",162
"2E2054",161
"656577",161
"612EE2",161
"72756B",161
"416869",161
"726174",160
"6C612E",160
"205061",160
"497375",160
"6C616B",160
"3A2061",160
"6E6173",160
"736962",160
"752D73",159
"616C2C",159
"2C2063",159
"6D692E",159
"6D692C",159
"756A69",159
"6F736F",159
"6B6F62",158
"696E2A",158
"752059",158
"707061",158
"6D652E",157
"732064",157
"4E6562",157
"206168",156
"7A6162",156
"2C2054",156
"616B20",156
"617272",156
"792D74",155
"79612A",155
"737573",154
"647576",154
"722068",154
"537572",154
"4E616E",154
"696469",153
"72206D",153
"696E79",153
"2A2074",152
"AB4120",152
"416D61",152
"746F2C",152
"6B6F74",152
"6B6B6F",151
"20696E",151
"4E61C5",151
"647567",151
"205465",150
"206375",150
"3F2049",150
"64612D",150
"656B20",150
"63652C",150
"75727A",150
"74696D",150
"AB4461",149
"2E204C",149
"612D68",149
"6E2EC2",149
"77696C",149
"686173",148
"727577",148
"727261",148
"68617A",148
"726A69",147
"7A612E",147
"692053",147
"617A75",147
"686162",147
"73206B",147
"6F6D62",147
"756465",147
"486163",147
"AB4775",146
"8B2053",146
"756B65",146
"204D27",146
"657A61",146
"6F666F",146
"677573",146
"7520C5",146
"726973",146
"204B65",145
"61722D",145
"20416E",144
"6B6F6B",144
"61736B",144
"65776F",144
"C58B62",144
"8B6265",144
"4E6475",143
"C2AB53",143
"7A612C",143
"6D652C",143
"726261",143
"83206D",143
"69746F",143
"752042",143
"61772E",142
"722066",142
"792041",142
"696274",142
"7A6563",142
"204564",141
"6E653F",141
"742C20",141
"204C69",141
"696861",140
"746973",140
"73656B",140
"727369",140
"6E612D",140
"61205F",140
"637572",139
"20686F",139
"657461",139
"67612E",139
"6F7420",139
"C58BC5",139
"8BC58B",139
"616D79",139
"696C6F",139
"756469",139
"832064",139
"412066",139
"206C69",139
"6F2120",139
"727461",139
"737579",138
"616167",138
"646F6D",138
"6C6F6D",138
"6F746F",137
"45646F",137
"42616C",137
"6F204B",136
"61793F",136
"6F726E",136
"627361",136
"7A7A61",136
"AB4B61",135
"6B6FC5",135
"76616E",135
"6C696E",135
"6B656C",134
"2A2064",134
"20417A",134
"74692E",133
"652048",133
"6B612D",133
"6F204E",133
"205065",133
"79204B",133
"6E204D",133
"2C2045",133
"6121C2",133
"47616C",133
"776963",132
"696B75",132
"722067",132
"4D616C",132
"C58B3F",132
"6D656C",132
"6F6E75",131
"756E73",131
"772062",131
"79652E",131
"2A2066",131
"6D6F72",131
"777965",131
"6E6A61",131
"48696E",130
"5A6572",130
"73752C",130
"757320",129
"726E65",129
"2C2046",129
"696E69",129
"4D6172",129
"6F7274",128
"656C61",127
"6F205A",127
"6A696A",127
"6F6F66",127
"612D6D",126
"6F7375",125
"B94179",125
"756B77",125
"486972",125
"676F2E",124
"757564",124
"6C616C",124
"6B616B",124
"74752C",124
"7A7520",124
"792053",124
"6D2074",124
"536168",124
"6D2E20",124
"756A6F",124
"792059",124
"757577",124
"657273",124
"732769",123
"77206E",123
"3F204E",123
"72696A",123
"492064",123
"656A61",122
"64752C",122
"572761",122
"BB204B",121
"BB2059",121
"AB4920",121
"722074",121
"6E7375",120
"61646F",120
"692D6B",120
"6E2059",120
"697761",119
"776C6F",119
"79204D",119
