"656E20",17265
"746120",11008
"657461",9553
"C3A761",8605
"206574",8483
"616E20",8428
"206261",6467
"72656E",5986
"206861",5542
"206365",5491
"2C2065",5452
"6E2064",5371
"74656E",4913
"C3A775",4763
"206265",4692
"617265",4594
"616974",4556
"61696E",4479
"65C3A7",4320
"696320",4102
"612065",4091
"677569",4034
"69747A",4015
"612C20",3921
"747A65",3899
"20C3A7",3843
"726520",3809
"A77565",3749
"6E2062",3711
"686172",3709
"63656E",3688
"696E20",3680
"206775",3589
"6E2063",3487
"656775",3413
"657265",3378
"6E2C20",3371
"612068",3225
"726963",3221
"6E2065",3140
"626169",3122
"697465",3070
"632C20",2991
"457461",2990
"717569",2985
"206469",2911
"697475",2893
"69C3A7",2868
"617269",2868
"616320",2830
"632065",2752
"726120",2749
"206572",2733
"617475",2706
"206369",2675
"626572",2675
"20657A",2662
"697261",2643
"206475",2628
"65616E",2622
"656C61",2615
"206465",2581
"657261",2570
"A7616E",2565
"206567",2530
"75656E",2520
"7A656E",2511
"612062",2506
"6E2068",2483
"657272",2478
"747520",2436
"617465",2430
"206761",2406
"6E6120",2382
"6C6120",2332
"727261",2328
"626174",2247
"61747A",2192
"204961",2191
"75696E",2166
"C3A96E",2163
"656365",2127
"747A61",2102
"636F20",2081
"6E2067",2077
"64656E",2073
"696E61",2026
"6E6561",1930
"612063",1921
"206461",1906
"757265",1902
"64696E",1835
"617261",1833
"6EC3A7",1823
"6E2061",1820
"656E65",1806
"75C3A7",1753
"A96E20",1740
"656E61",1730
"3A2065",1715
"616465",1710
"612067",1708
"206875",1701
"206869",1695
"72616E",1691
"612069",1688
"74616E",1687
"727269",1682
"657A74",1680
"726164",1668
"746172",1640
"646120",1637
"616C61",1636
"696E63",1636
"686F72",1624
"2069C3",1605
"697461",1601
"696E65",1590
"616E2C",1577
"726920",1574
"656320",1563
"6E20C3",1562
"746963",1538
"636572",1537
"756369",1521
"636F61",1502
"757261",1493
"6E2069",1489
"617274",1483
"617272",1457
"677565",1453
"677563",1440
"697269",1432
"496169",1407
"6E636F",1403
"632062",1400
"617469",1395
"7A7465",1392
"726175",1370
"656469",1367
"747572",1364
"612064",1359
"636974",1345
"657175",1330
"687572",1321
"657375",1317
"20636F",1316
"206563",1309
"6F6E65",1308
"656E64",1299
"657A20",1284
"726174",1274
"616461",1257
"C3A76F",1236
"206172",1197
"2C2063",1193
"74686F",1188
"206865",1178
"7569C3",1176
"2D6572",1172
"6365C3",1171
"746174",1168
"6175C3",1166
"646974",1160
"737465",1159
"626164",1147
"696F6E",1141
"737573",1139
"746563",1138
"636961",1131
"20656E",1129
"61636F",1129
"204965",1126
"616E61",1122
"652065",1121
"2C2062",1120
"A76174",1120
"6C612C",1118
"6E6475",1097
"6D656E",1096
"6E6963",1095
"756974",1094
"206E61",1073
"207265",1068
"636965",1066
"69632C",1065
"207361",1060
"617A20",1055
"612049",1052
"C3A7C3",1050
"647561",1035
"696120",1033
"646972",1031
"6E656E",1023
"652062",1015
"657374",1013
"656EC3",1012
"756572",1002
"726169",1001
"496573",998
"656E74",998
"632068",993
"657468",992
"65636F",986
"74696F",984
"2C2068",984
"697265",982
"6E6163",981
"676169",980
"746520",977
"746561",974
"636F6E",969
"696361",969
"20656D",960
"6E2049",958
"616C64",957
"757465",956
"727265",955
"7A2065",953
"612061",941
"656E2C",940
"6E206E",936
"616775",935
"61632C",932
"617420",928
"68616E",926
"65696E",923
"686175",918
"657269",914
"206C65",914
"756520",913
"6F6172",912
"726973",911
"757269",908
"206961",904
"726574",899
"6D616E",888
"636174",884
"696163",879
"697374",879
"747A69",879
"6F7269",879
"206269",870
"756E61",869
"206E69",869
"747A20",865
"726974",857
"20766B",856
"766B61",855
"6E6520",853
"632069",850
"717565",849
"207072",845
"72612C",838
"756320",837
"756961",837
"656D61",836
"613A20",834
"75616E",829
"617563",829
"7A2C20",827
"6E2073",824
"652C20",824
"647261",822
"676175",821
"2065C3",820
"747561",819
"756920",819
"61756E",819
"656120",813
"756E65",812
"67616E",810
"A76120",809
"617220",805
"726163",805
"206E6F",800
"6B616E",798
"696172",797
"617572",797
"A7C3A1",797
"6F7261",796
"757220",795
"206169",795
"636564",794
"612073",790
"727465",788
"61206E",788
"617175",774
"652068",771
"677572",769
"61697A",769
"757320",767
"647574",760
"616469",760
"746572",759
"206E65",759
"6F7272",755
"A76172",754
"6E6574",751
"6E3A20",750
"61C3A7",749
"647520",747
"456365",743
"756574",740
"742C20",740
"206F72",740
"656D65",739
"736563",739
"A76F6E",732
"666963",727
"726961",726
"C3A174",725
"C3A163",725
"20616E",724
"6E6172",722
"C3A963",722
"496175",720
"6F6E20",717
"6C6469",717
"657465",717
"6120C3",715
"7275C3",714
"67756E",713
"692065",708
"206472",705
"616E2E",701
"75656C",701
"616E65",698
"756E20",698
"6E206F",695
"6E6469",695
"6E6461",695
"636569",693
"686972",692
"697469",690
"616E64",682
"207365",681
"A7616C",680
"686974",679
"68756E",675
"652061",673
"65747A",663
"426169",662
"696669",662
"616761",652
"62696C",652
"756163",652
"74657A",650
"676F72",649
"686574",646
"657275",645
"6F747A",642
"722063",641
"726571",641
"726573",638
"206972",638
"61676F",636
"746861",635
"206D61",635
"20696B",633
"746163",631
"616E69",630
"6F7220",630
"74656C",623
"697A20",623
"692064",621
"636972",620
"656E2E",619
"20616C",616
"64656C",614
"676174",612
"6265C3",609
"696369",609
"656974",608
"6F6C61",608
"696EC3",607
"7A7475",607
"647565",605
"746961",605
"676172",602
"752069",602
"6F7265",600
"A76169",600
"6E2076",596
"69616E",596
"637269",595
"737469",592
"2C2049",591
"652067",590
"726563",588
"6E612C",588
"6965C3",585
"726475",582
"626974",582
"686572",580
"204368",577
"20676F",577
"657572",577
"656163",575
"746368",575
"687269",574
"6F6974",573
"6E2070",572
"757272",570
"436872",568
"206573",567
"696B75",566
"692063",564
"206D69",564
"74C3A9",563
"616963",562
"6B7573",562
"616C65",561
"75C3A4",560
"6C6172",560
"632063",559
"632064",558
"747261",558
"696365",557
"697468",557
"61206F",557
"727468",554
"6F7274",550
"7A7175",549
"756120",548
"756C75",548
"6C6163",548
"68696C",545
"62616C",544
"61206C",542
"6F616E",539
"696F61",537
"646520",535
"74757A",535
"646174",534
"746974",534
"64616E",528
"656172",527
"696174",526
"657220",525
"73656E",524
"206564",524
"A77574",522
"63696F",520
"737369",518
"3A2062",518
"6F2065",517
"692C20",516
"C3A12C",513
"65726F",513
"686174",512
"6F6163",512
"7A636F",512
"68616C",512
"A12C20",511
"70756C",510
"6E7469",510
"632D65",509
"6E206C",509
"692069",508
"752065",506
"696465",505
"752064",504
"616EC3",504
"6E6775",503
"746865",502
"616D65",501
"616E6F",501
"692062",501
"736172",501
"20696E",500
"652064",500
"6F6120",496
"752062",494
"726320",493
"6475C3",493
"757275",492
"657274",491
"A96320",491
"632067",490
"727461",489
"63C3A9",489
"616D61",484
"6EC3A9",484
"207669",483
"657263",482
"657469",479
"646963",479
"6E6572",478
"A7617A",478
"707265",477
"626568",477
"757A74",477
"757365",475
"706172",473
"616861",472
"207061",472
"657473",470
"612070",470
"206F6E",469
"204169",468
"627572",467
"617965",467
"7A7461",467
"2C2067",467
"722065",466
"69C3A9",466
"646561",464
"636861",463
"646573",462
"656D62",462
"747A75",459
"72612E",457
"656465",457
"706972",455
"677574",454
"617264",454
"6E6F20",453
"2C2069",452
"757373",452
"C3A120",452
"722064",451
"206164",450
"2C2045",450
"633A20",450
"612076",450
"6E6563",449
"206361",447
"6E206D",447
"6E6174",446
"736369",446
"206975",444
"6E6169",443
"646961",441
"206275",441
"757374",440
"656861",440
"696167",439
"757461",438
"206C61",437
"616265",436
"6C7561",436
"756563",435
"726972",434
"647563",432
"747565",430
"61206D",430
"6C612E",430
"657365",427
"636970",427
"696E64",426
"205361",425
"6179C3",424
"686563",423
"726465",418
"726365",417
"657920",417
"696574",416
"6F2064",415
"2C2061",415
"696F74",415
"64696F",413
"696C6C",413
"747361",413
"69632E",411
"646920",411
"4F7264",410
"746875",409
"737461",409
"686920",408
"A76167",408
"617A74",404
"742065",404
"6F6E61",404
"7A6172",403
"69C3A1",403
"617373",402
"617461",402
"656B61",401
"207465",401
"6F7468",399
"6E2053",398
"6F7264",398
"68656E",397
"75747A",397
"656E3A",396
"C3B36E",396
"6D696E",395
"752068",395
"6F6E74",395
"617263",394
"206967",394
"72696F",394
"752C20",394
"75C3A9",393
"65676F",393
"7A6174",391
"69617A",391
"6E6369",390
"2C206E",390
"7A7061",389
"726561",389
"20686F",388
"73616C",387
"657363",386
"696563",386
"656865",385
"632061",384
"657A70",382
"7A2062",382
"706572",382
"752067",382
"626F72",381
"617574",381
"616269",379
"756972",379
"6C6174",378
"726962",377
"656E67",376
"6465C3",376
"652063",375
"736920",372
"63656C",370
"6E7461",370
"752076",370
"726269",370
"756E64",370
"6F2068",368
"207375",367
"646973",367
"677520",366
"652049",365
"626567",365
"206974",363
"646569",361
"746574",361
"7A7469",361
"766963",361
"652069",360
"C3A16E",360
"757420",360
"7A2067",360
"7A2068",359
"656269",358
"756775",358
"696261",358
"636F6D",357
"6E6179",356
"6F2062",356
"7A696E",355
"616E3A",355
"732063",355
"6E657A",355
"646F72",353
"647572",352
"616869",351
"20626F",350
"696C20",350
"706169",349
"6B6174",348
"6F2C20",347
"6B6172",346
"65632C",344
"69636F",344
"70726F",344
"6E6168",343
"6EC3A1",343
"72C3A1",342
"6C6475",342
"636865",342
"646574",342
"747320",342
"726167",341
"206368",340
"632073",339
"64612C",339
"617473",339
"207369",337
"61646F",336
"7574C3",336
"756361",336
"206C75",333
"6E6465",333
"6F2067",332
"7475C3",332
"20696F",329
"696C65",329
"617565",329
"726F70",328
"6E6920",327
"686179",326
"6E6865",326
"636F74",326
"6E6F72",325
"6F6E64",324
"A1632C",324
"652073",323
"676F20",323
"657262",323
"79C3A9",322
"686F69",322
"6563C3",321
"7A616E",320
"747574",319
"207370",319
"757361",315
"756172",315
"696E67",314
"206D75",313
"736972",312
"686120",312
"68616D",310
"6E6F6C",310
"207672",310
"636120",310
"72613A",309
"6C6F72",309
"A7756E",308
"A96E2C",308
"416974",308
"616475",306
"206C69",306
"726966",305
"697175",303
"6F2063",302
"67656E",301
"706865",301
"6F6D70",300
"206963",298
"6D6261",298
"696E2C",298
"6C6C61",298
"6F7263",298
"697363",297
"656761",296
"207065",296
"65646F",296
"204975",295
"6F656C",295
"636562",295
"7A2064",295
"A16320",295
"61632E",294
"612053",294
"756EC3",294
"207472",294
"6D6169",294
"6D706C",293
"20696C",293
"65686F",293
"697420",292
"A17420",291
"6D756E",291
"656E69",290
"6E6869",289
"747369",289
"2C2064",288
"6C6568",288
"737420",288
"632049",288
"497564",287
"646172",287
"20706F",286
"736169",285
"617374",285
"6F7473",285
"637469",285
"206162",284
"616E68",284
"6C6561",283
"7A6561",282
"204574",281
"756461",281
"204261",281
"206575",281
"676C6F",281
"2C20C3",280
"206168",280
"65612C",280
"20676C",280
"692076",279
"616261",279
"727475",279
"6E6175",279
"756561",278
"6C7572",278
"A761C3",277
"206D65",277
"697075",277
"742062",277
"206F62",277
"6E7465",275
"696E69",275
"6D6F6E",274
"426164",274
"6C747A",274
"657463",274
"696E68",274
"726469",273
"207363",273
"72692C",273
"6F7374",272
"63616E",271
"72726F",270
"756579",270
"206665",269
"747375",269
"7A2063",268
"696861",268
"6F696E",268
"6E7472",268
"692067",267
"6E6575",267
"736174",267
"757469",267
"626574",267
"69656E",266
"64656D",265
"696F20",265
"627261",264
"656369",263
"7A6563",262
"6D617A",262
"732043",262
"757175",262
"617468",261
"696E6F",261
"692061",261
"6F6775",261
"6E6568",260
"617267",259
"62656C",259
"6E2072",259
"65206F",259
"2C2048",259
"646F20",259
"6D6561",258
"726E61",258
"736375",258
"6520C3",258
"6E2066",257
"652070",256
"69206E",255
"C3A97A",255
"73696E",255
"6E2041",254
"B36E20",254
"697365",254
"2C2043",254
"69676F",253
"726F20",253
"617A2C",252
"756465",251
"696761",251
"72747A",250
"727469",250
"697573",249
"73746F",249
"737361",249
"69633A",248
"63696E",248
"612072",247
"A7C3B3",247
"62656B",245
"752063",245
"6369C3",245
"6E6167",244
"616375",244
"726567",243
"206175",243
"61742C",243
"6E2074",243
"692068",242
"205365",242
"636F72",242
"696C61",242
"204365",242
"205370",241
"537069",241
"686961",240
"7A6572",240
"72C3A9",240
"686F74",240
"737375",240
"676162",239
"206968",239
"656869",239
"7A2069",239
"616C75",238
"6C6B69",238
"636920",238
"636561",238
"696E2E",237
"20496F",236
"747563",236
"206F74",236
"7469C3",236
"696F65",235
"20766E",235
"697A71",235
"2C2073",234
"696C74",233
"6F7461",233
"6C6974",233
"626968",233
"686169",233
"612050",232
"626564",232
"666564",232
"616372",232
"632070",232
"6C613A",232
"657A63",232
"6F2069",231
"20656C",231
"6F6265",231
"6E6761",231
"697275",231
"616C20",230
"75652C",230
"722062",230
"72617A",230
"726775",230
"746972",229
"6172C3",229
"626172",229
"204D61",228
"72696E",228
"6F7465",228
"74652C",228
"6F7572",227
"636520",227
"742068",227
"72697A",227
"686573",226
"747AC3",226
"6E6573",225
"63206F",225
"646572",225
"696572",224
"206765",223
"6E2050",223
"617320",223
"6F7068",223
"616F75",223
"53656D",223
"616C74",223
"63656D",223
"707574",222
"616C69",221
"696368",221
"204C65",221
"756C61",221
"732065",220
"656C64",220
"616369",219
"656D70",219
"6D6172",218
"6F726F",218
"657A2C",218
"205069",218
"65726E",217
"746573",217
"6F7075",216
"757A20",216
"737069",216
"6F6E73",215
"727563",215
"6F6272",215
"656461",214
"74C3A1",214
"647567",214
"696C6B",214
"7A2061",214
"696D6F",214
"6F2061",214
"656C65",213
"676F67",213
"616E74",213
"706F70",212
"636164",212
"687520",212
"7A6120",212
"68616F",211
"206F69",211
"616E67",211
"617A63",210
"A1742E",210
"626920",210
"69676E",210
"706F73",209
"20646F",208
"7A6169",207
"746966",207
"2E2045",206
"6E6961",206
"6E612E",206
"656C69",206
"4C6567",206
"756475",205
"756964",204
"746869",204
"6C6567",204
"736120",204
"757473",204
"436572",204
"6F6E69",203
"6920C3",203
"6E6765",202
"72616D",202
"612041",202
"63206E",202
"736372",202
"653A20",202
"69686F",202
"48616C",202
"61633A",201
"726964",200
"636172",199
"726172",199
"A16E20",199
"457A74",198
"6320C3",198
"6C656E",198
"A76179",197
"6C6861",197
"A76163",197
"2C2042",196
"726761",195
"676F69",195
"65206D",195
"73756E",195
"746920",194
"736572",194
"7465C3",194
"612074",194
"742067",194
"6F6761",194
"6C6963",193
"2C206F",193
"65C3A1",192
"632072",192
"6C6162",192
"652076",192
"7A3A20",191
"6F6EC3",191
"6C6465",191
"63206D",190
"6E6F61",190
"696775",190
"2C2041",189
"6C6574",189
"6C656B",188
"206669",188
"7A6520",188
"74206E",187
"7A6163",187
"61756C",187
"657961",185
"616272",185
"63206C",185
"707269",184
"697A74",184
"3A2068",184
"746173",184
"65206E",184
"74696D",184
"20736F",183
"792C20",183
"616361",183
"72C3A7",183
"756568",183
"737472",182
"20766F",182
"632076",182
"6E7420",182
"41696E",181
"2C204E",181
"736361",181
"646575",181
"657573",181
"752073",180
"7520C3",180
"736567",180
"617564",180
"626569",180
"6E6F6E",179
"6DC3A1",179
"6D7061",178
"6D6265",178
"726569",178
"6FC3A9",178
"646171",178
"657373",177
"65617A",177
"6C6564",177
"742069",177
"696C69",177
"726F72",177
"686561",177
"677261",177
"727572",177
"696F73",177
"C3A920",176
"676F61",175
"6E2D65",175
"477565",175
"7AC3A9",175
"6C656D",174
"205061",174
"207665",174
"74612C",173
"742063",173
"742064",173
"696C68",172
"612066",172
"657420",172
"7A6974",172
"20457A",171
"20456C",171
"706C69",171
"73756D",171
"697473",171
"7A6574",171
"69612C",170
"6C6563",169
"656B75",169
"6E65C3",169
"6C7520",168
"6D706F",168
"6F7270",168
"73656D",167
"6C2064",167
"726F67",166
"7A2073",166
"636874",166
"646164",166
"206F68",166
"65792C",166
"205068",165
"205072",165
"686173",165
"747269",165
"536163",164
"617573",164
"506965",164
"657273",164
"617070",164
"7A7069",164
"656E6F",163
"726564",163
"617A70",163
"65742C",162
"456C69",161
"6D626F",161
"6F7175",161
"6469C3",161
"65632D",161
"656374",161
"676F65",160
"646965",160
"616D70",160
"206170",160
"61696C",160
"A9632C",159
"63616D",158
"706174",158
"7A6972",158
"656261",158
"743A20",158
"436569",158
"64612E",157
"727075",157
"2C206D",157
"6E646F",156
"696F69",156
"757274",156
"696175",156
"637573",156
"722C20",156
"506175",156
"616E6E",155
"2C2070",155
"726F6E",155
"742049",155
"657320",154
"C3A420",154
"6F7A20",153
"697061",153
"A97A20",153
"792065",153
"612D65",153
"6F6167",153
"496572",152
"636575",152
"652041",152
"206772",152
"646F6C",152
"636869",151
"696D61",151
"2C2053",150
"747275",150
"61757A",150
"756E69",149
"6C65C3",149
"612043",148
"6C6B61",148
"50726F",148
"727573",148
"64616C",148
"7A206D",148
"496F61",147
"A76F74",147
"626964",147
"757A71",147
"686963",147
"61726E",147
"70616C",146
"536372",146
"A76171",146
"6CC3A9",146
"75C3A1",146
"7A6361",145
"75C3A8",145
"6C616D",145
"6F2070",145
"756469",145
"757475",145
"616765",145
"616365",145
"6E617A",144
"A1742C",143
"647571",143
"697A2C",143
"3A2063",143
"207075",143
"7565C3",142
"736F6C",142
"20616D",141
"72657A",141
"456775",141
"74656D",141
"706F72",141
"63756C",141
"686520",141
"6F2073",141
"6E2045",140
"722067",140
"6D6174",140
"747265",140
"6C6520",140
"736173",140
"67616C",140
"65612E",139
"207674",139
"76747A",139
"696C64",139
"706C65",139
"7A74C3",139
"42616C",139
"737175",139
"696461",139
"2C2076",138
"726572",138
"7A61C3",138
"7A206E",138
"61796F",137
"616971",137
"697572",137
"6E616C",137
"74616C",136
"68746F",136
"696E74",136
"696D65",135
"6C6175",135
"6C7565",135
"676120",135
"636571",134
"6E6E65",134
"6E676F",134
"6B6920",134
"746F72",134
"72652C",134
"6F612C",134
"61742E",133
"75206E",133
"6E6365",133
"205369",133
"6F6861",133
"656375",133
"626520",133
"65206C",132
"646167",132
"656174",132
"727561",132
"C3A463",131
"676F74",131
"6E6974",131
"75612C",131
"656C6B",130
"6F206C",130
"206661",130
"746167",130
"73696F",130
"737365",129
"737520",129
"75657A",129
"7A2076",129
"205363",128
"7A2049",128
"686F61",128
"656E73",128
"69206F",128
"647564",128
"2C206C",128
"6D6572",127
"613F20",127
"736575",127
"726570",127
"736961",126
"6F676F",126
"676561",126
"696E75",126
"617A2E",125
"756174",125
"48756E",125
"68656D",125
"636F2C",125
"206372",125
"69C3B3",124
"65736F",124
"6C696F",124
"636875",124
"A76F20",124
"3F2065",123
"75636F",123
"74752C",123
"727574",123
"726F74",123
"766E63",123
"626F74",123
"73736F",122
"757363",122
"7269C3",122
"67656C",122
"6C616E",122
"756765",122
"737065",122
"206578",122
"6D6120",121
"75632C",121
"204761",121
"753A20",121
"426572",121
"6E613A",121
"20416E",121
"726D65",121
"636567",121
"6C6961",120
"7A6920",120
"757262",120
"697567",120
"6C6962",120
"6572C3",119
"75617A",119
"2C2047",119
"6E6579",119
"7A20C3",119
"6F7373",118
"632074",118
"616275",118
"637574",118
"6974C3",118
"6C7574",118
"6E2043",117
"6F617A",117
"756DC3",117
"206F67",117
"72692E",117
"736163",116
"75696F",116
"B36E2C",116
"6F6C75",116
"7A206F",116
"A12065",116
"726162",115
"6F656E",115
"20656B",115
"64752C",115
"204861",115
"687574",115
"722061",115
"697369",115
"646163",114
"722069",114
"617561",114
"6C2063",114
"752061",114
"6F697A",114
"2C204D",114
"61632D",113
"6D6574",113
"616D62",113
"204567",113
"746F61",113
"20617A",113
"C3A46E",113
"696374",113
"747567",113
"204973",112
"506861",112
"646F61",112
"6C6920",112
"69206C",112
"617463",112
"457272",112
"64613A",111
"646563",111
"204765",111
"47656E",111
"74696C",111
"6F686F",111
"657A6E",111
"727520",111
"6F646F",111
"6E6472",110
"63686F",110
"646F63",110
"6F72C3",110
"732064",110
"207673",110
"206D6F",110
"627265",110
"6D6168",110
"6E6164",109
"207468",109
"707061",109
"6E6567",109
"204575",109
"656475",109
"693A20",109
"756C20",109
"657267",109
"206163",109
"204E6F",108
"7A756C",108
"637475",108
"697A63",108
"766E67",108
"44696F",108
"652053",107
"696169",107
"206672",107
"75726F",107
"6C7463",107
"73616E",107
"747365",106
"6F6169",106
"627275",106
"756965",106
"616666",106
"636C61",106
"7420C3",106
"53616C",105
"A46320",105
"732062",105
"637561",105
"656162",105
"746164",105
"69646F",105
"726B61",105
"64652C",105
"7965C3",105
"616769",105
"6D6520",104
"6F3A20",104
"204265",104
"657369",104
"6E6669",104
"70656E",104
"722068",104
"6C69C3",104
"6E7475",104
"676E6F",104
"752049",104
"696275",103
"726F6D",103
"686162",103
"796174",103
"756374",103
"696F63",103
"65696C",103
"746F6C",103
"666672",103
"612E20",102
"696173",102
"69632D",102
"636173",102
"736569",102
"206166",102
"656E2D",102
"6E6571",102
"732C20",101
"79C3B3",101
"204170",101
"656361",101
"626171",101
"6E7365",101
"75652E",101
"6F6E75",101
"6E7565",100
"726965",100
"7272C3",100
"A76164",100
"756963",100
"6F7469",100
"6E6374",100
"206F64",100
"657A2E",100
"6E2E20",99
"757468",99
"64657A",99
"727275",99
"486175",99
"6F206D",99
"62616E",99
"7A6E61",99
"C3A17A",98
"696E3A",98
"707469",98
"6F6968",98
"6C6C75",98
"75697A",98
"756666",98
"616368",97
"7A65C3",97
"C3A874",97
"A87461",97
"696875",97
"657564",97
"726261",97
"742061",97
"626C65",97
"726F7A",97
"6F6E66",96
"6F2049",96
"6E616D",96
"72686F",96
"626573",96
"617069",96
"756571",96
"746171",96
"41706F",96
"796561",95
"6E6162",95
"726D61",95
"706965",95
"206964",95
"206562",95
"736573",95
"6272C3",95
"72696D",94
"486172",94
"737572",94
"6C6173",94
"646169",94
"6E6972",94
"626163",94
"736F72",93
"686571",93
"636175",93
"72632D",93
"6F6574",93
"666964",93
"6D696C",93
"67756C",93
"A76F72",92
"6E6F2E",92
"767272",92
"686579",92
"6FC3A7",92
"6F6320",92
"7A657A",92
"6D6972",92
"6F636F",91
"6E656C",91
"637265",91
"6F726D",91
"61686F",91
"766F7A",91
"457561",91
"617A71",91
"6F206F",91
"656167",91
"697A61",91
"6D6573",91
"746169",91
"617462",91
"6F6E63",90
"206965",90
"737561",90
"6F20C3",90
"75722C",90
"6C75C3",90
"746265",90
"6F6261",89
"722D65",89
"726173",89
"617472",89
"616E63",89
"6F2076",89
"204162",88
"6F6D65",88
"6F6465",88
"732068",88
"47616C",88
"6775C3",88
"706920",88
"756C65",88
"6D616C",87
"7A7565",87
"206167",87
"204865",87
"697569",87
"68656C",87
"667275",87
"726F63",87
"6C6572",87
"696265",87
"6C7465",87
"756565",87
"696469",87
"727564",87
"706C61",87
"6B7520",87
"746F20",86
"657361",86
"656971",86
"6F6361",86
"65726D",86
"6D6162",86
"626563",86
"646966",85
"61656C",85
"636F2E",85
"206173",85
"6E6967",85
"727365",85
"64652E",85
"4E6F72",85
"796520",85
"676974",85
"2D6261",85
"6C6975",84
"626C61",84
"617A3A",84
"6C2062",84
"756365",84
"636574",84
"72652E",84
"7572C3",84
"20706C",84
"692073",84
"2D656E",83
"726F62",83
"632050",83
"6F2072",83
"7A2070",83
"74652E",83
"6C7175",83
"4D6172",82
"66696E",82
"636761",82
"656E3F",82
"697373",82
"53696D",82
"72636F",82
"612047",82
"686163",82
"756967",82
"68756D",81
"73796E",81
"657474",81
"204D6F",81
"637275",81
"20696D",81
"616C71",81
"617365",80
"75742C",80
"62617A",80
"686167",80
"6F6D61",80
"75653A",80
"6F6374",80
"4D6F79",80
"6F7973",80
"797365",80
"6C697A",80
"416272",79
"726168",79
"79656E",79
"C38775",79
"632053",79
"497372",79
"737261",79
"726165",79
"6C2065",79
"676F6E",79
"6C696C",79
"706164",79
"66616C",79
"206C6F",79
"626972",79
"626261",79
"737566",79
"756269",79
"6E6861",78
"657264",78
"657565",78
"7A2074",78
"756D61",78
"756C74",78
"696F72",78
"616363",78
"61726B",78
"4D6167",78
"6E3F20",78
"616262",78
"6E696F",78
"496861",78
"204461",77
"612045",77
"666F72",77
"6E2047",77
"666573",77
"61746F",77
"7220C3",77
"756C69",77
"6D6E61",77
"2C2072",76
"796E61",76
"7A6179",76
"67752C",76
"6C6972",76
"6E7361",76
"666572",76
"7A206C",76
"767274",75
"652066",75
"6D6973",75
"696579",75
"736F69",75
"726562",75
"657A3A",75
"204775",75
"C3A92C",75
"676973",75
"3F2045",75
"626120",74
"696CC3",74
"C3A12E",74
"6F736F",74
"61743A",74
"616E3F",74
"A92C20",74
"476175",74
"737562",74
"75632E",73
"204869",73
"A76162",73
"6C2069",73
"626561",73
"656265",73
"61626F",73
"746965",73
"72206C",73
"646F68",73
"646F6E",73
"707572",73
"667269",73
"736570",72
"73617A",72
"62656E",72
"A1743A",72
"72206E",72
"656D6E",72
"69206D",72
"7A7520",72
"61204D",71
"616367",71
"877565",71
"697472",71
"652072",71
"64756E",71
"706974",71
"6169C3",71
"676520",71
"756E74",71
"65656E",71
"736967",71
"69726D",71
"617569",70
"496163",70
"6E616E",70
"742073",70
"2C204F",70
"697A2E",70
"726461",70
"2068C3",70
"64692C",70
"6E204C",70
"666563",70
"75612E",70
"6E756E",70
"70616E",70
"6C7461",70
"632E20",69
"69612E",69
"6574C3",69
"A16E2C",69
"616E2D",69
"736F61",69
"68C3A6",69
"6E6975",69
"766F72",69
"766572",69
"6E7175",69
"692D65",69
"75696C",69
"206B65",69
"737475",69
"75626C",68
"204E69",68
"756D62",68
"C3A679",68
"6F7268",68
"6F6E6F",68
"692070",68
"6E6966",68
"6F7365",67
"696E66",67
"64696C",67
"6C6875",67
"6CC3A1",67
"61204C",67
"653F20",67
"696B61",67
"726579",67
"632066",67
"204875",67
"68657A",67
"756973",66
"207379",66
"656D6F",66
"637572",66
"636F65",66
"657A71",66
"477569",66
"6E7369",66
"7A612C",66
"757267",66
"666665",66
"A96E2E",66
"75616C",66
"726970",66
"666972",66
"612042",65
"68697A",65
"617262",65
"6E6FC3",65
"732049",65
"7A7563",65
"697070",65
"3A2067",65
"6C6579",65
"65636C",65
"204172",64
"6F7A63",64
"737565",64
"6C6461",64
"2C2074",64
"626967",64
"7A6171",64
"707065",64
"752D65",64
"A76175",64
"C3A472",64
"4E6920",64
"204E61",63
"6E204D",63
"75692C",63
"6963C3",63
"796120",63
"2C2050",63
"706175",63
"617520",63
"756261",63
"656E75",63
"536162",63
"6E736F",62
"696869",62
"756573",62
"A46E20",62
"61726F",62
"69626C",62
"696F2C",62
"6C6569",62
"7A7574",62
"6F612E",62
"6261C3",62
"6E696E",62
"727268",61
"6E6F2C",61
"692049",61
"676E61",61
"A77572",61
"747A2C",61
"636FC3",61
"732069",61
"76657A",61
"6F2066",61
"6F727A",61
"646567",61
"746571",61
"3A206E",61
"64696D",61
"6F6D6D",61
"6F6C65",61
"737569",61
"446175",60
"20C387",60
"686970",60
"204361",60
"6E69C3",60
"68726F",60
"72693A",60
"637461",60
"627573",60
"657268",60
"426172",60
"205265",60
"756564",60
"6E6973",60
"206F66",60
"6F6666",60
"736F6E",59
"6E2042",59
"616C6F",59
"7A616C",59
"656C20",59
"6C6967",59
"657A6C",59
"2C2066",59
"656769",59
"756569",59
"65792E",59
"65722D",59
"6F7420",59
"416E63",59
"616CC3",59
"6F2041",59
"6F6E68",59
"697564",58
"657A61",58
"486572",58
"C3A92E",58
"65613A",58
"656C68",58
"726E65",58
"456E65",58
"6C6167",58
"696665",58
"6E2D62",58
"686965",57
"656E68",57
"632043",57
"756875",57
"697069",57
"6B6972",57
"727463",57
"696171",57
"652074",57
"6D6F72",57
"7A6167",57
"68696E",57
"A67920",57
"6FC3A1",57
"63616C",57
"746872",57
"637472",57
"747564",57
"64752E",57
"3A2061",57
"686F67",57
"6D6974",57
"50696C",57
"20416D",56
"736574",56
"726F64",56
"626173",56
