"20E0A4",759299
"E0A4BE",245421
"E0A587",224067
"E0A4B0",193433
"E0A495",183068
"A495E0",172002
"A58720",142850
"8720E0",142726
"A4BEE0",141572
"E0A4A8",132984
"BEE0A4",132126
"E0A4B9",124369
"E0A4B8",112337
"A4B0E0",108377
"A4B9E0",106670
"E0A58D",102357
"E0A58B",101607
"A58DE0",100923
"8DE0A4",100909
"E0A4A4",100615
"A4A8E0",100172
"E0A482",94742
"E0A4AE",93158
"95E0A5",92766
"A4B8E0",91305
"A4A4E0",90379
"E0A4BF",87594
"A4B020",82938
"B020E0",82883
"A4BE20",82366
"E0A580",82108
"BE20E0",82035
"95E0A4",79236
"87E0A4",79138
"A4AEE0",78517
"E0A4AF",75543
"A587E0",72831
"B9E0A5",71612
"E0A4AA",70520
"A4AAE0",68113
"A4AFE0",67639
"A4BFE0",66777
"BFE0A4",66573
"8220E0",66068
"B0E0A4",64191
"A8E0A5",63592
"A58BE0",62743
"8BE0A4",61659
"E0A4B2",61582
"A48220",60726
"E0A4B5",58913
"A4E0A5",58573
"A4B5E0",57477
"A58020",55473
"8020E0",55415
"E0A581",51754
"AEE0A5",51260
"A4B2E0",50851
"AAE0A4",49366
"2C20E0",49362
"E0A4A6",48371
"B8E0A5",48088
"B5E0A4",47922
"E0A4AC",47100
"81E0A4",45182
"A581E0",45160
"E0A49C",44665
"A4A6E0",44649
"AFE0A4",44478
"B0E0A5",44186
"82E0A4",43965
"B8E0A4",43217
"A49CE0",43009
"E0A497",40126
"E0A494",37597
"A494E0",37594
"94E0A4",37592
"E0A489",36810
"A489E0",36806
"89E0A4",36804
"A8E0A4",36580
"A4E0A4",35194
"B9E0A4",35058
"A58B20",34703
"A497E0",34667
"8B20E0",34635
"E0A588",33785
"A4ACE0",32259
"E0A5A4",31815
"A4A820",31611
"A820E0",31593
"9CE0A4",28704
"B2E0A4",27944
"E0A582",27865
"AEE0A4",27257
"A482E0",25408
"A6E0A5",25362
"E0A4B6",23923
"97E0A4",23477
"AFE0A5",23161
"E0A485",22926
"A485E0",22912
"85E0A4",22907
"B2E0A5",22907
"A580E0",22808
"A582E0",22299
"ACE0A4",22177
"A588E0",21932
"E0A48F",21666
"E0A49A",21309
"80E0A4",21068
"A4B820",20800
"B820E0",20790
"A4BF20",20487
"BF20E0",20060
"A49AE0",19496
"E0A4AD",19401
"A6E0A4",19287
"A4ADE0",19037
"AAE0A5",18747
"A4B6E0",18744
"E0A4A5",18527
"88E0A4",18218
"A4B920",17013
"B920E0",17000
"E0A4A1",16884
"A4A1E0",16331
"A4BE2C",16089
"E0A4BC",15886
"BE2C20",15480
"A1E0A4",15344
"A4AC20",14719
"AC20E0",14706
"A48FE0",14653
"A4A5E0",14320
"9CE0A5",14305
"A4AE20",14243
"AE20E0",14186
"E0A486",14091
"E0A496",14076
"9AE0A4",13954
"8FE0A4",12939
"A4BCE0",12878
"A420E0",12505
"B6E0A5",12060
"A496E0",11976
"A486E0",11862
"E0A4A7",11565
"86E0A4",11550
"E0A49F",11534
"97E0A5",11190
"ADE0A5",11035
"A49520",10766
"9520E0",10761
"3B20E0",10596
"E0A487",10382
"A487E0",10371
"A4B220",10166
"B220E0",10162
"ACE0A5",10082
"A4A420",9966
"8820E0",9810
"E0A488",9571
"B5E0A5",9555
"BEE0A5",9446
"A4A7E0",9435
"E0A4B7",9070
"A5E0A4",8551
"A49FE0",8113
"ADE0A4",8002
"96E0A4",7995
"BCE0A4",7632
"E0A49B",7627
"A4AF20",7526
"AF20E0",7499
"A48820",7225
"E0A4A0",6961
"B6E0A4",6684
"E0A49D",6657
"E0A4AB",6596
"A7E0A4",6564
"A4B7E0",6411
"882C20",6385
"A4ABE0",6303
"A4822C",6217
"A5872C",6181
"822C20",6157
"A4A0E0",6148
"8120E0",6142
"A58120",6074
"E0A4A3",6010
"872C20",5978
"A5882C",5973
"E0A493",5840
"A5E0A5",5769
"A49BE0",5700
"9AE0A5",5542
"A58220",5445
"A49720",5306
"9720E0",5302
"A493E0",5263
"BCE0A5",5246
"88E0A5",5224
"ABE0A4",5141
"93E0A4",5048
"A4B620",5017
"B620E0",5001
"B7E0A5",4611
"A48F20",4573
"8F20E0",4534
"E0A4A2",4465
"A4A2E0",4453
"A49DE0",4228
"A4BE3B",4207
"E0A58C",4199
"A0E0A4",4160
"A2E0A4",4099
"A4A520",4075
"87E0A5",4064
"9FE0A5",4057
"9FE0A4",4056
"A520E0",4053
"96E0A5",3981
"E0A498",3960
"A498E0",3883
"BE3B20",3792
"82E0A5",3742
"E0A48A",3719
"8AE0A4",3688
"A48AE0",3668
"A58CE0",3610
"8CE0A4",3604
"A4A620",3580
"A620E0",3579
"A5A4E0",3388
"A49F20",3348
"9F20E0",3348
"9DE0A5",3346
"A58B2C",3128
"9BE0A5",3038
"8B2C20",3033
"A4A3E0",3028
"98E0A4",3001
"A5802C",2962
"A4A320",2894
"A320E0",2894
"802C20",2889
"A7E0A5",2871
"A58820",2765
"E0A583",2757
"A583E0",2750
"83E0A4",2748
"9BE0A4",2662
"A4BC20",2660
"BC20E0",2658
"A4B720",2600
"B720E0",2600
"A5A420",2594
"A49D20",2421
"9D20E0",2421
"A4AA20",2346
"AA20E0",2346
"E0A490",2060
"A4A720",2057
"A720E0",2057
"A490E0",2004
"90E0A4",2003
"A0E0A5",1988
"A3E0A5",1943
"A49B20",1819
"9B20E0",1812
"B7E0A4",1800
"A49A20",1790
"9A20E0",1789
"883B20",1779
"A4B02C",1744
"80E0A5",1740
"A5883B",1722
"A48F2C",1715
"8FE0A5",1714
"A49620",1701
"9620E0",1697
"B02C20",1695
"3F20E0",1651
"8F2C20",1635
"A48620",1624
"8620E0",1606
"A49C20",1590
"9C20E0",1590
"A488E0",1510
"A4823B",1496
"A5873B",1476
"E0A49E",1475
"A49EE0",1451
"9EE0A4",1449
"A58D20",1420
"8D20E0",1417
"3A20E0",1405
"823B20",1377
"A4B520",1376
"B520E0",1361
"873B20",1325
"ABE0A5",1162
"2D20E0",1123
"8BE0A5",1119
"A3E0A4",1085
"A4A82C",1049
"A5883F",1033
"A1E0A5",987
"A82C20",986
"98E0A5",882
"9DE0A4",882
"A4A020",732
"A020E0",730
"A4BE3F",657
"2120E0",622
"A58B3B",617
"2020E0",609
"A4B92C",607
"A5803B",594
"A4882C",587
"B92C20",580
"A58C20",578
"8C20E0",578
"A48F3B",571
"883F20",565
"8B3B20",558
"803B20",548
"A4823F",548
"A4A120",545
"A120E0",544
"8F3B20",510
"E0A481",484
"A4B22C",479
"B22C20",461
"812C20",410
"203A20",409
"A4862C",406
"BF2020",404
"862C20",402
"A2E0A5",354
"A4AD20",353
"A4AE2C",352
"AD20E0",351
"86E0A5",344
"AE2C20",338
"BE3F20",338
"A4962C",334
"962C20",332
"A5873F",332
"A4932C",297
"932C20",289
"A5812C",289
"A4AB20",284
"AB20E0",284
"202120",280
"A4952C",275
"823F20",274
"952C20",272
"3AE0A4",267
"A4BE3A",263
"BE3A20",254
"A4BC2D",245
"BC2D20",245
"A4A42C",237
"A4AF2C",232
"A4BF2C",232
"AF2C20",228
"BF2C20",219
"A5813A",218
"813AE0",218
"A42C20",218
"93E0A5",215
"BFE0A5",204
"A481E0",201
"A4B03B",201
"A4883B",200
"A4B82C",194
"A5883A",188
"883A20",185
"BE203A",183
"A58B3F",181
"81E0A5",179
"B03B20",173
"B82C20",172
"A4823A",165
"A5872D",163
"872D20",161
"823A20",156
"873F20",151
"A4B62C",142
"A5803F",140
"28E0A4",137
"B62C20",131
"A4812C",128
"A4863B",126
"A4933B",125
"A4972C",124
"863B20",123
"A4A52C",122
"972C20",122
"A48221",120
"A52C20",119
"933B20",118
"A4A62C",117
"A58B21",115
"A4AC2C",114
"A62C20",113
"A58821",113
"AC2C20",110
"A58721",110
"A49320",105
"A5822C",104
"A4BE2D",104
"BE2D20",100
"2028E0",100
"A4AF2D",95
"AF2D20",95
"A49B3A",92
"9B3A20",92
"A4BE21",92
"9320E0",91
"A4B02D",90
"B02D20",89
"A58B3A",87
"8B3A20",86
"803F20",86
"8B3F20",85
"A4A32C",84
"A32C20",84
"BE2021",84
"A4BC2C",83
"A48120",82
"BC2C20",81
"A48F3F",77
"A4A82D",76
"A82D20",76
"A5873A",74
"88203A",71
"2920E0",70
"873A20",69
"8A20E0",67
"A49820",65
"9820E0",65
"A4A02C",61
"A02C20",60
"813B20",60
"A4A72C",59
"A4B72C",57
"203F20",57
"A4A83B",57
"A49F2C",57
"9F2C20",57
"A5802D",57
"802D20",57
"B72C20",56
"A72C20",56
"A4813B",55
"A49020",54
"9020E0",54
"882120",54
"88203F",53
"82203A",51
"A49C2C",50
"20E0A5",50
"822120",50
"A4B93B",49
"8B2120",49
"A4B52C",47
"A48A20",46
"B52C20",46
"9C2C20",45
"E0A58A",45
"AE2020",44
"A4AA2C",43
"A48F3A",43
"BE2120",43
"AA2C20",42
"A5803A",41
"A4B021",41
"A4B22D",40
"B22D20",40
"882021",40
"8B2021",40
"B93B20",40
"87203A",39
"803A20",39
"2022E0",38
"22E0A4",38
"A4963B",37
"E0A48B",36
"A4B23B",36
"B02021",36
"872120",35
"A48BE0",35
"963B20",35
"A4BF2D",35
"BF2D20",35
"A4863A",34
"863A20",34
"872020",34
"A4B82D",32
"B82D20",32
"A83B20",32
"A58829",32
"E0A586",32
"A586E0",32
"872021",32
"BE203F",31
"2C2028",31
"2820E0",31
"A49321",31
"8F3F20",31
"A42020",31
"80203A",30
"A4863F",30
"A4BF3A",29
"A4AF21",28
"29E0A5",28
"BF3AE0",27
"8F203A",26
"8F3A20",26
"822021",25
"202820",25
"A5A429",25
"A4BE29",25
"A4883F",25
"AF2120",24
"A48F21",24
"AF2021",24
"82203F",23
"A49E20",22
"9E20E0",22
"A52020",22
"A58AE0",21
"A4A62D",21
"A62D20",21
"A58A20",21
"A4822D",20
"202920",20
"B23B20",20
"2D2020",19
"2CE0A4",19
"863F20",19
"A4B921",19
"822D20",18
"8B203A",18
"A4AA2D",17
"AA2D20",17
"A4813F",17
"A4B03A",17
"932120",17
"203AE0",16
"292C20",16
"A5823B",16
"A42028",16
"B03A20",16
"A4AF3B",16
"AF3B20",16
"A4973B",15
"A4A42D",15
"A42D20",15
"A4AE3F",15
"A58729",15
"B62020",15
"A49A2C",14
"A4AE3B",14
"A49B2C",14
"A58021",14
"A4962D",14
"962D20",14
"8DE0A5",14
"802021",14
"B02120",14
"22E0A5",14
"A4933A",13
"933A20",13
"86203A",13
"9A2C20",13
"BE2029",13
"9B2C20",13
"813F20",13
"A48520",13
"8520E0",13
"A82021",13
"2220E0",13
"B52020",13
"202C20",12
"AE3B20",12
"A49F2D",12
"9F2D20",12
"872028",12
"882920",12
"AE3F20",12
"932021",12
"812021",12
"A48229",12
"A4BC3B",11
"A4982C",11
"982C20",11
"85E0A5",11
"A48720",11
"973B20",11
"B92120",11
"A58B2D",10
"2D2D20",10
"B0203A",10
"BC3B20",10
"A4A43B",10
"BE2028",10
"A4883A",10
"A4A220",10
"A220E0",10
"B92021",10
"A4953B",10
"A4A03B",10
"A03B20",10
"BF2022",10
"8B2D20",9
"A4B52D",9
"B52D20",9
"A4AB2C",9
"AB2C20",9
"A4AE2D",9
"AE2D20",9
"A4972D",9
"A4B62D",9
"B62D20",9
"2C2022",9
"882D20",8
"A5813B",8
"A58C2C",8
"8C2C20",8
"A4B221",8
"972D20",8
"3B2028",8
"AC2020",8
"A49621",8
"BF203A",7
"A4882D",7
"A4B93A",7
"A43B20",7
"A49D2C",7
"9D2C20",7
"88292C",7
"882028",7
"BE2920",7
"8F2021",7
"AE2021",7
"B82020",7
"B02028",7
"A4A12C",7
"A12C20",7
"872920",7
"822920",7
"8729E0",7
"8F2120",7
"A48621",7
"A49A2D",7
"9A2D20",7
"BE203B",6
"A58D2C",6
"8D2C20",6
"B93A20",6
"8829E0",6
"A4AC3B",6
"A49C3B",6
"A4952D",6
"952D20",6
"A42029",6
"E0A585",6
"A585E0",6
"802120",6
"2EE0A4",6
"B22120",6
"9B2020",6
"953B20",6
"A4953F",6
"A4A821",6
"8CE0A5",6
"A49C2D",6
"9C2D20",6
"A5A422",6
"A58822",6
"A4A73B",6
"A73B20",6
"2060E0",6
"60E0A4",6
"8A2C20",5
"8B203F",5
"A4BF3B",5
"8920E0",5
"A4B63B",5
"BE29E0",5
"88293B",5
"A4A021",5
"802028",5
"A48821",5
"872029",5
"A58320",5
"8320E0",5
"A4A83F",5
"202D20",5
"BE292C",5
"2D2D2D",5
"A48F2D",5
"A4AD3F",5
"A4A43A",5
"A43AE0",5
"3F2028",5
"A82120",5
"A4BE22",5
"222C20",5
"80203F",4
"87203F",4
"203B20",4
"88203B",4
"872CE0",4
"20292C",4
"9C3B20",4
"293B20",4
"A02120",4
"A42920",4
"A4933F",4
"BE2CE0",4
"BE2D2D",4
"802029",4
"822CE0",4
"A83F20",4
"872022",4
"A5812D",4
"812D20",4
"2DE0A4",4
"953F20",4
"A49F3B",4
"9F3B20",4
"A4BC21",4
"862120",4
"A4AD2C",4
"AD2C20",4
"A4AF3A",4
"AF3A20",4
"A48920",4
"A58D2E",4
"8D2EE0",4
"A58029",4
"A42220",4
"8822E0",4
"A4B83B",4
"B83B20",4
"A4B03F",4
"8229E0",4
"BF202C",3
"202D2D",3
"A8203A",3
"B22028",3
"2720E0",3
"A4A63B",3
"BF3B20",3
"2C2920",3
"E0A589",3
"A58920",3
"8B2028",3
"8F2028",3
"A4A53B",3
"A53B20",3
"A49420",3
"9420E0",3
"A4A421",3
"A4BF29",3
"802CE0",3
"87202C",3
"A58A2C",3
"A5882D",3
"AC2021",3
"A49721",3
"A4A721",3
"962120",3
"A4AF3F",3
"AF3F20",3
"8F2D20",3
"A4963A",3
"963A20",3
"972021",3
"BE2220",3
"A4A822",3
"A4A52D",3
"A52D20",3
"3B2022",3
"27E0A5",3
"A4AE21",3
"AE2120",3
"A58B29",3
"A48A2C",2
"86203F",2
"87202D",2
"AE203A",2
"AC203A",2
"88202C",2
"BF3A20",2
"A49C29",2
"9C2920",2
"93203A",2
"8B202C",2
"952028",2
"A58C2D",2
"8C2D20",2
"89E0A5",2
"A63B20",2
"A5A42C",2
"A4A32D",2
"A32D20",2
"9EE0A5",2
"882029",2
"BE2C29",2
"94E0A5",2
"A4AD2D",2
"AD2D20",2
"B82028",2
"AC3B20",2
"BE293B",2
"A48A3F",2
"8A3F20",2
"A49E2C",2
"9E2C20",2
"822028",2
"A42120",2
"A42CE0",2
"A42021",2
"862021",2
"A4902C",2
"902C20",2
"203A2C",2
"3A2C20",2
"A4B63F",2
"B63F20",2
"B9203A",2
"A58B22",2
"BE202D",2
"8F202D",2
"882D2D",2
"AF2020",2
"A4A53F",2
"A4B022",2
"B52021",2
"8F2D2D",2
"AD3F20",2
"972120",2
"A4A83A",2
"89203A",2
"A4BC3A",2
"A4963F",2
"963F20",2
"A49A3B",2
"80292C",2
"962021",2
"BE2022",2
"88222C",2
"AE2022",2
"E0A5A9",2
"83E0A5",2
"822D2D",2
"A4A72D",2
"A72D20",2
"A4BF3F",2
"A4A22D",2
"A22D20",2
"A4B522",2
"A4A03A",2
"A03A20",2
"2029E0",2
"A48222",2
"8222E0",2
"BE22E0",2
"2C2060",2
"A58027",2
"BF2060",2
"8D2028",2
"A4B72D",2
"B72D20",2
"872129",2
"8B29E0",2
"BF2920",2
"A4AE3A",2
"AE3A20",2
"96203A",1
"A48627",1
"862720",1
"B02029",1
"AD203A",1
"203A2D",1
"3A2D20",1
"A4AA3B",1
"872C29",1
"A4983B",1
"983B20",1
"8AE0A5",1
"A5832C",1
"832C20",1
"A4BE2E",1
"BE2EE0",1
"A49729",1
"97292C",1
"A4B53B",1
"B53B20",1
"BC2028",1
"B03B29",1
"3B2920",1
"B63B20",1
"B92020",1
"BF2028",1
"87292C",1
"A48A3B",1
"8A3B20",1
"A4B93F",1
"B93F20",1
"AD2029",1
"A5A43B",1
"20293B",1
"202121",1
"9B203A",1
"A4B62E",1
"B62EE0",1
"952021",1
"812CE0",1
"A4AC3F",1
"8F203F",1
"81203A",1
"A4BC3F",1
"BC3F20",1
"A4B92E",1
"B92E2E",1
"2E2E20",1
"2E20E0",1
"8B2220",1
"95202C",1
"202CE0",1
"AE202C",1
"862028",1
"A62021",1
"B6202C",1
"822029",1
"BC202D",1
"A49D2D",1
"9D2D20",1
"8D2020",1
"A1202D",1
"202DE0",1
"90E0A5",1
"A82029",1
"A53F20",1
"B02220",1
"203BE0",1
"3BE0A4",1
"A4A33B",1
"A33B20",1
"933F20",1
"A48129",1
"81293B",1
"212028",1
"972020",1
"A4AC2D",1
"AC2D20",1
"A49C21",1
"A58827",1
"A4A02D",1
"A02D20",1
"A4A521",1
"A52120",1
"9A3B20",1
"A5833A",1
"833AE0",1
"A4B621",1
"B62120",1
"A48B20",1
"A4BF21",1
"A02021",1
"A02020",1
"872DE0",1
"A49522",1
"95223B",1
"223B20",1
"BF2C22",1
"2C2220",1
"A4BF22",1
"BF2220",1
"A72C22",1
"A4A13B",1
"A13B20",1
"AF2022",1
"A82220",1
"3F2022",1
"A8222C",1
"A822E0",1
"28E0A5",1
"A5A9E0",1
"A9E0A5",1
"A5A929",1
"A92920",1
"E0A5A8",1
"A4A722",1
"A722E0",1
"872D2D",1
"A4B929",1
"B9292C",1
"B22021",1
"2C203A",1
"8B2D2D",1
"A58D3B",1
"BF3FE0",1
"3FE0A4",1
"972DE0",1
"802022",1
"E0A5AF",1
"A5AF20",1
"B8203A",1
"A49B2D",1
"9B2D20",1
"B022E0",1
"88293A",1
"293A20",1
"882129",1
"212920",1
"E0A4B3",1
"A4B3E0",1
"B3E0A5",1
"B02022",1
"8B222C",1
"962022",1
"B5222C",1
"B52220",1
"A83A20",1
"882022",1
"A4A522",1
"A522E0",1
"A49622",1
"962220",1
"A58722",1
"8722E0",1
"A4A33A",1
"A33A20",1
"A48F22",1
"8F22E0",1
"8B2022",1
"9A2022",1
"3B2060",1
"A4AE27",1
"AE2720",1
"882121",1
"2CE0A5",1
"22203A",1
"80273B",1
"273B20",1
"A4A027",1
"A027E0",1
"A49521",1
"952120",1
"82202D",1
"8F2CE0",1
"A4A03F",1
"A4B92D",1
"B92D20",1
"A4932D",1
"932D20",1
"A58229",1
"8027E0",1
"A4B63A",1
"B63A20",1
"A4B821",1
"B82120",1
"B02DE0",1
"95203A",1
"8B2920",1
"882122",1
"A49B3B",1
"9B3B20",1
"A4973A",1
"973A20",1
"A4852C",1
"852C20",1
"82292C",1
"812028",1
"BC3A20",1
"A82028",1
"A4B23F",1
"B23F20",1
"A4B53F",1
"B53F20",1
"A4A73F",1
"A73F20",1
"AE2028",1
"A4AE29",1
"AE2920",1
"8029E0",1
"802920",1
"AF2060",1
"A4B027",1
"B02720",1
"A48629",1
"8629E0",1
"A4A63A",1
"A63A20",1
"A4BE27",1
"BE27E0",1
