"D5A1D5",50615
"D680D5",37530
"D5B6D5",27529
"D5B8D6",26411
"D5A5D6",22692
"D5A5D5",19668
"B8D682",18870
"D5ABD5",18578
"D5A1D6",18152
"D682D5",17762
"D5BDD5",14805
"A1D5B6",14665
"D5BFD5",13257
"D5B8D5",12881
"D5B4D5",11876
"D5AFD5",11697
"A5D680",11515
"20D5A1",11429
"D68220",11407
"D5B620",11380
"B620D5",10764
"2C20D5",10743
"8220D5",10501
"ABD5B6",10276
"20D5A5",10127
"80D5A1",9397
"D5AB20",9294
"20D5B8",9124
"A1D680",9042
"D68020",8838
"AB20D5",8698
"D5B6D6",8585
"8020D5",8053
"B6D5A5",7799
"A1D5B5",7429
"D5ABD6",7233
"B8D680",7227
"D5B0D5",7144
"D5A7D5",7120
"D5B5D5",7072
"20D5B4",6717
"D68120",6669
"D5A820",6413
"8120D5",6174
"20D5B6",6103
"A5D682",6087
"A820D5",6056
"D684D5",5720
"D5ACD5",5695
"D5A4D5",5678
"D681D5",5677
"D5BAD5",5566
"80D5AB",5289
"20D5AB",5275
"D5B2D5",5107
"D5B420",5005
"20D5A7",4982
"D5A3D5",4778
"A1D5BD",4773
"B6D5A1",4751
"20D5AF",4750
"A5D681",4727
"B420D5",4720
"D5A9D5",4682
"20D5B0",4524
"A1D681",4501
"B4D5A1",4279
"D5A2D5",4263
"B8D5BE",4173
"D5BD20",4094
"B6D680",4072
"82D5B4",4065
"B0D5A1",3954
"80D5B8",3924
"BD20D5",3852
"D5B9D5",3783
"AFD5A1",3762
"A1D5B4",3635
"BFD5A1",3594
"D5BED5",3588
"A1D682",3515
"BDD5A1",3469
"80D5A5",3402
"BFD5A5",3393
"A5D5AC",3312
"D5A7D6",3301
"A1D5AF",3272
"80D5A8",3230
"B6D5AB",3039
"D5A120",3001
"20D5BF",2983
"D5AED5",2898
"D68420",2895
"A120D5",2867
"ABD680",2841
"D5BCD5",2832
"A5D5B6",2794
"82D5B6",2793
"80D5A4",2784
"A1D5BF",2772
"B6D5B8",2753
"20D5A4",2725
"8420D5",2721
"81D5AB",2653
"20D5A3",2611
"D5B7D5",2512
"20D5A2",2507
"BAD5A1",2497
"D5ADD5",2474
"B8D5B2",2458
"BDD5BF",2423
"20D5BA",2417
"D682D6",2405
"20D684",2401
"D5A720",2399
"D5B1D5",2378
"ABD681",2369
"BFD5B8",2359
"D4B1D5",2352
"A5D5BD",2317
"B4D5AB",2312
"82D5A1",2247
"ACD5B8",2241
"B6D684",2239
"D5A6D5",2207
"A720D5",2202
"D59D20",2199
"B6D681",2196
"AFD5B8",2158
"A5D5BF",2157
"C2BB3A",2122
"BDD5B8",2103
"A7D680",2083
"ABD5BD",2061
"20D5B9",2058
"20C2AB",2056
"20D5BE",2055
"A1D5BC",2053
"D4B5D6",2019
"D5B62C",1991
"80D5AF",1980
"A2D5A1",1959
"2E20C2",1957
"A5D5B2",1933
"B5D5B6",1925
"A1D5AE",1917
"B62C20",1902
"20D5BD",1899
"D5AC20",1899
"9D20D5",1823
"B2D5A1",1811
"D685D5",1805
"AC20D5",1777
"ABD682",1717
"20D5A9",1711
"D5A82C",1709
"ACD5AB",1688
"82D5BD",1684
"B6D5B9",1683
"B0D5A5",1670
"A82C20",1628
"84D5B8",1621
"AFD5A8",1615
"84D5A1",1611
"BCD5A1",1602
"82D680",1600
"A5D5A6",1585
"D585D5",1576
"20D5AC",1573
"A7D5BD",1566
"D5AF20",1542
"B4D5A5",1517
"D5BF20",1499
"A4D5B8",1496
"20D5B1",1479
"B5D682",1477
"82D5A9",1468
"B1D5A5",1454
"D5BE20",1442
"AF20D5",1440
"BF20D5",1437
"20D4B1",1434
"D683D5",1428
"BFD5AB",1425
"82D5A5",1417
"D5BBD5",1411
"A5D5B4",1410
"BDD5AB",1407
"BE20D5",1388
"B6D5A8",1367
"B4D5A7",1364
"A4D5AB",1358
"D5B5D6",1353
"D6812E",1339
"B5D680",1332
"C2ABD4",1326
"ABD5B4",1321
"D685D6",1311
"80D5B6",1299
"D5AE20",1290
"A5D5A1",1284
"85D680",1282
"BDD5A5",1274
"AFD5A5",1261
"20D5AD",1253
"812E20",1244
"B5D5BD",1237
"A4D5A1",1236
"82D5B8",1235
"D5AAD5",1232
"2E20D5",1216
"A9D5A7",1216
"D59BD6",1210
"AE20D5",1201
"D5B220",1197
"A1D5B0",1190
"BAD5A7",1189
"BFD5B6",1189
"84D5A5",1185
"A1D5B2",1180
"A1D5BA",1167
"BDD5AF",1161
"ADD5A1",1155
"D5BB20",1152
"20D585",1143
"A3D5A1",1121
"B220D5",1120
"D5B63A",1106
"AFD5AB",1105
"ABD5BF",1100
"BB20D5",1099
"D5BFD6",1085
"D5BED6",1079
"B8D5B5",1078
"20D5AE",1070
"A1D5AC",1070
"D5B520",1065
"B6D5B1",1050
"D5A420",1049
"BED680",1041
"A7D5AB",1022
"D5B920",1012
"D6802C",1010
"AFD5B6",1005
"A7D684",1002
"A9D5AB",997
"B6D5B6",993
"A2D5B8",982
"80D5A2",978
"3A20D4",977
"B920D5",973
"802C20",972
"C2ABD5",960
"B520D5",955
"D5A620",947
"A7D5AC",945
"82D5AB",942
"D584D5",939
"D5A220",939
"84D5AB",922
"D5B3D5",908
"20D683",901
"A3D5B6",897
"20D4B5",896
"A420D5",895
"B1D5BD",894
"A620D5",893
"D6812C",884
"20D5B5",879
"D5A8D5",866
"BAD5AB",866
"D5B4D6",866
"812C20",863
"81D5A1",862
"D680D6",859
"D4BBD5",857
"85D5BF",855
"D5AB2C",855
"D5B62E",852
"A220D5",851
"A3D5AB",848
"D5BDD6",848
"D4B5D5",847
"B7D5A1",840
"D5B42C",837
"D58FD5",833
"B6D5A4",828
"20D685",824
"B2D5B8",816
"A1D684",814
"80D5BF",814
"AB2C20",813
"B42C20",806
"AED5A1",802
"B8D5B6",802
"B4D5B8",801
"D5A4D6",797
"D5B820",796
"A3D5B8",795
"B62E20",792
"D5AFD6",789
"B820D5",785
"AED5B8",782
"A4D680",777
"A5D5BC",774
"20D5AA",766
"20D5B7",761
"B4D685",759
"B9D5A5",754
"80D5B1",751
"A9D5A5",747
"85D5AB",746
"AFD680",726
"3A20D5",724
"BED5B0",719
"A9D5B8",716
"A1D5B7",710
"D6842C",702
"B3D5A1",702
"B5D5A4",699
"BFD680",691
"D5A83A",690
"842C20",682
"A7D5B6",676
"BDD5A7",673
"A1D5A6",671
"B5D5AB",667
"A5D5AF",664
"20D5A6",664
"BDD5B6",659
"D59BD5",656
"B8D5BD",645
"83D5A1",643
"BED5A1",634
"80D5B0",631
"ABD59B",631
"BED5A5",630
"B9D5B8",629
"A7D5BB",613
"B5D5A1",604
"A1D5A3",602
"84D5A8",598
"D5B120",598
"BED5BD",593
"A7D59B",592
"B4D5A2",591
"ACD5A1",577
"B120D5",577
"81D5B6",575
"80D5A7",567
"BBD5BD",567
"B6D5A3",565
"B0D5B8",559
"A3D5A5",558
"A6D5A1",558
"8220D6",557
"A9D5A1",557
"9BD680",557
"ABD5A1",548
"B8D5AC",542
"B8D5B9",541
"B1D5B5",540
"B5D5A5",540
"A1D5AD",539
"20D58F",537
"D586D5",535
"BDD680",533
"AAD5A1",532
"81D5B8",529
"D681D6",528
"D6813A",524
"D58DD5",524
"80D5BD",522
"A2D5A5",520
"20D584",518
"A1D5BB",516
"BCD5B6",516
"D6822C",512
"BDD5A8",511
"8FD5A7",511
"D5B0D6",508
"822C20",505
"D5A72C",498
"80D5AE",491
"A72C20",485
"2C20D6",482
"81D5A5",474
"B2D5BB",472
"85D5B8",472
"20D5A8",471
"B2D5AB",471
"80D5BA",469
"B6D5BF",467
"B0D5AB",466
"81D680",462
"A7D5AF",459
"AAD5B8",455
"D5ADD6",453
"82D5B2",451
"B5D681",445
"AED5B6",441
"D59ED5",441
"B5D5AC",441
"B1D680",437
"B9D5BA",436
"B9D5AB",435
"B2D5A5",433
"B9D5A7",432
"B1D5A1",432
"D5A2D6",431
"82D681",430
"A8D5B6",426
"B8D59B",425
"AB20D6",423
"A6D5AB",420
"20D5B3",420
"81D5A7",417
"9BD684",417
"A6D5B8",416
"84D5B6",415
"D6803A",414
"ADD5B8",413
"AED5A5",412
"B6D5A7",410
"B4D5B6",409
"8020D4",408
"85D5BD",408
"B620D6",407
"B6D59D",407
"BFD5AE",406
"B8D5BB",406
"ADD685",402
"ABD5B7",397
"ABD4B1",397
"B6D5AF",395
"86D5A1",394
"A1D59B",392
"A5D5A9",387
"D5B43A",385
"B7D5BF",384
"D5BD2C",383
"ABD5AF",383
"BAD5BF",382
"B9D5A1",381
"BB3A20",379
"20D586",379
"D4B2D5",379
"ABD5BA",378
"BD2C20",377
"20D58D",373
"8020D6",372
"A8D59D",368
"80D684",367
"80D681",366
"D5BCD6",366
"D59B20",365
"80D5B4",364
"BDD5AD",362
"BCD684",361
"B5D5B8",358
"A2D680",356
"8220D4",348
"A1D5A2",348
"BAD5A5",342
"D59ED6",342
"9B20D5",341
"B2D5A2",339
"B4D5BF",338
"A1D5B9",335
"A4D5A7",334
"D5AB3A",332
"BCD5B8",331
"20D681",329
"A4D5A5",325
"20D580",323
"BDD5BA",322
"BBD5B6",320
"ACD5BD",319
"D5B52C",318
"BDD5A6",318
"D4B4D5",318
"D586D6",315
"86D680",315
"BBD5A1",314
"D5BF2C",314
"D580D5",313
"85D5A1",312
"B5D5A7",307
"BF2C20",305
"B52C20",304
"A1D5A9",304
"83D5B8",303
"D5AC2C",303
"B1D5A2",303
"B8D59E",302
"D594D5",299
"B0D680",299
"ABD5BB",296
"D5B6C2",294
"B6C2BB",293
"B8D5A2",292
"ABD684",291
"AC2C20",290
"82D684",290
"AFD59A",289
"B5D5A9",288
"B7D5AD",287
"20D4BB",287
"82D5BF",285
"BFD684",282
"D588D6",282
"ACD5A5",281
"80D5A3",280
"D59AD5",280
"A1D683",280
"B63A20",279
"D5A62C",277
"8120D4",274
"B2D5B4",273
"A62C20",273
"B4D5A8",265
"A4D5B6",263
"D5B42E",263
"80D5BB",261
"BFD5A7",261
"ABD4BB",261
"A820D6",260
"20D5BB",259
"A3D5BF",259
"BBD5B8",258
"D4B3D5",257
"ABD4B5",257
"A1D5A4",255
"D5A3D6",255
"BED59D",255
"D5B2D6",254
"85D5A9",253
"D5A8C2",252
"BFD5A8",250
"D4BFD5",250
"A8C2BB",249
"A4D5A8",249
"D5B4C2",246
"B0D5B6",245
"B6D5BD",245
"B4C2BB",245
"BBD5AB",244
"A2D5AB",243
"B2D5B6",243
"D5B1D6",240
"20D588",240
"D4B1D6",239
"D58AD5",237
"B5D5A3",237
"BED5B8",236
"D5A42C",233
"A42C20",233
"A5D5AE",230
"D5BE2C",229
"B1D5B0",229
"B8D5A3",228
"B420D6",226
"BDD684",225
"B7D5A5",224
"8DD5A1",223
"B42E20",222
"D588D5",221
"8FD5AB",220
"B5D5BF",220
"2C20D4",219
"9ED682",219
"8120D6",218
"ABD59E",218
"A5D59B",218
"D6823A",217
"BE2C20",217
"9BD682",215
"A83A20",214
"A7D5B4",213
"A7D683",213
"B8D5BF",211
"A6D5A3",211
"20D594",209
"88D680",208
"B0D685",207
"82D5A7",206
"20D4B2",204
"B4D680",203
"B620D4",203
"BBD680",202
"A7D5BF",199
"BBD5A8",199
"B1D5B6",199
"9ED5B6",197
"D5ABC2",195
"ABC2BB",195
"A1D5B3",194
"D5A82E",192
"ACD5B6",192
"D5B9D6",191
"A7D59D",191
"B8D684",190
"D5BC20",189
"B6D5BB",185
"20D4B4",185
"ADD5AB",185
"AED5AB",185
"A6D5B4",183
"B2D5A8",181
"9D20D4",180
"A2D5B6",180
"B8D5B4",180
"82D5A6",179
"AB20D4",176
"A7D59E",176
"BC20D5",173
"D5B53A",172
"BD20D6",172
"B8D5B0",172
"BB2C20",171
"B7D5B4",171
"D5BBD6",169
"A9D5A8",169
"D5A320",168
"B7D5B6",168
"ADD5B6",168
"D684C2",167
"84C2BB",167
"9AD5A1",167
"A6D5A5",166
"D5AC3A",165
"B6D5BA",165
"BAD5B8",165
"A5D685",162
"D4BCD5",162
"BCD5A5",161
"B7D5AB",161
"B7D5B8",160
"A82E20",160
"B9D684",160
"82D5AF",160
"BFD5B4",159
"B2D5A7",158
"D5ACD6",157
"A5D684",157
"ABD584",156
"AED5A8",156
"D5A73A",155
"D681C2",154
"81C2BB",154
"20D4B3",154
"D5A920",154
"D6843A",153
"D580D6",153
"A320D5",152
"BBD5A5",151
"D680C2",149
"80C2BB",149
"A420D6",149
"81D59D",149
"D4B9D5",148
"D5BB2C",148
"ABD588",148
"A1D5AA",147
"ADD5A5",147
"D58CD5",147
"D5AED6",147
"AFD5A7",146
"D4B4D6",145
"BED5AB",145
"D5BF3A",145
"94D5A1",145
"A1D5A5",144
"B6D5B7",143
"D58ED5",143
"20D58A",143
"D683D6",140
"D5A6D6",140
"B9D5AD",140
"BED5AF",140
"A4D5AF",139
"D5BD3A",138
"D6802E",138
"A3D680",138
"83D680",137
"A5D5A3",137
"D5A12C",136
"B6D5B4",134
"ABD4B4",134
"A6D5B6",133
"D593D5",132
"B2D684",131
"9BD5B5",131
"A12C20",130
"8DD5AB",130
"D5B720",129
"9BD5B9",129
"BCD5AB",128
"20D4BF",128
"B8D5AD",128
"A7D5BA",127
"B720D5",127
"B9D5AF",126
"ADD5BF",125
"D5BAD6",124
"AFD5BF",123
"D5A7C2",122
"813A20",121
"83D5AB",121
"A7C2BB",121
"ABD58F",121
"ADD5B4",120
"D5AB2E",119
"802E20",118
"8420D6",118
"B2D5AE",117
"D5A72E",117
"80D685",117
"B8D681",116
"D4B6D5",116
"80D680",115
"ABD5AC",115
"D684D6",114
"ACD5A8",114
"D59E20",114
"A720D6",114
"D5BE3A",113
"ACD59D",113
"D5BDC2",113
"BDC2BB",113
"9E20D5",112
"20D58C",112
"A5D5A2",112
"9D20D6",111
"A6D685",111
"ABD5A9",111
"83D5B7",110
"B5D5B2",109
"A120D6",105
"8AD5A5",105
"B1D5AB",103
"82D5AD",102
"84D5BD",102
"B1D5B8",102
"80D5A9",102
"D6842E",102
"ABD5B9",100
"B9D5A3",99
"A3D5AC",98
"80D5AA",98
"86D5B8",98
"D5AF2C",97
"BAD680",97
"D5A9D6",97
"AF2C20",96
"AFD5BD",96
"A2D5BC",96
"94D5B8",96
"D582D5",96
"A5D5B7",96
"B3D5B7",96
"A820D4",95
"D5ACC2",95
"A3D681",95
"A72E20",95
"B3D5A5",94
"ACC2BB",94
"B43A20",94
"AED684",94
"D5AD20",94
"83D5B6",94
"83D5A8",94
"803A20",93
"B6D5A9",93
"D5B020",93
"AB2E20",93
"D5B7D6",92
"84D680",92
"B020D5",92
"A920D5",91
"ABD5B2",91
"AD20D5",91
"83D5A5",90
"D5B5C2",89
"B3D5AB",89
"BFD5B3",89
"B5C2BB",88
"BFD685",88
"BBD5B4",88
"80D59D",87
"9ED5BE",87
"82D5A4",87
"BFD5B2",86
"ABD59D",86
"D5BB3A",86
"A2D5A8",86
"A1D59D",86
"B7D680",85
"85D5B6",85
"AB3A20",85
"B4D59D",85
"9BD5B6",85
"D583D5",85
"9D20C2",85
"20D4BC",84
"D5AC2E",84
"D5B22C",83
"ABD594",83
"D581D5",83
"9ED5BD",83
"A9D5B6",82
"ABD4B3",82
"8DD5B8",82
"8CD5A1",82
"93D5A1",81
"B22C20",80
"B7D5AF",80
"D5AE2C",80
"BDD5A3",80
"8ED5A1",80
"A3D5A7",79
"A720D4",78
"A4D5BA",78
"B9D5A8",78
"ABD5A4",78
"B520D6",76
"A5D5B0",76
"AE2C20",76
"B1D5B4",76
"A2D685",75
"88D5BE",75
"D6822E",75
"842E20",75
"A2D5AA",75
"AE20D6",74
"AF20D6",74
"D5B12C",74
"20D582",74
"B3D5B6",74
"D59CD5",74
"82D685",73
"A7D5A1",73
"BCD5A8",73
"82D5A8",72
"B9D5AC",72
"82D5AC",71
"AAD5B7",71
"B12C20",70
"D682C2",70
"82C2BB",70
"B0D5A8",70
"ABD58E",70
"BD20D4",70
"A4D5BC",70
"B2D685",70
"D59B2C",70
"9B2C20",70
"A2D5A7",69
"A5D59E",69
"B8D5A6",69
"84D5A7",68
"D58DD6",68
"8DD680",68
"9BD5BD",67
"BDD685",67
"BAD5B2",67
"82D5BC",67
"88D682",67
"BFD5BC",67
"AC20D6",67
"AC2E20",67
"20D593",66
"85D5B2",66
"ABD5B3",65
"9AD5B8",65
"82D5B0",65
"822E20",64
"A1D59C",64
"B3D5B8",63
"9ED680",63
"823A20",63
"A5D5AD",63
"20D4B9",62
"B1D5A8",62
"A1D5B1",62
"8AD5AB",62
"D5AE3A",62
"A920D6",62
"A8D5BD",61
"BFD5AF",61
"D589D5",61
"20D4B6",61
"8AD5A1",61
"8FD5A1",60
"ABD58D",60
"ABD5A2",60
"ABD580",60
"ACD681",59
"82D59D",59
"ACD5AD",59
"B220D6",59
"D5A6C2",59
"A6C2BB",59
"BBD59E",59
"D594D6",59
"94D680",59
"B6D5B0",58
"AED5AF",58
"B4D5AF",58
"80D5B9",57
"B420D4",57
"B5D684",57
"D5BE2E",57
"ABD4B9",56
"B0D5B4",56
"BED5BF",56
"8420D4",56
"82D5B7",55
"B1D5BC",55
"D5BFC2",54
"BFC2BB",54
"AFD5B2",54
"ABD59C",54
"A1D5BE",53
"AC20D4",53
"85D5AE",53
"B6D682",52
"B1D5BA",52
"B9D5B6",52
"BF3A20",52
"B9D5BF",52
"A7D5B8",52
"D5BD2E",51
"B4D5B7",51
"BD3A20",51
"BCD5AF",51
"A1D59E",50
"AAD5AB",50
"A7D5A9",50
"B8D5A4",50
"8ED5A5",50
"A220D6",50
"BFD59D",49
"ABD5B8",49
"D4BDD5",49
"D5B52E",49
"8DD5A5",48
"B8D5A9",47
"AED680",47
"843A20",46
"B5D5AA",46
"B4D5BA",46
"94D5A5",46
"D587D5",46
"B0D5A7",46
"81D5A8",46
"BED5A4",46
"BD2E20",45
"B4D684",45
"AAD5B4",45
"B9D5B4",45
"A9D684",45
"BBC2BB",45
"9BD5BF",45
"B6D5AE",44
"A5D683",44
"D595D6",44
"95D680",44
"D5BBC2",44
"84D59D",44
"82D5B3",44
"BCD5B9",43
"B8D5BC",43
"D5AF3A",43
"D68320",43
"8320D5",43
"A620D6",43
"AAD5A5",43
"BED5B6",43
"BE2E20",43
"2C202D",43
"ABD583",43
"B1D5A4",42
"B53A20",42
"8CD5A5",42
"ABD586",42
"A7D5B7",42
"B2D5BF",42
"ACD683",42
"BDD59D",42
"84D5A4",41
"BF20D4",41
"D5A63A",40
"B9D5B0",40
"202D20",40
"D4BBD6",40
"ABD581",40
"B3D680",40
"C2BBD5",40
"B52E20",40
"ABD5AB",39
"ACD5A7",39
"2E20D6",39
"9BD5BE",39
"A6D5A2",38
"A3D5BD",38
"A220D4",38
"85D5A5",38
"B5D5AF",38
"C2BB2C",38
"D4BAD5",38
"BB2E20",38
"D5B13A",37
"88D59B",37
"BED684",37
"A9D5BC",36
"88D59E",36
"BFD5BD",36
"2D20D5",36
"A9D5AC",36
"D59C20",36
"ADD5A8",35
"A9D5BD",35
"D5BA20",35
"BB20D6",35
"81D684",35
"9CD5B5",35
"85D5A3",34
"B520D4",34
"ABD589",34
"8DD5A7",34
"D5B92C",34
"B92C20",34
"20D58E",34
"D5A62E",34
"C2BB2E",34
"80D682",34
"A73A20",33
"B1D5AF",33
"D5B1C2",33
"B1C2BB",33
"AC3A20",33
"82D5AA",33
"BA20D5",33
"9ED684",33
"B5D5B7",33
"B5D5AE",33
"B1D5A7",33
"9C20D5",33
"A9D680",32
"2E20D4",32
"B1D682",32
"D5A22C",31
"B5D683",31
"B9D5A4",31
"B4D5BD",31
"B1D5B2",31
"D5B23A",31
"B8D5AE",31
"A62E20",31
"ADD5BC",31
"20D595",30
"D5A23A",30
"B5D685",30
"ABD4BF",30
"8FD5A5",30
"BE20D6",30
"9BD5AF",30
"C2BBD6",30
"A22C20",29
"85D684",29
"A120D4",29
"ABD4B2",29
"BE3A20",28
"A7D5A3",28
"AF20D4",28
"AED59D",28
"A3D5A8",28
"A4D5BF",28
"BED5A8",28
"BDD5B4",28
"A2D5A2",28
"D595D5",27
"9AD5AB",27
"BCD5BD",27
"D5BF2E",27
"ACD684",27
"A5D5A4",27
"9ED681",27
"A6D680",27
"D5BEC2",26
"BEC2BB",26
"B920D6",26
"81D5AF",26
"93D5AB",26
"B0D5A6",26
"A9D5B7",26
"B6D685",26
"BCD5BB",26
"B2D680",26
"ABD5AE",25
"B5D5A8",25
"ABD5A6",25
"AFD682",25
"ACD680",25
"A7D5A6",25
"9BD5B2",25
"B1D5B7",25
"BE20D4",24
"BB20D4",24
"ABD58A",24
"D5A13A",24
"BF2E20",24
"B1D5A3",24
"87D5A1",24
"BAD5B6",24
"80D5B3",24
"B2D5AF",24
"D4B3D6",24
"ACD5AE",24
"D59CD6",24
"AFD5A6",23
"B2D59D",23
"ABD5A7",23
"ACD5AC",23
"BED5A7",23
"B9D5BE",23
"B6D5A6",23
"B5D5B4",23
"85D5B7",23
"9BD5B4",23
"D59AD6",23
"9AD685",23
"ABD585",23
"B2D681",23
"BFD5A3",23
"D5BB2E",23
"D5A43A",22
"B5D59D",22
"ABD4BC",22
"89D5A7",22
"A9D5A6",22
"B2D5A9",22
"82D5AE",22
"ABD4B6",22
"B9D682",22
"88D5B9",22
"A3D685",22
"B5D5B0",22
"BBD5BF",21
"80D5B7",21
"A7D5A5",21
"AFD681",21
"BF20D6",21
"BAD5BA",21
"ABD5A3",20
"9ED5A9",20
"A1D5A1",20
"8CD5B8",20
"ADD683",20
"9BD5BC",20
"20D587",20
"A4D5B4",20
"84D685",20
"20D581",20
"B8D5B7",19
"B9D59D",19
"ABD595",19
"BAD684",19
"ABD4BD",19
"9B20D6",19
"B9D5A2",19
"2D20D4",19
"ADD5B3",19
"81D682",18
"9BD681",18
"BED5A2",18
"BBD682",18
"B220D4",18
"20D4BD",18
"BAD5BD",18
"B9D5A9",18
"D4BED5",18
"B8D5AF",18
"2028D5",18
"D5B2C2",18
"B2C2BB",18
"88D5B2",18
"ADD680",18
"B0D5BA",17
"A4D59D",17
"AFD59D",17
"9BD5A6",17
"A6D5A8",17
"86D5A5",17
"A6D5A7",17
"D5AE2E",17
"BED5B3",17
"BBD5AF",17
"82D5A2",17
"A4D5AA",17
"D5B3D6",17
"BBD59D",16
"BFD681",16
"AE3A20",16
"ADD5B9",16
"D58ED6",16
"8ED680",16
"A320D6",16
"B120D6",16
"A6D59D",16
"A3D5A9",16
"BDD681",15
"AE20D4",15
"83D5BC",15
"B5D5A2",15
"20D4B7",15
"9AD5A5",15
"BAD5B9",15
"ADD5AF",15
"82D5A3",15
"D5A4C2",15
"A4C2BB",15
"ADD5BD",15
"83D5B9",14
"D5A2C2",14
"A2C2BB",14
"BBD684",14
"ABD683",14
"B7D5A8",14
"D4B7D5",14
"BFD5AA",14
"9ED5B2",14
"89D5A5",14
"B3D5A8",14
"D5B320",14
"B320D5",14
"D584D6",14
"87D5B4",14
"BBD5AC",14
"A4D5BD",14
"BCD5A7",14
"B0D5B3",14
"BFD59A",14
"ABD5B0",14
"9BD5AC",14
"B6D5B3",14
"A3D5A4",14
"81D5B4",14
"84D5AF",14
"85D5B1",13
"80D683",13
"AE2E20",13
"B8D5BA",13
"A4D682",13
"28D5B8",13
"B4D5AD",13
"AF3A20",13
"B920D4",13
"A7D59C",13
"B2D5B2",13
"BAD5A8",13
"A9D5AD",13
"84D5B2",13
"BFD682",13
"9CD682",13
"A7D5AA",12
"D5AEC2",12
"AEC2BB",12
"2DD5A5",12
"D5A32C",12
"D5AFC2",12
"AFC2BB",12
"86D5AB",12
"82D683",12
"B2D5A4",12
"A4D5AD",12
"D5B12E",12
"AED5A7",12
"BC20D6",12
"D5A1C2",12
"A1C2BB",12
"C2BB20",12
"2DD5A1",12
"A9D682",12
"B7D5B2",12
"9CD5B6",12
"A8D5B4",11
"A4D5A4",11
"83D5A9",11
"B2D5B7",11
"B9D5B5",11
"AFD685",11
"B13A20",11
"D5A92C",11
"B12E20",11
"D5B93A",11
"D59E2C",11
"AFD5B7",11
"A6D5A4",11
"BED5B4",11
"A620D4",11
"8ED5AF",11
"D5BC2C",11
"BC2C20",11
"B3D5BF",11
"9CD5AC",11
"A2D5AC",11
"20C2BB",11
"A9D5A9",11
"B5D5BC",11
"BCD5AE",11
"D5B02C",11
"B02C20",11
"ABD58C",11
"20D589",10
"B820D6",10
"D591D5",10
"B0D5BD",10
"D5AA20",10
"D5AF2E",10
"A32C20",10
"A3D5B4",10
"BDD683",10
"B5D5A6",10
"D59B2E",10
"9E2C20",10
"ADD5AC",10
"AAD5A7",10
"B7D5A7",10
"B9D5B3",10
"D5B62D",10
"B62DD5",10
"D59BC2",10
"9BC2BB",10
"A9D5B2",10
"88D5B4",10
"84D681",10
"BBD5B2",10
"ADD684",10
"343537",10
"A2D5AD",9
"93D5B8",9
"B4D5BC",9
"AA20D5",9
"D4B8D5",9
"AF2E20",9
"D6822D",9
"822DD5",9
"D58BD5",9
"B1D684",9
"B7D5AC",9
"AFD5BC",9
"B5D59B",9
"AED5AD",9
"B6D5BE",9
"9B2E20",9
"A63A20",9
"ABD587",9
"A92C20",9
"9BD5AE",9
"80D5AD",9
"88D5BD",9
"B4D5B2",9
"D5A12E",9
"A9D5B4",8
"D5A93A",8
"A7D5A4",8
"AAD5B6",8
"8BD5B8",8
"B8D683",8
"D5B629",8
"95D5B6",8
"ABD5A5",8
"B9D5AE",8
"B23A20",8
"B1D59B",8
"D5B22E",8
"B22E20",8
"B1D5A6",8
"A5D5A7",8
"85D5AA",8
"AFD5A4",8
"C2AB20",8
"83D5BD",8
"BFD5A9",8
"D5A42E",8
"A42E20",8
"20D583",8
"A12E20",8
"89D5B8",7
"A6D5B2",7
"82D5BA",7
"20D5BC",7
"B6D5AA",7
"A4D684",7
"ABD593",7
"93D5B2",7
"8FD5B8",7
"A7D5B3",7
"BED5B7",7
"D5B9C2",7
"B9C2BB",7
"D5BB2D",7
"BB2DD5",7
"84D5BF",7
"2DD5BF",7
"BFD5AD",7
"BBD5A7",7
"88D5AC",7
"20D4BA",7
"ABD4BA",7
"AAD5A3",7
"89D5A1",7
"ADD59D",7
"A3D59D",7
"B6D5BC",7
"81D681",7
"9CD680",7
"B2D5A6",7
"ACD5BC",7
"9ED59D",7
"343535",7
"81D5A4",6
"ACD5A4",6
"B9D5BD",6
"D58BD6",6
"8BD680",6
"B8D5B8",6
"D5AD3A",6
"A13A20",6
"BBD5A4",6
"84D5B7",6
"D5A22E",6
"93D5A5",6
"B4D5B4",6
"B1D59D",6
"88D684",6
"9ED5B4",6
"9ED5B5",6
"BB2028",6
"80D5A6",6
"81D685",6
"84D682",6
"B2D5B3",6
"A6D5A6",6
"B1D5AC",6
"9AD5A8",6
"D5A33A",6
"9BD5B0",6
"B3D5B2",6
"B0D5BC",6
"AFD684",6
"AED682",6
"D59E2E",6
"9E2E20",6
"BFD5B9",6
"B1D5B3",5
"95D5B1",5
"D5BA3A",5
"B7D682",5
"292C20",5
"85D5A7",5
"A5D5BE",5
"A22E20",5
"85D59E",5
"D4BFD6",5
"BCD5A9",5
"86D5BD",5
"B9D5A6",5
"20D4BE",5
"B1D5B9",5
"BFD5BF",5
"83D5A7",5
"85D59B",5
"A420D4",5
"9CD5BD",5
"94D5BD",5
"91D5A5",5
"81D5BD",5
"A5D5BA",5
"BBD5A2",5
"D4B7D6",5
"D5BA2C",5
"BA2C20",5
"BDD5BD",5
"AB2CD5",5
"2CD5AB",5
"2CD5B8",5
"BCD682",5
"AB20C2",5
"20D5B2",5
"ABD4B8",5
"D6802D",5
"B9D683",5
"B8D5B3",5
"ACD5A9",5
"D5AD2C",5
"AFD5B4",5
"B8D59C",5
"D5B22D",5
"B22DD5",5
"ABD4B7",5
"D59C2C",5
"9C2C20",5
"B9D5B7",4
"89D5A3",4
"80D5BE",4
"D590D5",4
"83D5B2",4
"ACD5B4",4
"AFD5AC",4
"20D58B",4
"A720C2",4
"BC20D4",4
"A9D685",4
"D593D6",4
"93D680",4
"A9D683",4
"BDD5A2",4
"B6293A",4
"94D5AB",4
"B7D685",4
"A4D5B0",4
"B4D5AC",4
"D5B03A",4
"B9D685",4
"A43A20",4
"B6D5AD",4
"BAD683",4
"2DD5B8",4
"D5B92D",4
"B92DD5",4
"B3D5A7",4
"2CD684",4
"812CD5",4
"ADD5B2",4
"BFD5BA",4
"AED5BD",4
"ABD5AA",4
"AAD5AD",4
"D5B82C",4
"82D59B",4
"ACD682",4
"B9D5B1",4
"AD2C20",4
"B620C2",4
"D5AD2E",4
"D5B92E",4
"9CD683",4
"B2D682",4
"333131",4
"9CD5B4",4
"A3D5B9",4
"9BD5A9",4
"9CD5AE",4
"D5AF2D",4
"AF2DD5",4
"2DD5AB",4
"2E2E2E",4
"343631",4
"84D5AD",4
"D4BB20",3
"B6D5B5",3
"9ED5AC",3
"D5BF2D",3
"BF2DD5",3
"2DD5B5",3
"20D590",3
"A4D5A3",3
"BDD5B2",3
"A7D681",3
"AED5A4",3
"2D20D6",3
"D5B72C",3
"B72C20",3
"82D59E",3
"B93A20",3
"AED5AE",3
"B7D5BC",3
"D5BD29",3
"D4BDD6",3
"20D59A",3
"D59A20",3
"D59B3A",3
"D6832C",3
"832C20",3
"9B20D4",3
"D5BC3A",3
"9BD5A2",3
"B120D4",3
"BBD685",3
"A3D5B2",3
"8CD5AB",3
"88D5B6",3
"ADD5A7",3
"B3D5B4",3
"B4D683",3
"2C20C2",3
"83D682",3
"A6D5BD",3
"A23A20",3
"8020C2",3
"A7D5A2",3
"A8C2AB",3
"D5B0C2",3
"B0C2BB",3
"A6D5AF",3
"BBD5A9",3
"B82C20",3
"B4D5AA",3
"ADD5AA",3
"AAD5BC",3
"ABD5BE",3
"D5A22D",3
"A22DD5",3
"2DD5AD",3
"BAD681",3
"B3D5AF",3
"95D5BF",3
"D58FD6",3
"BDD5A4",3
"95D5B2",3
"BDD5B7",3
"A93A20",3
"D68129",3
"8AD5B2",3
"ABD591",3
"AD2E20",3
"B92E20",3
"95D5A2",3
"9BD683",3
"BBD5AA",3
"9ED5AE",3
"D5B02E",3
"B02E20",3
"D5B529",3
"B5292C",3
"84D5B9",3
"B2D5A3",3
"9CD5BC",3
"802DD5",3
"BCD5AA",3
"9BD5AD",3
"B0D5AF",2
"20D591",2
"91D5A1",2
"20D4B8",2
"D5A82D",2
"A82DD5",2
"81D5B0",2
"A3D5BC",2
"A7D5A7",2
"B62028",2
"B6292C",2
"D6832E",2
"832E20",2
"8AD5A7",2
"BA20D6",2
"B2D5BC",2
"BFD5A4",2
"812028",2
"9A20D5",2
"9ED5BB",2
"9B3A20",2
"A2D5A4",2
"ADD681",2
"ABD58B",2
"A7D5AE",2
"9ED5AF",2
"D6833A",2
"833A20",2
"86D5B7",2
"8DD5BA",2
"BBD681",2
"BED5A6",2
"D5BCC2",2
"BCC2BB",2
"8DD5A3",2
"8AD5B8",2
"B2D5B1",2
"2DD5BD",2
"D5AE2D",2
"AE2DD5",2
"9BD5B7",2
"A6D682",2
"9BD59D",2
"2DD5A3",2
"86D5A7",2
"803AD4",2
"A5D59C",2
"93D5B7",2
"2CD5B6",2
"2CD5A1",2
"D4BCD6",2
"B1D5BF",2
"AFD5BA",2
"80D5BC",2
"2C2028",2
"2028D6",2
"28D684",2
"B6D5A2",2
"88D5A6",2
"2DD5AF",2
"84D5AA",2
"87D5B6",2
"802DD6",2
"2DD681",2
"A7D5B2",2
"B2D5BD",2
"D5AAD6",2
"AAD682",2
"9ED5B9",2
"BBD5BB",2
"AD3A20",2
"8FD685",2
"87D5A5",2
"AED5B2",2
"ADD5B7",2
"87D5B8",2
"91D5B8",2
"89D5AC",2
"8FD5B2",2
"D5A9C2",2
"A9C2BB",2
"ABD5BC",2
"90D5B8",2
"95D5A6",2
"D5A3C2",2
"A3C2BB",2
"B4D5B0",2
"BBD59B",2
"9ED5B1",2
"B120C2",2
"B0D682",2
"9ED5A3",2
"313330",2
"89D5AF",2
"B6D5AC",2
"AD20D4",2
"9E20D6",2
"B3D5A6",2
"9ED5BF",2
"333830",2
"D59E3A",2
"84D5A9",2
"B3D5A4",2
"BAD5B7",2
"28D5A1",2
"343139",2
"373430",2
"9C20D6",2
"802028",2
"94D5B6",2
"2E2EC2",2
"2EC2BB",2
"A4D5B9",2
"343534",2
"353530",2
"343633",2
"8DD5AF",2
"D59EC2",2
"9EC2BB",2
"B7D683",2
"86D5B4",2
"BDD5B9",2
"353032",2
"2DD5B4",2
"8FD5B6",2
"B0D59D",2
"D68029",2
"80293A",2
"293A20",2
"9B2028",2
"D5BF29",2
"BD293A",2
"28D5A9",2
"802E2E",2
"A82028",2
"81293A",2
"28D5A5",2
"ABD582",2
"BCD5BF",2
"BED5BA",1
"B4D5A4",1
"ADD5BB",1
"BDD5A9",1
"90D5AB",1
"2028D4",1
"28D4B2",1
"A920D4",1
"2E202D",1
"B820D4",1
"87D5BF",1
"BAD5AD",1
"8120C2",1
"BD292C",1
"B9D681",1
"9A20D4",1
"D5ADC2",1
"ADC2BB",1
"B1D683",1
"A5D5B8",1
"A2D5BD",1
"ADD682",1
"28D5A4",1
"AC20C2",1
"8ED5A7",1
"AFD5AE",1
"B7D5BA",1
"BDD5BC",1
"A2D5AE",1
"B03A20",1
"ACD5AF",1
"AFD5AF",1
"D4B9D6",1
"89D5BD",1
"89D5A9",1
"2DD5B0",1
"A5D5B5",1
"ACD5B9",1
"B9D5BC",1
"93D5BD",1
"9ED5B7",1
"D5AA2C",1
"AA2C20",1
"BED681",1
"B6C2AB",1
"C2AB3A",1
"AAD5A2",1
"82D5BE",1
"88D683",1
"B42ED5",1
"2ED5B6",1
"812CD6",1
"A82CD6",1
"3AD4BF",1
"BB2CD5",1
"2CD5AF",1
"D5B82E",1
"B82ED5",1
"2ED5B1",1
"A43AD5",1
"3AD580",1
"B42CD4",1
"2CD4B5",1
"AE2CD5",1
"AB3AD5",1
"3AD588",1
"2CD5B4",1
"B63AD4",1
"3AD4BB",1
"A12CD5",1
"D59DD5",1
"9DD5AD",1
"A72CD5",1
"2CD5A4",1
"D59DD4",1
"9DD4B1",1
"3AD4B5",1
"B42CD5",1
"B62CD5",1
"AB2CD6",1
"AC2CD5",1
"B22CD5",1
"2CD5A5",1
"BCD680",1
"D5A32E",1
"A32E20",1
"D585C2",1
"85C2BB",1
"D4B7C2",1
"B7C2BB",1
"D4B72D",1
"B72DD5",1
"2DD5B6",1
"D5AC29",1
"AC292C",1
"ACD5B3",1
"BB20C2",1
"BED5AD",1
"BED5BC",1
"AFD5B3",1
"81D5BF",1
"88D5A9",1
"B020D6",1
"B1D5BB",1
"B52CD5",1
"B82CD6",1
"803AD5",1
"3AD58F",1
"BC3A20",1
"A33A20",1
"89D5BA",1
"81D5AC",1
"B63AD5",1
"3AD585",1
"D6812D",1
"812DD5",1
"B5C2AB",1
"8AD5B3",1
"A6D5BF",1
"8AD5BD",1
"28D5BE",1
"81292C",1
"83D59D",1
"D6842D",1
"842DD5",1
"D59D2E",1
"9D2E20",1
"B7D684",1
"A5D5BB",1
"B7D5B7",1
"A83AD4",1
"3AD4B3",1
"BAD5B0",1
"8DD5BF",1
"87D5AB",1
"B4C2AB",1
"A3D59A",1
"D5AC2D",1
"AC2DD5",1
"2DD5A9",1
"86D5AF",1
"86D5BC",1
"D583D6",1
"BCD5BE",1
"91D5B6",1
"B2D5B9",1
"B2D5B0",1
"D5BA2E",1
"BA2E20",1
"BB203A",1
"313133",1
"313134",1
"313430",1
"313135",1
"313530",1
"313136",1
"313630",1
"333238",1
"323831",1
"383130",1
"88D5BF",1
"20D680",1
"333332",1
"333237",1
"323730",1
"8ED5B3",1
"ACC2AB",1
"A4D5B2",1
"333533",1
"353338",1
"AAD5B2",1
"AAD5AF",1
"B42028",1
"B0D5AC",1
"86D5B6",1
"9E3A20",1
"AAD5A8",1
"D5BD2D",1
"BD2DD5",1
"2DD5A4",1
"A2D5A9",1
"D59AD4",1
"9AD4BB",1
"A7D59A",1
"D59A2C",1
"9A2C20",1
"83D683",1
"B3D5B9",1
"313930",1
"393030",1
"313932",1
"393230",1
"9BD5BB",1
"B8D5AA",1
"9C20D4",1
"343237",1
"323734",1
"B720D4",1
"84D5AC",1
"D5B72E",1
"B72E20",1
"8FD5AD",1
"AC202E",1
"202E20",1
"95D59B",1
"B42E2E",1
"BDD682",1
"353438",1
"343830",1
"353439",1
"343930",1
"353030",1
"353531",1
"353130",1
"353532",1
"353230",1
"353533",1
