"E381AE",94602
"E38081",86365
"E3819F",85223
"819FE3",78167
"9FE381",54841
"E381AB",54438
"8081E3",51806
"E381AF",50215
"E381AA",48309
"E38292",48126
"81AAE3",46301
"E38197",46017
"E38082",44745
"8197E3",44559
"E381A6",41688
"82E381",40659
"8CE381",40416
"E38184",39182
"E381A8",38174
"8BE381",37598
"AAE381",37546
"E3828B",37258
"97E381",36920
"81E381",36649
"8184E3",34703
"8182E3",34274
"E38182",34248
"E3828C",33569
"828CE3",32998
"E38289",31147
"81AEE3",30591
"81A8E3",30488
"8FE381",30358
"81AFE3",30324
"E3818C",30129
"81A6E3",30016
"A3E381",29654
"828BE3",29037
"E3828F",28394
"828FE3",28391
"8289E3",28116
"E381A7",27935
"E381A3",26975
"81A3E3",26971
"81ABE3",26522
"E3818B",26198
"818BE3",26019
"AEE381",25282
"81A7E3",24199
"93E381",24010
"ABE381",23766
"8193E3",22699
"81AEE5",22590
"E3819D",22465
"819DE3",22401
"E38193",21946
"A8E381",21539
"818CE3",21184
"89E381",20935
"E38186",20423
"9DE381",20341
"A7E381",19943
"84E381",19917
"82E382",19605
"86E381",19059
"8186E3",18394
"9FE380",17883
"8DE381",17711
"8CE382",17683
"88E381",17395
"A6E381",17129
"AFE381",16732
"8BE382",16567
"E38282",16207
"81E382",15822
"8292E3",15751
"8BE380",15202
"E381BE",14883
"BEE381",14864
"81BEE3",14801
"E38199",14755
"E38288",14489
"8288E3",14467
"8AE381",14397
"E38195",14322
"8195E3",14293
"8199E3",14236
"95E381",13627
"8282E3",13420
"92E381",13268
"E3818D",13070
"AAE382",13068
"80E381",12940
"8082E3",12603
"E3828A",12344
"85E381",12119
"E5BDBC",12094
"8085E3",12031
"E381A1",11816
"A8E382",11710
"BDBCE3",11391
"BBE381",11308
"81AEE6",11302
"BAE381",11122
"E3818F",10970
"A6E380",10843
"B3E381",10722
"828AE3",10640
"84E380",10631
"818DE3",10550
"81A1E3",10332
"8081E5",10123
"E38188",9996
"E8A880",9954
"9FE382",9939
"8FE382",9928
"E382A8",9595
"82A8E3",9595
"E38281",9569
"E4BABA",9490
"81AEE7",9372
"8188E3",9370
"8281E3",9326
"BABAE3",9303
"81AEE4",9237
"E383AB",9114
"E4B8BB",9046
"83ABE3",8969
"BCE382",8933
"818FE3",8851
"A4E381",8772
"89E382",8766
"B8BBE3",8745
"E88085",8622
"99E381",8526
"A1E381",8512
"8292E5",8460
"A880E3",8149
"B0E381",8146
"AFE380",8054
"81ABE5",8041
"E3818A",8016
"8292E6",7903
"A0E381",7895
"E381A0",7843
"A8E383",7826
"84E382",7664
"B9E381",7622
"81A0E3",7456
"ABE382",7410
"A4E382",7331
"818AE3",7294
"E381A4",7182
"AEE382",7132
"91E381",7016
"8DE380",6918
"E3828D",6894
"93E382",6884
"81A4E3",6858
"828DE3",6828
"BCE381",6728
"E38191",6724
"97E382",6477
"81E380",6434
"8191E3",6375
"E382A4",6344
"A9E381",6309
"81ABE8",6302
"8292E8",6234
"82A4E3",6205
"81AEE8",6184
"E382B9",6181
"82B9E3",6148
"8AE382",6147
"A2E383",6126
"92E382",6123
"81AFE5",6109
"E382A2",6061
"82A2E3",6052
"E3819B",6051
"819BE3",5993
"8081E4",5968
"9EE381",5956
"E381B3",5920
"E381BF",5907
"ABE380",5887
"808DE3",5853
"E3808C",5807
"E3808D",5806
"A9E382",5805
"E383A9",5746
"E381B9",5726
"83A9E3",5638
"AFE382",5619
"E381B0",5585
"81B9E3",5568
"8CE380",5544
"E5AD90",5537
"E383B3",5485
"88E380",5481
"81B0E3",5430
"88E382",5351
"83B3E3",5328
"81AEE9",5324
"E7A59E",5230
"9BE381",5220
"81BFE3",5182
"A59EE3",5160
"E38293",5117
"8293E3",5040
"8081E7",5033
"99E382",4997
"81B3E3",4907
"95E382",4899
"9DE382",4848
"91E382",4760
"ADE381",4745
"81ABE6",4673
"8292E7",4656
"8DE382",4609
"8081E6",4592
"86E380",4461
"AD90E3",4427
"E383A4",4418
"BFE381",4406
"8AE380",4377
"AEE4B8",4277
"96E381",4201
"A7E380",4199
"97E380",4192
"81E4B8",4181
"81E383",4181
"A8E380",4164
"AEE5AD",4071
"B9E383",4045
"A5E381",4033
"E8A18C",4025
"8EE381",4011
"82B7E3",3978
"A18CE3",3966
"83A4E3",3952
"BBE382",3903
"808CE3",3885
"E382B7",3852
"81ABE7",3757
"80E382",3705
"AEE4BA",3658
"BDE381",3624
"E383A0",3620
"81ABE4",3606
"E383AA",3593
"83AAE3",3588
"B6E381",3578
"83A0E3",3572
"E381A9",3563
"87E381",3543
"E38085",3528
"B1E381",3520
"81AFE7",3519
"81A9E3",3513
"E38380",3475
"81A6E8",3466
"8380E3",3466
"90E382",3456
"9BE382",3437
"9AE381",3427
"B2E381",3335
"E78E8B",3315
"E8A68B",3286
"81AFE8",3286
"8292E9",3254
"A6E382",3252
"8081E8",3236
"81AFE6",3187
"8E8BE3",3185
"ADE383",3161
"E59CB0",3159
"82E380",3133
"81E5BD",3119
"B7E381",3093
"A68BE3",3090
"BAE380",3052
"98E381",3035
"A5E382",2993
"E38280",2942
"B7E383",2935
"E38192",2921
"828BE8",2908
"9CB0E3",2892
"A0E382",2849
"A6E383",2839
"99E380",2838
"90E381",2833
"81A6E5",2802
"818CE5",2802
"82B5E3",2789
"E382B5",2784
"E383AC",2782
"E383AD",2771
"83ACE3",2770
"83ADE3",2763
"E38393",2739
"8393E3",2732
"E587BA",2720
"B091E3",2717
"E38387",2709
"E3819A",2702
"81A8E5",2673
"E6B091",2655
"81AFE4",2646
"8387E3",2645
"8BE880",2629
"ABE383",2596
"E38396",2567
"94E381",2549
"8192E3",2547
"B0E382",2544
"8396E3",2540
"E38198",2530
"83E381",2529
"B3E382",2525
"E38386",2511
"E4B880",2494
"8386E3",2490
"87BAE3",2478
"ACE383",2468
"AEE5AE",2462
"B8E381",2443
"AFE383",2418
"E7A5AD",2416
"819AE3",2402
"E58886",2396
"80E383",2391
"8280E3",2375
"AAE383",2365
"E38284",2339
"8198E3",2338
"8081E9",2331
"E697A5",2325
"8886E3",2317
"E4B88A",2302
"8FE380",2257
"A1E382",2241
"B88AE3",2239
"ABE8A8",2238
"E69982",2236
"85E382",2226
"93E383",2220
"89E380",2216
"E38388",2212
"8082E5",2209
"E887AA",2180
"E789A9",2163
"8388E3",2144
"81ABE9",2139
"AEE7A5",2129
"E383A2",2126
"83A2E3",2126
"838FE3",2114
"86E382",2109
"9982E3",2106
"819EE3",2092
"E79FA5",2087
"89A9E3",2082
"E5AEB6",2069
"97A5E3",2067
"A2E382",2064
"B4E381",2060
"83A8E3",2052
"E68980",2040
"B5E381",2033
"81A8E8",2013
"8284E3",1968
"96E382",1966
"82AAE3",1947
"E6898B",1934
"AEE689",1934
"9EE382",1921
"92E380",1911
"8980E3",1910
"E383A8",1903
"E382BB",1898
"82BBE3",1897
"9CE381",1896
"A0E380",1891
"E5898D",1883
"E4BA8B",1871
"8292E4",1868
"898DE3",1864
"81A6E6",1861
"BAE382",1850
"E381B2",1848
"81B2E3",1848
"8391E3",1831
"A9E383",1827
"AFE5BD",1823
"E3839E",1820
"839EE3",1820
"E3838F",1815
"E7AB8B",1806
"898BE3",1792
"A880E8",1786
"E38390",1786
"8390E3",1784
"AB8BE3",1783
"E58D81",1780
"BA8BE3",1779
"E59BBD",1771
"E38391",1759
"E5A5B3",1755
"AAE588",1750
"81B5E3",1743
"E3838A",1741
"838AE3",1739
"87AAE5",1727
"E8819E",1711
"82E5BD",1690
"B5E382",1674
"819FE5",1673
"A5B3E3",1669
"90E383",1649
"B5E383",1642
"82ADE3",1618
"AEE6B0",1610
"E382AD",1608
"819FE8",1603
"B0E380",1600
"E38194",1599
"818CE6",1597
"AEB6E3",1597
"98E382",1577
"E381BB",1553
"81BBE3",1553
"E5BF83",1552
"E38399",1545
"8399E3",1543
"AEE589",1537
"81E4BA",1536
"92E8A6",1531
"A3E382",1528
"8194E3",1525
"BF83E3",1522
"B3E383",1521
"9FA5E3",1515
"E5A4A7",1514
"AFE4B8",1510
"818CE7",1510
"A7E382",1501
"B8ADE3",1495
"81A6E7",1492
"AEE585",1485
"E4B8AD",1485
"81AFE9",1458
"9AE382",1451
"A8E8A8",1432
"E58F96",1425
"AFE8A8",1422
"A5ADE5",1422
"92E58F",1417
"E38286",1415
"8286E3",1415
"E7949F",1413
"E9A39F",1402
"B9E382",1399
"8196E3",1397
"ABE4B8",1381
"8FE383",1380
"AEE8A8",1377
"E4BA8C",1372
"8F96E3",1372
"8190E3",1365
"A6E8A8",1362
"828BE6",1356
"E89189",1351
"9189E3",1350
"9EE380",1348
"9BBDE3",1345
"BFE382",1339
"E3818E",1335
"A2E381",1334
"BEE382",1333
"818EE3",1330
"8EE382",1327
"E794BA",1321
"819FE6",1319
"949FE3",1319
"818CE8",1316
"E38287",1311
"8287E3",1311
"E383A6",1310
"83A6E3",1310
"94BAE3",1310
"828BE7",1306
"AEE78E",1303
"80E891",1296
"E3808E",1290
"E3808F",1290
"808FE3",1290
"A1E380",1287
"E382AB",1286
"82ABE3",1285
"8289E5",1284
"81A6E4",1280
"E682AA",1277
"A4E383",1275
"E591BD",1274
"81E7A5",1270
"E788B6",1252
"E381B6",1245
"A5ADE3",1243
"ADE382",1237
"ACE382",1235
"E6ADBB",1232
"E5908D",1230
"828BE5",1228
"9FE383",1223
"E5BC9F",1220
"82A6E3",1211
"908DE3",1210
"B2E382",1209
"9BE380",1205
"E7BDAA",1199
"E4B88E",1188
"B88EE3",1188
"E382A6",1184
"E4B88B",1180
"E585B1",1179
"85B1E3",1173
"88B6E3",1169
"81B6E3",1162
"8CE4B8",1153
"8184E8",1153
"91BDE3",1152
"82B8E3",1147
"B88BE3",1145
"8184E5",1141
"E382B8",1140
"87E382",1134
"E88196",1122
"E69DA5",1120
"91E383",1116
"AEE59C",1110
"A6E8A1",1103
"E382BF",1093
"9DA5E3",1086
"B7E382",1086
"81A8E6",1085
"E381B8",1077
"82BFE3",1076
"B5B7E3",1075
"E995B7",1074
"8BE383",1070
"83E382",1065
"838DE3",1060
"8082E4",1058
"9EE383",1050
"E79BAE",1047
"99E383",1046
"B8E383",1039
"AEE794",1038
"BDE382",1036
"ADE58F",1032
"E381B5",1031
"E382AF",1026
"81E5A4",1024
"AEE383",1023
"8395E3",1023
"82AFE3",1021
"97E383",1021
"9591E3",1020
"81A7E5",1017
"9BAEE3",1015
"818CE4",1015
"9FE880",1014
"B880E3",1007
"86E383",996
"B6E382",995
"9AE380",994
"E99693",993
"819FE4",990
"E381BC",990
"E6978F",990
"E58FB8",990
"A39FE3",989
"81BCE3",987
"E38196",985
"ADBBE3",985
"AEE59B",980
"A8E585",978
"828BE4",977
"BBE383",976
"BDAAE3",973
"E6AEBA",973
"E8BAAB",971
"819FE7",970
"9693E3",964
"E381AD",962
"E585A8",961
"E6BB85",960
"92E4B8",957
"AEE590",952
"E5A4A9",950
"AEBAE3",948
"E38397",945
"8397E3",945
"8186E8",943
"BB85E3",942
"91E380",940
"82E4B8",940
"978FE3",930
"AEE996",927
"E382AA",925
"8092E3",925
"BAABE3",923
"E3839F",922
"E383BC",922
"83BCE3",922
"839FE3",919
"ACE381",918
"E4B889",912
"A4A7E3",907
"E4BC9A",901
"8282E5",900
"8FB8E3",900
"92E881",895
"E4BD8F",892
"E58584",890
"E382B3",882
"E6809D",881
"81ADE3",880
"82B3E3",880
"E5B8B0",878
"E38395",872
"B8B0E3",869
"BC9FE3",868
"839AE3",867
"BFE380",862
"A6E4B8",858
"E3839A",853
"BFE383",853
"E3838D",848
"8CE383",848
"84E880",844
"E585A5",843
"84E5BC",833
"E4BFA1",832
"808EE3",831
"AEE697",826
"ABE8A1",824
"80E880",818
"8584E5",817
"E98193",816
"E68190",815
"81A8E4",813
"92E79F",811
"ABE591",809
"8184E6",809
"E382B6",809
"82B6E3",809
"94E382",807
"E5BE93",805
"B3E380",805
"E383A3",804
"92E5AE",802
"E8AA9E",799
"E58F97",796
"A6E5BD",796
"AA9EE3",796
"9AE383",794
"8D81E4",792
"92E980",791
"ABE4BD",789
"8F97E3",788
"809DE3",786
"83A3E3",786
"81A7E6",785
"E5AEAE",784
"BD8FE3",783
"E5ADAB",783
"E5B9B4",781
"E383A1",781
"83A1E3",781
"92E8A1",781
"E6B0B4",779
"95B7E3",773
"E383A5",773
"83A5E3",773
"BB8AE3",772
"ADABE3",772
"E5A49A",772
"E69591",772
"AEE880",769
"B6E383",769
"818DE5",768
"AD90E5",765
"B4E382",759
"818CE9",758
"96E383",757
"8AE383",757
"90E5AD",755
"E4BB8A",754
"E591BC",751
"91BCE3",751
"A49AE3",749
"81A6E9",747
"B0B4E3",746
"E7BE8A",744
"E3838B",744
"838BE3",744
"93E380",742
"8BE4BA",742
"8CE5BD",740
"81A5E3",739
"82BCE3",736
"AEE699",735
"E382BC",733
"AEE5A4",729
"ABE887",728
"9CE382",723
"E58588",723
"E5969C",722
"969CE3",722
"E980A0",719
"80A0E3",719
"E382B1",718
"E9AB98",718
"92E9A3",714
"BE93E3",714
"82B1E3",714
"A1E383",714
"E58FA3",713
"E681B5",713
"E58EBB",711
"8EBBE3",710
"AEAEE3",708
"E4B887",707
"81E585",706
"E5B1B1",705
"E4B883",701
"E59B9B",700
"92E5BE",698
"AD94E3",698
"E5BE97",697
"81E887",696
"BE97E3",696
"E38389",695
"8389E3",695
"92E383",694
"A4E380",693
"BDBCE5",687
"BCE5A5",687
"E6ADA3",682
"81A8E7",680
"E9A090",674
"85A5E3",672
"AEE5BE",671
"82E383",671
"AEE58F",670
"E5AE88",669
"8FA3E3",669
"E6849B",667
"9FB3E3",666
"A090E8",665
"90E8A8",665
"A4A9E3",662
"E7AD94",660
"E9A0AD",660
"AFE5A4",659
"E4BDBF",659
"849BE3",659
"BEA9E3",658
"E7BEA9",655
"E99C8A",654
"8BE7A5",654
"9FE4BA",653
"AE88E3",652
"E58A9B",651
"E688A6",651
"E8B5B7",650
"A0ADE3",649
"89E383",643
"8289E6",642
"E69BB8",641
"9C8AE3",640
"8082E7",639
"E88D92",639
"E38190",638
"E4BD95",638
"E5A3B0",637
"E696B9",637
"E59091",636
"9091E3",636
"AEE5A5",634
"B1E383",632
"E5918A",630
"ABE5AF",630
"AEE69C",629
"E98791",629
"E5AE9F",627
"B8E382",626
"A3B0E3",625
"E983A8",625
"AB98E3",624
"E4BA94",622
"E68C81",619
"8C81E3",619
"E58589",617
"ABE7AB",617
"8A9BE3",617
"A8E4B8",615
"E8BB8D",615
"81B8E3",612
"AEE788",611
"9CA8E3",608
"B9B4E3",607
"E781AB",606
"828AE5",605
"96B9E3",605
"81A7E8",604
"E38392",603
"8392E3",603
"E5908C",603
"AEE79B",599
"E4B896",599
"ABE980",597
"E5BE8C",597
"918AE3",596
"E799BE",594
"85E380",594
"B1B1E3",593
"82B2E3",593
"AEE8A1",592
"AEE695",592
"AEE5BF",590
"8184E4",588
"87E383",587
"E9878E",585
"8383E3",584
"8589E3",582
"E99B86",582
"E38383",582
"808CE4",582
"9BB8E3",582
"E5B995",581
"9BB2E3",581
"8197E5",580
"AE9FE3",578
"81A7E7",578
"E383BB",578
"E69CA8",576
"83BBE3",576
"E38398",575
"8398E3",575
"98E383",572
"818DE8",570
"AEE591",569
"E5BEA1",569
"BE8AE3",567
"BE8CE3",567
"9B86E3",566
"E3839B",565
"839BE3",565
"AAE380",561
"A898E3",561
"E4BBB0",561
"E4BB95",560
"92E695",557
"BBB0E3",557
"E5AE9A",557
"E68092",556
"E69599",556
"AE9AE3",555
"E79D80",554
"8082E6",554
"92E794",553
"A3B2E3",552
"E6B182",550
"B182E3",550
"E4BE9B",549
"BE9BE3",547
"ABE4BB",547
"E5A898",544
"E382BD",543
"BCE383",539
"E4B88D",539
"E5A6BB",538
"ADA3E3",538
"82BDE3",536
"ABE5BE",536
"E8B6B3",536
"AFE4BA",535
"878EE3",535
"E6B395",535
"E6A084",534
"92E68D",529
"E5AFBE",529
"E5AE89",528
"808CE5",525
"E79FB3",525
"A6BBE3",524
"8282E6",524
"B19AE3",524
"BD95E3",522
"ABE590",521
"82ACE3",520
"E695B0",520
"818DE6",518
"AEE5B9",517
"E6AE8B",517
"818FE8",517
"81BDE3",517
"9FE699",514
"AFBEE3",514
"ABE5B8",513
"E6B19A",513
"AEE981",512
"E382AC",512
"A7E383",511
"B6B3E3",510
"ABE5AE",509
"9599E3",509
"81E5AE",507
"8D81E5",507
"818FE6",507
"B896E3",504
"E381A5",503
"BA8CE5",503
"AE8BE3",503
"E79A86",501
"BDE383",500
"8588E7",500
"E7B484",500
"8791E3",495
"E8BFBD",495
"81AAE5",494
"E7899B",494
"A4E4BA",493
"B880E7",492
"84E4BA",492
"AFE7A5",491
"E99B84",491
"E99680",490
"81E6AD",488
"A5E383",488
"81E6B0",487
"E5BC95",487
"E68993",486
"E695B5",483
"819FE9",481
"AEE4BD",481
"E6ADA9",479
"BC95E3",479
"AEE9A0",479
"B8A1E3",478
"E99BA2",477
"E7A596",477
"95B0E3",475
"E382AE",473
"82AEE3",473
"E8A186",473
"BB95E3",471
"92E8BF",470
"8993E3",470
"8DE383",469
"E6B5B7",468
"A596E3",468
"E7A68F",467
"E8A180",467
"86E8A8",467
"BFBDE3",466
"AAE4BA",465
"E6B8A1",465
"ADA9E3",464
"81A7E4",462
"9680E3",462
"92E6B1",461
"AEE995",460
"BC9AE3",459
"A186E3",458
"E5B08F",457
"9BA2E3",457
"E3819C",457
"A180E3",457
"E5A387",456
"E980A3",455
"8DE880",455
"E68DA8",455
"92E6AE",454
"81AAE8",453
"9BE383",452
"A387E3",452
"E4BB96",452
"8DA8E3",452
"ADE5A3",451
"E8BF91",451
"E889AF",450
"80A3E3",450
"E381AC",450
"8282E7",449
"818FE5",449
"A3E383",448
"8289E9",447
"BD93E3",447
"E59088",446
"81A8E9",446
"E7BDAE",445
"BDAEE3",444
"92E8A8",444
"E794A3",444
"E69283",444
"E3819E",443
"B1E382",443
"95B5E3",443
"8CE7A5",442
"AEE6AD",441
"9283E3",441
"8184E7",439
"92E99B",438
"E5A0B4",438
"ABE5BD",437
"E68D95",436
"E6BA80",435
"81E4BB",435
"9088E3",433
"E5B18B",433
"88A6E3",432
"E887A8",431
"8BE6B3",430
"E58D83",430
"E5BE8B",430
"E88BA6",429
"87A8E3",429
"81B8E8",426
"81E682",426
"BDBFE3",426
"E4BBA3",423
"81B3E5",422
"86E880",422
"92E591",422
"A6E4BA",420
"A0B4E3",420
"BE8BE6",420
"89AFE3",418
"E7BEA4",418
"828BE9",418
"B395E3",414
"81E59C",413
"9D80E3",413
"E9A3B2",413
"88E7A5",412
"899BE3",411
"E7ACAC",410
"BA8CE3",408
"81E794",408
"8282E8",408
"819CE3",408
"B8E8A1",408
"81A1E5",407
"8289E8",407
"ABE8AA",407
"E78AAF",406
"AEE983",404
"E88289",402
"8AAFE3",402
"AFE887",401
"81A1E6",401
"E794B7",399
"89E587",399
"92E5BD",399
"BA80E3",398
"80E380",398
"E7B792",397
"B792E3",396
"E5BBBA",396
"80E7B7",395
"BFA1E3",394
"BB8DE3",393
"ABE4BC",392
"9FE5AD",391
"ABE58F",390
"AA93E3",388
"92E987",388
"AEE5A8",386
"8CE58D",386
"92E689",385
"E5AF84",383
"E8AA93",383
"E5A49C",382
"E9A699",382
"81E78E",382
"E5BCB7",382
"92E681",382
"838EE3",380
"81BFE5",380
"B18BE3",380
"ABE7A5",379
"8BE699",379
"8289E7",379
"E69C9B",379
"92E8AA",379
"AEE4BB",377
"E6ACA1",377
"ABE8BF",377
"E98A80",377
"AEE7BE",376
"E58AA9",376
"B9E380",375
"908CE3",374
"A8E697",374
"E784BC",373
"94A3E3",372
"84BCE3",371
"8CE4BA",370
"9A86E3",370
"E9A198",370
"9C9BE3",370
"83A8E6",370
"E58092",370
"E9A194",369
"AEE7BD",369
"E981A0",369
"A198E3",369
"AFE585",368
"A194E3",368
"AEE380",367
"BBBAE3",366
"94BBE3",366
"B889E5",365
"8D95E3",365
"BC9AE8",365
"E5B9B3",362
"ACA1E3",361
"9FE789",359
"9FA5E6",359
"95E383",358
"8AA9E3",357
"82A9E3",356
"83A4E4",356
"8BA6E3",355
"BC9DE3",355
"BF91E3",354
"E5BAA7",354
"82BAE3",353
"E69C88",352
"A5E681",352
"ABE794",351
"92E5BC",351
"E6B2B9",351
"AEE5A6",350
"E58887",350
"84E585",349
"AFE6AD",349
"BBA3E3",348
"8082E8",347
"8887E3",347
"AEE881",347
"AEE682",346
"8D92E9",346
"92E78A",346
"E79C9F",346
"92E585",345
"E7A588",345
"8184E9",344
"8280E8",344
"E382BA",344
"BAA7E3",344
"81E5B9",343
"84E587",343
"A68FE3",342
"AEE696",342
"E88BA5",341
"B484E3",341
"81AAE4",340
"8186E4",340
"E98592",339
"ABE587",339
"BC9FE5",339
"88E383",338
"E585AD",337
"E5B08E",337
"A588E3",337
"E3838E",336
"91E7B4",336
"ABE585",335
"E7A59D",335
"90E380",335
"E694BB",335
"E599A8",335
"ABE881",335
"81ACE3",334
"ABE6AD",334
"92E587",334
"8B9DE3",334
"AFE79A",333
"8083E3",333
"E6AF8D",332
"AEE79F",332
"E6868E",331
"868EE3",331
"9FE4B8",329
"E5A591",329
"A591E7",329
"92E68C",328
"85A8E3",328
"81E5BE",328
"E59BB2",328
"B995E5",328
"E6B581",327
"8FE697",327
"B08EE3",327
"A8E590",326
"AEE5A3",326
"99BEE4",325
"BBE4BA",325
"E7A4BA",324
"A4BAE3",324
"95E5B1",324
"B880E6",323
"AEE9A1",323
"B2B9E3",323
"ABE7BD",322
"808CE7",322
"B08FE6",322
"E980B2",322
"AEE588",321
"A5BDE3",320
"839CE3",320
"80B2E3",320
"E681AF",319
"E6B08F",319
"AF8DE3",318
"92E981",318
"BC8FE3",318
"9B84E7",318
"E581BD",318
"E7B590",317
"E7B582",317
"AEE58D",317
"E38394",316
"8394E3",316
"818DE4",315
"E6B3A8",315
"8289E4",315
"A084E5",315
"E5A0B1",314
"BB96E3",313
"BCB7E3",313
"81E881",313
"81E59B",312
"E5B79D",311
"8188E7",311
"ABE5A4",310
"E5A496",310
"E58685",310
"A49CE3",309
"B880E5",309
"B887E8",308
"E5909B",308
"92E8B2",308
"E5838F",308
"92E692",307
"909BE3",306
"ADE380",306
"92E7B5",305
"92E7A5",305
"8A80E3",305
"E682A9",304
"82E7A5",303
"92E588",303
"E88081",303
"E78DA3",302
"8DA3E3",302
"A5E380",302
"81E5BF",301
"B883E3",301
"94E7A5",300
"AFE5BF",300
"A1E4BB",300
"B582E3",299
"AEE69D",299
"E78794",299
"8794E7",299
"8592E3",299
"E5AEBF",299
"92E684",299
"92E694",298
"E696AD",298
"A59DE7",297
"9DE7A6",297
"92E7BD",297
"E58FAB",297
"8FABE3",297
"818FE7",296
"81E8A6",296
"92E5A4",294
"A8E680",294
"E880B3",294
"81AAE6",294
"87E8BB",294
"89B2E3",293
"9C88E3",292
"AF84E3",292
"E79785",292
"8D92E3",292
"BFA1E4",292
"E887B3",291
"A7E5BD",291
"85A8E5",290
"B79DE3",290
"E9878D",290
"E79591",290
"E9818E",290
"8196E6",289
"E4BC8F",288
"E6B885",288
"E382B2",288
"E5B8B8",288
"B885E3",287
"8197E4",287
"81A7E9",286
"B3A8E3",285
"AEE789",284
"B581E3",284
"92E6BB",284
"AAE880",283
"ABE695",283
"9BBDE6",282
"BDE6B0",282
"E6B2BB",281
"E690BA",280
"90BAE3",280
"E981B8",280
"A6E69D",280
"E6B097",280
"92E5B0",280
"A8E59B",280
"92E6B8",280
"80B3E3",279
"AEE5B1",279
"81E58D",279
"E6AD8C",279
"AFE794",278
"A6E7A5",278
"B995E3",277
"81E588",277
"92E58A",277
"8D81E3",276
"E5BF85",276
"87B3E3",276
"9FE5AE",276
"E6988E",276
"AD8CE3",276
"A9E380",275
"8CE5A4",274
"8CE587",274
"E8A1A3",274
"9C9FE5",273
"94E383",273
"AEB6E6",272
"81E99B",272
"99A8E3",272
"AEE58A",272
"E4BC9D",272
"92E68B",271
"E68B9D",271
"828AE7",271
"E7A8AE",270
"81E4BD",270
"E795B0",269
"ABE4BA",268
"E3839C",268
"81A1E7",267
"8282E4",266
"81AAE7",266
"E69C8D",266
"BDE380",266
"ACACE4",265
"B590E3",265
"E694BE",265
"92E5BB",264
"B8B8E3",264
"E5B08B",263
"AEE688",262
"AEBFE3",262
"E781BD",262
"B08BE3",262
"94B7E3",260
"E7AEB1",260
"B097E3",260
"988EE3",260
"E99D92",259
"8CE8A6",259
"81E590",259
"818AE5",259
"E6A5AD",258
"E890BD",258
"E5BD93",258
"AEE99B",257
"92E4BF",257
"E7A0B4",257
"E596B6",257
"E68892",257
"8892E3",257
"A8E591",256
"84E689",256
"A6E6AD",255
"808CE8",255
"AD90E4",255
"81E7BE",255
"AE89E3",254
"BA94E5",253
"E5889D",253
"E8B39C",253
"B2BBE3",252
"BEE4BA",252
"E98081",252
"AFE6B0",252
"96B6E3",252
"8CE585",251
"B2E383",251
"E7B5B6",250
"82E5A4",249
"81A0E5",248
"E682B2",248
"E58F8A",247
"8F8AE3",247
"E789A7",247
"E68A95",247
"878DE3",246
"92E7AB",246
"90BDE3",246
"E69FB1",246
"A39FE7",245
"AEE6AF",245
"B5B6E3",245
"828AE8",245
"AEE6A0",245
"ABE5B1",244
"81E79F",244
"E9968B",243
"E9809A",243
"ABE69D",243
"9FE59C",242
"968BE3",242
"B9B3E5",242
"E78FBE",241
"E99AA0",241
"9AA0E3",241
"E7A4BC",241
"AEE8B6",241
"E597A3",241
"A3E6A5",241
"83E4BA",241
"A7E4B8",240
"8282E9",240
"AFE4BD",240
"E8B2A0",240
"AFE4BB",240
"ABE7AD",240
"97A3E6",240
"8A95E3",240
"81E5AD",239
"E6849F",239
"89E58D",238
"9FE5BD",238
"90E4BE",238
"E794A8",238
"A4A9E5",237
"9B9BE3",237
"E6ADB3",237
"ABE6B8",237
"A699E3",237
"AEE5BA",237
"E4BA92",236
"BA92E3",236
"81E695",236
"A6E8AA",236
"828CE5",234
"81E69C",234
"B880E9",234
"89E4B8",234
"9C8DE3",234
"AEE5B0",234
"8186E5",234
"AEE882",233
"AFE7AD",233
"99E880",233
"82BEE3",233
"BAA6E3",233
"9785E3",233
"AFE5AE",233
"E98083",233
"E6849A",233
"AFE78E",233
"E6829F",233
"829FE3",233
"81E58F",232
"828AE9",232
"8DE587",232
"E6A5BD",232
"87AAE8",232
"AAE8BA",232
"8FBEE3",231
"AFE79F",231
"9B9BE5",231
"A0E383",231
"E6848F",231
"A0E789",231
"E4BD9C",230
"E6B0B8",230
"88E789",230
"809AE3",230
"E4BA89",230
"8BE4B8",230
"E681A5",229
"8CE8A8",229
"81E8A1",229
"84E789",229
"8CE6B0",228
"E8BF94",228
"82E4BA",227
"E79086",227
"A496E3",226
"96ADE3",226
"E28095",226
"8D83E4",226
"E588A5",225
"AEE987",225
"E5838D",225
"8385E3",225
"A0B1E3",225
"B08FE7",225
"AFE682",225
"AEB1E3",225
"BEA4E3",224
"8199E8",224
"81E5BC",224
"ABE981",224
"88A5E3",223
"E9A2A8",223
"92E680",223
"96E689",223
"E59C9F",222
"83E383",222
"80E789",221
"E58B87",221
"92E996",221
"BF85E3",221
"BA89E3",221
"E4BD93",220
"E5A4AB",220
"E8BB8A",220
"AEE8BA",219
"E78AA0",219
"8AA0E7",219
"E789B2",219
"A8E59C",218
"A4ABE3",218
"A2A8E3",218
"B883E5",218
"8EE383",218
"BF94E3",218
"BD9CE3",218
"849AE3",218
"E38384",217
"8384E3",217
"84E383",217
"AFE881",217
"E8A7A3",216
"9AE8A1",216
"89E681",216
"AFE697",215
"ABE99B",214
"B2A0E3",214
"E5868D",214
"9FB1E3",214
"AEE58B",213
"AEE681",213
"81E987",213
"81E681",213
"E58FB3",213
"ADBBE4",213
"8FE7BE",213
"E8A9B1",213
"E5BE92",213
"E69DB1",212
"E5BAA6",212
"889DE3",212
"E4BBA5",212
"92E5A5",211
"92E4BC",211
"E5BE85",211
"81A1E4",211
"E5A5AA",211
"ABE682",211
"A9B1E3",211
"AEE6AE",211
"E9A6AC",211
"E69C9D",210
"81E697",210
"818DE7",210
"8196E5",210
"E7BDB0",210
"8CE6AD",210
"E99FB3",209
"BE85E3",209
"92E682",209
"8AE4B8",209
"ABE68A",209
"E8A8BC",209
"E58299",209
"AE89E6",209
"AEE9A3",208
"AEE5B7",208
"AEE88B",208
"8BE689",208
"E382B0",208
"ABE5B0",208
"B7E880",208
"868DE3",207
"82B0E3",207
"81E689",207
"E5A085",207
"BDB0E3",206
"92E6B2",205
"E69C80",205
"E6BF80",205
"8685E3",205
"E591A8",205
"91A8E5",205
"A6ACE3",205
"E8B2A7",205
"85B0E3",204
"B8BBE4",204
"AEE680",204
"A6E78E",204
"A0BCE3",203
"E5AF8C",202
"AF8CE3",202
"A381E3",202
"98E380",201
"E5A3AB",201
"ABE689",201
"AEE586",200
"95B7E8",200
"AEE4BE",199
"94E58D",199
"92E5BF",199
"BF80E3",199
"B39CE3",199
"92E590",199
"E58AA0",199
"8299E3",199
"E5A381",199
"E6B7B1",198
"E9BAA6",198
"E9A0BC",198
"B8E380",198
"818FE9",197
"B2A7E3",197
"849FE8",197
"81E79B",196
"A5AAE3",196
"8AA0E3",196
"81B3E6",196
"92E596",196
"E585AB",195
"9BE58D",195
"8DE5BE",195
"A4E8A1",195
"9FE8AC",195
"E8AC9D",195
"B883E6",194
"E8ABB8",194
"E78DB2",194
"E784A1",194
"84E7BE",194
"E5AEB3",194
"E6B3A3",194
"B3A3E3",194
"8DE4BA",193
"E8B0B7",193
"A3ABE3",192
"ABE9A3",192
"E58BA2",192
"BEA4E8",192
"AC9DE3",192
"E59F8E",192
"AEE5BC",191
"B6E380",191
"8FB3E3",191
"92E6AD",191
"AEBFE5",191
"A084E3",191
"AEE7AE",191
"BE92E3",191
"B7B1E3",190
"ADB3E3",190
"AEE5A2",190
"95B0E9",190
"B887E4",190
"B9B3E3",189
"AEE583",189
"BFE596",188
"E5AEA3",188
"ABE5BF",187
"E696B0",187
"9FE8A8",186
"E58B95",186
"ABE79F",186
"ABE5BA",186
"A8AEE3",185
"8CE5AE",185
"B889E3",185
"92E58E",185
"BAE383",185
"B0B7E3",185
"B0E982",185
"E982A6",185
"8BA2E3",185
"8186E6",185
"E69D9F",185
"E5B7A5",185
"BEA1E5",185
"E68890",184
"96E380",184
"92E582",183
"AEE69E",183
"AEE781",183
"AEE69B",183
"82E8A6",182
"8CE69D",182
"8BA5E3",182
"9FA5E8",182
"E585B5",182
"E5BAAD",182
"ABE4B9",181
"8197E7",181
"AFE59C",180
"ABE681",180
"AEE9AB",180
"B7E380",180
"E7A9B4",180
"8FE880",180
"ABE684",180
"E3839D",180
"839DE3",180
"94A8E3",180
"BAADE3",180
"E588A9",180
"ABE5BC",179
"A9B4E3",179
"AEB3E3",179
"AEE684",179
"E4B997",179
"8B95E3",178
"AEE9A6",178
"8186E9",178
"828AE4",178
"9D9FE3",178
"E58FB0",178
"E7A095",177
"A095E3",177
"E4BCB8",177
"BCB8E3",177
"A5E880",177
"81E5A5",177
"9086E3",177
"8EE4B8",177
"B997E3",177
"8082E9",176
"828CE4",176
"A082E3",176
"E58C97",176
"A6E5AE",176
"AEE99C",175
"808CE6",175
"9C9FE3",175
"81E7BD",175
"E99BB2",175
"B8E981",175
"E7B3B8",175
"A7A3E3",175
"8588E3",175
"AD98E3",175
"81B6E5",175
"9AAEE3",174
"E999A4",174
"92E4BD",174
"E6A8A9",174
"8FB0E3",174
"AFE58F",173
"8D81E6",173
"8DE7BE",173
"AEE5A0",173
"ABE6B3",173
"B3B8E3",173
"A9E5B9",172
"828AE6",172
"BA8CE4",172
"B88DE7",172
"AEE8BB",172
"E5B19E",172
"B19EE3",172
"86E4BA",171
"E5AF9D",171
"80E9A0",171
"8EE380",171
"E9AD82",171
"AD82E3",171
"E5B883",171
"E6B7AB",171
"87E4BA",171
"9B84E3",170
"E5A283",170
"ABE588",170
"E69A97",170
"AFE681",169
"81E788",169
"E8A6AA",169
"E4B9B3",169
"AFE8A1",169
"AEB6E7",168
"9DB1E3",168
"E5BA83",168
"92E68E",168
"E5B091",168
"E688B8",167
"80E69C",167
"ABE58A",167
"85E383",167
"E99D9E",167
"E6B497",167
"848FE3",167
"A99AE3",167
"B889E6",166
"99A4E3",166
"84E69D",166
"8CE794",165
"81E9A3",165
"A7BBE3",165
"B6E69D",165
"81E9A0",165
"86E4BB",165
"85A8E4",165
"E581B4",165
"E7959C",164
"89E58F",164
"8197E6",164
"AFE59B",164
"B0B8E9",164
"A283E3",164
"A4A7E5",164
"ABE6AE",164
"A3E69C",164
"E59886",164
"81E5B0",163
"B6E795",163
"959CE3",163
"9CE380",163
"95E4BA",163
"96B0E3",163
"92E68A",163
"81E781",163
"E5928C",163
"AEE78D",162
"E7A9BA",162
"A6E5A4",162
"E590B9",162
"E68995",162
"8995E3",162
"A4BCE3",162
"E58B9D",162
"8192E5",162
"9886E3",162
"E58B99",162
"E5A495",161
"9C9DE3",161
"E7A7BB",161
"E99AB7",161
"81AAE9",161
"E5A489",161
"8B99E3",161
"AEE599",161
"E6AEBF",161
"A7E8A8",160
"92E98A",160
"9FE7A5",160
"AEE8AA",160
"8CE8A1",160
"97E5BD",160
"E5B2A9",160
"E6A798",160
"ABE6BA",159
"A6E980",159
"8188E5",159
"A7E7A5",159
"AEE8B2",159
"E5A5B4",159
"A5B4E9",159
"B4E99A",159
"85A5E5",159
"92E784",159
"AEE69F",159
"8191E5",159
"81E684",159
"E98A85",158
"8CE887",158
"9AB7E3",158
"83BDE3",158
"A5E58F",158
"B2A9E3",158
"83E697",157
"90B9E3",157
"AEE694",157
"E8A382",157
"A382E3",157
"82A6E4",157
"81B3E7",157
"ABE8A6",157
"A0B4E6",157
"A489E3",157
"92E79D",157
"81E981",157
"E6B1BA",156
"ABE999",156
"E79599",156
"E5AE98",156
"BB8DE5",156
"92E686",156
"ABE6B2",156
"81B4E3",156
"E58395",156
"8CE591",155
"B7E5AD",155
"8DB2E3",155
"A6E7BD",155
"8CE4BB",155
"8AE4BA",155
"ACE4B8",154
"E79AAE",154
"8A85E3",154
"818FE4",154
"858DE3",154
"E589B2",154
"E8B2B7",154
"808EE4",154
"BEA1E4",154
"B484E6",154
"E581B6",154
"81A0E8",153
"B985E3",153
"A8E4BA",153
"E38385",153
"8DE58B",153
"99BDE3",153
"BBE380",153
"8BE5AE",152
"9D92E9",152
"E69C89",152
"82E4BB",152
"9CE383",152
"E695A3",152
"AFE7AB",152
"E5A293",152
"E5AE9D",152
"B6E583",152
"B3A5E3",151
"AFE9A3",151
"A8E688",151
"B88DE6",151
"A0E7A5",151
"A1E4BD",151
"E8AA87",151
"AA87E3",151
"95A3E3",150
"8C97E3",150
"E891AC",150
"91ACE3",150
"E8ADB0",150
"E78783",150
"8783E3",150
"E58FAC",149
"8BE789",149
"E9A99A",149
"ABE5A0",149
"A085E3",149
"E8A8AD",148
"8B87E5",148
"87E5A3",148
"A6E8A6",148
"E5A3B2",148
"E8A888",148
"9AE8A6",148
"AAE7A5",148
"A6E794",147
"8186E7",147
"B2B7E3",147
"92E696",147
"E58D8A",147
