"656E20",15719
"72CCA3",10752
"74CCA6",10479
"CCA365",8926
"207965",7799
"206E20",7408
"68CCA3",6516
"206920",6492
"206420",5012
"C9A365",4884
"726120",4689
"20C9A3",4524
"616E20",4487
"6E2061",4444
"CCA320",4420
"617261",4039
"74CCA3",4018
"206172",3969
"CCA361",3854
"6E2069",3814
"656C6C",3812
"6E6120",3788
"6574CC",3740
"657220",3635
"C9A320",3618
"646920",3568
"64CCA3",3548
"207465",3546
"616B6B",3459
"79656E",3423
"A36572",3389
"73656E",3370
"77656E",3365
"65C9A3",3308
"536964",3224
"207969",3179
"65C99B",2991
"612064",2916
"207761",2864
"6572CC",2852
"656262",2850
"205369",2844
"A36562",2844
"52CCA3",2815
"692064",2787
"6E2C20",2776
"656E2D",2752
"2052CC",2750
"A3656E",2686
"616420",2683
"6E2064",2664
"206120",2631
"692074",2621
"757220",2620
"CCA375",2600
"206164",2586
"696E20",2584
"206C65",2560
"207572",2538
"626269",2504
"6B6B65",2436
"CCA372",2421
"617965",2421
"203A20",2414
"207320",2384
"206E65",2359
"20616B",2347
"6B656E",2346
"20642D",2331
"612079",2330
"6174CC",2307
"642069",2294
"61206E",2198
"6E2079",2158
"656D20",2149
"2074CC",2123
"C9A361",2064
"CCA674",2058
"A674CC",2055
"2D6420",2042
"67CC8C",2042
"2C2061",2010
"6E2074",2010
"612074",1992
"612069",1980
"A372CC",1961
"642061",1951
"696469",1936
"656E2C",1929
"617320",1910
"2D6973",1908
"6E206C",1906
"20696D",1897
"612061",1895
"206469",1885
"616D65",1884
"207769",1884
"656464",1883
"207765",1870
"6E6E69",1868
"656620",1835
"6E6E61",1825
"656E6E",1809
"6C6C61",1786
"2D6E6E",1783
"692052",1769
"6C6120",1753
"C99B65",1745
"656720",1735
"692069",1700
"20616D",1693
"626920",1692
"6E2077",1691
"692C20",1688
"63CC8C",1688
"A36566",1680
"6E6920",1679
"74206E",1666
"6D6120",1625
"206465",1612
"2D74CC",1605
"A32061",1600
"73CCA3",1593
"616769",1580
"696420",1577
"CCA661",1559
"697361",1554
"722074",1551
"646567",1532
"CCA62D",1528
"6E206E",1525
"6568CC",1523
"C99B61",1520
"206174",1514
"207461",1513
"6D6920",1495
"20C690",1485
"C69069",1473
"6D65C9",1472
"906973",1462
"612C20",1455
"6E2073",1437
"736120",1436
"656D6D",1428
"692061",1426
"61C9A3",1425
"6E2D69",1418
"74656E",1415
"692067",1406
"2C2069",1399
"79656C",1393
"C99B6E",1382
"642079",1366
"206977",1358
"692079",1355
"697765",1354
"A62D74",1348
"207365",1346
"6D656E",1340
"69646E",1319
"646E61",1318
"697320",1301
"6172CC",1297
"77616B",1290
"6E65C9",1285
"616E2D",1281
"617365",1275
"656E2E",1263
"6D616E",1261
"6968CC",1243
"2C2079",1242
"69206C",1241
"676920",1241
"6C6920",1238
"6564CC",1238
"9B6E61",1221
"6D6572",1220
"657171",1218
"616C20",1213
"69C9A3",1211
"6C6C69",1204
"656B6B",1199
"642D69",1198
"617420",1185
"6C616E",1184
"616D20",1182
"CCA32D",1181
"2D7961",1181
"6120C6",1167
"2D6173",1166
"697761",1152
"696D65",1149
"206179",1140
"656420",1139
"6D2061",1136
"732C20",1129
"796173",1129
"7568CC",1123
"7572CC",1119
"A3616C",1110
"206464",1103
"796573",1101
"207469",1098
"6E656E",1097
"7ACCA3",1095
"642D79",1093
"617765",1091
"776179",1080
"6C656E",1080
"6E2053",1067
"A36120",1065
"656767",1065
"796574",1054
"6E20C9",1050
"206765",1047
"696D61",1046
"737365",1045
"6974CC",1043
"CCA374",1042
"77696E",1041
"A32069",1036
"796977",1030
"206D65",1029
"75C9A3",1028
"2D7965",1024
"6E2075",1023
"656D64",1021
"A32C20",1020
"64206C",1009
"2D6167",1005
"77616C",1004
"796572",1000
"206D61",995
"716564",989
"6964CC",979
"203B20",963
"A37568",963
"6E7420",962
"612073",957
"69642D",953
"612D79",942
"69206E",939
"6E2D6E",924
"692077",919
"6B616E",918
"A374CC",913
"6E6E65",913
"616E65",907
"692073",905
"64656E",905
"742D69",904
"786174",903
"206E6E",902
"64656D",899
"206973",895
"6E203A",892
"776964",892
"64206E",883
"657373",883
"64616E",880
"657420",879
"6C616D",858
"206C6D",852
"CCA665",851
"2C2074",851
"69C99B",847
"207369",841
"72656E",841
"206461",839
"6972CC",838
"206665",835
"CC8C63",834
"8C63CC",834
"73206E",828
"2C2064",826
"736567",825
"66656C",825
"6B6B20",824
"6D6173",822
"616C61",821
"617369",812
"732069",812
"742061",810
"646465",801
"656C20",798
"6B2D64",793
"6B6B61",793
"A37572",789
"6E6574",787
"64696E",786
"6C2D61",786
"742C20",784
"6E2D64",783
"CCA369",783
"732061",780
"736920",777
"79656D",777
"20742D",777
"727420",776
"2D6564",772
"697420",766
"206363",764
"72616E",760
"CCA32C",757
"756C61",756
"2D6974",750
"61C99B",747
"696E65",745
"73C99B",744
"207475",744
"736968",742
"732079",742
"6562C9",741
"C9A32D",741
"C9A375",739
"2D642D",736
"6C6C2D",736
"6E7365",732
"2C206D",726
"6B6B2D",722
"642077",722
"6B756E",722
"646475",720
"786564",720
"206974",718
"CCA677",717
"A32064",714
"207975",712
"736C61",712
"204C6D",709
"20746D",709
"4C6D61",707
"657320",706
"696C69",706
"206971",705
"2C2075",698
"6E612D",696
"697165",694
"20756C",691
"A67761",690
"722069",687
"206CC9",686
"73203A",683
"72206E",680
"646461",677
"6D6461",675
"6920C9",674
"742069",671
"62656C",665
"65736C",665
"6D6D61",661
"756E20",659
"697365",658
"CCA373",653
"672077",646
"612077",646
"6E2D61",642
"A36173",642
"657272",641
"6C6C65",640
"206178",639
"2D6E73",637
"65726E",635
"6567CC",634
"6461C9",633
"746574",632
"616D61",631
"617861",630
"757320",630
"656C6D",630
"6C6D61",629
"726E61",628
"6C68CC",626
"617373",625
"616465",625
"CCA675",622
"2D7465",622
"2D7320",620
"206265",619
"642073",616
"776174",614
"616E2C",614
"9B6120",609
"696C61",605
"696D69",604
"6C656D",603
"74656D",602
"696E74",601
"206C68",599
"796964",598
"73206C",598
"6C6179",596
"696465",596
"A3616E",593
"646120",593
"206968",592
"6C2061",587
"207775",585
"2072CC",583
"6E7765",582
"662077",581
"757261",579
"692075",577
"727261",577
"722079",573
"C99B69",572
"6573C9",571
"6E616E",570
"CC8C69",568
"64756E",568
"6C65C9",567
"206173",564
"722061",562
"646D65",560
"73656C",558
"A3206E",556
"6D6573",555
"62C9A3",551
"C99B20",551
"65666B",551
"732074",550
"3A2041",550
"65672D",547
"6164CC",547
"737361",546
"72206C",545
"732077",545
"6E206D",543
"6D6571",542
"20616E",541
"6D6972",540
"6D6D65",539
"20696C",538
"676172",538
"20696E",538
"796120",536
"C99B75",535
"2D6964",535
"6D6469",535
"CC8C61",533
"697265",533
"696D20",531
"67656C",529
"6C2D69",528
"A320C9",526
"646572",524
"616C65",524
"A3656D",523
"6120C9",523
"2D6977",521
"79692D",519
"717172",517
"2C2073",517
"202120",516
"C9A369",512
"4D6920",512
"2D696E",512
"61206C",510
"657274",507
"676572",507
"73656D",506
"2C206C",506
"2D6E77",501
"6C6D65",500
"696E69",500
"6E656C",500
"6D7572",499
"717261",496
"6D6164",496
"CCA669",495
"717161",495
"74616D",495
"CCA368",488
"656E74",486
"67656E",485
"742D6E",484
"642074",484
"CC8C65",484
"722064",483
"206964",482
"A32D69",481
"A66120",480
"6E6974",480
"746573",479
"6B6120",479
"716172",477
"616261",477
"CCA32E",471
"6E6573",471
"6C696D",470
"207373",470
"642D74",469
"776920",467
"6C6568",467
"6E2D74",466
"61206B",465
"796564",463
"2D696B",462
"646574",462
"612075",461
"757420",460
"A32D65",460
"722077",460
"696765",458
"6C6171",458
"62692C",457
"6B6B75",457
"656B20",456
"642D6E",456
"CCA620",456
"2D6573",451
"206C61",451
"656473",450
"206967",448
"647365",447
"2C206E",447
"206C67",447
"203F20",446
"6C67CC",446
"6B2061",445
"617269",445
"657777",444
"7269C9",442
"657ACC",442
"6C6562",441
"206B75",439
"206163",437
"6E656B",436
"746D61",434
"796566",434
"6D6574",431
"756E69",428
"A373CC",427
"9B656E",427
"757274",426
"A32073",426
"6B2069",425
"65646D",425
"77616E",423
"2D6177",421
"2D7365",420
"62656E",417
"A36571",416
"756C20",415
"69206D",415
"672069",413
"656D2D",413
"697373",413
"726761",412
"626572",412
"CCA36D",412
"6E692C",410
"696C20",408
"617120",405
"617761",405
"206E75",404
"CC8C67",403
"8C67CC",402
"204973",401
"20732D",401
"206B61",400
"A32074",399
"67617A",398
"6D6174",397
"692D64",397
"617961",395
"6563CC",395
"A365C9",394
"2069C9",392
"6B756C",392
"6D656B",391
"796973",391
"7A6461",390
"A36163",389
"6D612D",389
"206B6B",388
"746D75",387
"6C696E",385
"61206D",383
"717169",382
"617465",381
"7372CC",381
"6D2D69",381
"6C206E",381
"7320C9",380
"616369",380
"657A6D",379
"73616E",378
"6C6D75",374
"A3656C",374
"6D7574",373
"2068CC",373
"646174",372
"732064",372
"672075",371
"62692E",371
"6E2052",369
"692D73",369
"CCA366",369
"6CC99B",368
"7A6D65",368
"697965",367
"742D61",367
"776564",365
"CCA362",365
"616C69",365
"612053",364
"6E204C",363
"697465",363
"6E7761",363
"497372",362
"A36169",362
"61696C",362
"204261",362
"742074",362
"206C78",361
"6E7769",361
"6CC9A3",360
"742049",359
"6B7261",357
"4D6120",357
"676761",356
"69206B",356
"69732C",355
"8C6920",353
"7965C9",352
"636361",352
"6D692D",350
"757361",350
"6D2064",348
"557220",347
"206978",347
"616320",346
"6D6564",346
"A32079",345
"612D64",345
"6E2E20",345
"636172",345
"616375",343
"712061",342
"617220",342
"207865",342
"6420C9",341
"C99B74",341
"732073",341
"6C2069",340
"6D2C20",339
"73696E",339
"742064",339
"7A656E",339
"616E2E",338
"6D2069",338
"617920",338
"206C6C",337
"206B72",337
"6D206E",337
"74657A",336
"776173",336
"204275",335
"776172",335
"206966",335
"796167",334
"79696D",334
"696B20",334
"62C99B",333
"207A64",333
"A368CC",333
"2D7420",331
"737320",331
"756465",329
"2D7765",329
"612D73",328
"206D69",328
"6C2C20",328
"6C6563",328
"6163CC",328
"6D656C",327
"72612C",327
"6E206B",326
"726964",326
"6B6572",326
"A3206C",326
"697961",325
"686920",325
"6E69C9",324
"61746D",322
"756E77",321
"697969",320
"206C69",320
"612D74",319
"C9A32C",317
"71696D",314
"656666",314
"6D6D69",313
"276172",313
"756E2D",312
"2C2077",311
"CCA6C9",311
"616C2D",311
"736562",309
"676765",308
"6E6964",308
"6168CC",307
"204120",307
"79656B",307
"A37574",306
"756D69",306
"A32D61",306
"697865",306
"207171",306
"617769",306
"A36D61",306
"737375",306
"205965",305
"6E203B",305
"672D73",305
"9B6564",303
"79657A",303
"C9A36C",303
"6D6E65",303
"787861",301
"6D657A",301
"627269",301
"697720",301
"6C6578",298
"426162",297
"A36568",297
"61203A",296
"656472",294
"CCA379",294
"666572",294
"206972",293
"207961",293
"74696E",292
"6E2066",291
"6D616C",289
"616E74",289
"637520",289
"626172",288
"6E2062",288
"69732E",287
"6472CC",287
"78616D",287
"CCA36C",287
"6E2063",287
"A3656B",287
"626120",287
"67692C",286
"206D27",286
"636567",285
"61722D",285
"74656C",284
"6E7562",284
"786972",284
"64206B",284
"20C99B",283
"A36172",283
"61204C",282
"617461",282
"626564",281
"646E75",281
"72612D",280
"777769",279
"666B61",279
"6573CC",279
"206C62",279
"656220",278
"2073CC",278
"656374",278
"20C2AB",278
"722D61",278
"61742D",277
"636365",277
"662064",277
"66656E",277
"696661",276
"6465C9",274
"6B6563",274
"6C6177",274
"746964",274
"6C6964",273
"757165",273
"206177",273
"417861",271
"7420C9",271
"642075",271
"6C7869",270
"6D6163",270
"CC8C20",269
"636920",269
"6C2079",268
"746D65",267
"732075",267
"742073",266
"756E65",266
"696265",266
"616220",265
"C2AB20",265
"64646D",265
"206761",265
"757365",263
"722073",263
"697220",261
"6D61C9",260
"20697A",259
"6D2761",259
"2D6920",258
"496D69",258
"6B656D",257
"716572",257
"642D65",256
"656A6D",256
"642064",256
"736265",256
"737369",256
"207777",255
"746571",255
"206B65",255
"612D6E",255
"63656D",254
"657878",254
"656363",254
"796571",252
"6E6566",252
"756D20",251
"7975C9",250
"64C9A3",250
"6A6D61",250
"77656D",250
"206B2D",250
"756C75",249
"6D696E",248
"732D64",248
"737465",248
"20616C",248
"A6C99B",248
"6D20C9",248
"722075",248
"642053",245
"6C6174",245
"206C71",245
"6665C9",244
"6E2021",244
"A36C69",244
"CCA66D",243
"796562",241
"64646E",241
"696E2D",241
"796577",240
"616E61",240
"207573",239
"732D69",239
"6167CC",239
"A36265",238
"616D6D",238
"6D2079",237
"206167",237
"786465",237
"617165",237
"742079",235
"74616E",235
"696365",235
"642C20",234
"C9A32E",234
"77756D",234
"C9A372",234
"A3756D",234
"6C7573",234
"657267",232
"6E6461",232
"736572",232
"7A616C",232
"206171",231
"692053",231
"6D6D75",230
"696869",230
"656272",230
"20756D",229
"776574",229
"722053",229
"646179",229
"746162",228
"6DC99B",228
"776572",226
"71656E",226
"2E2041",225
"A36920",225
"61732D",225
"206962",225
"747564",225
"6B2C20",224
"756D65",224
"776578",223
"A36574",223
"746562",223
"7A6D69",223
"642D73",223
"6272CC",222
"746572",221
"6D7571",221
"796164",221
"626563",221
"57696E",221
"4D6D69",220
"7365C9",219
"776120",219
"20C2BB",219
"756C6C",219
"65732C",218
"617A61",217
"204D61",217
"204D6D",217
"68616E",217
"752069",217
"A36665",217
"696461",217
"757373",216
"A36564",216
"6C69C9",216
"752061",215
"646469",215
"656B6D",215
"656774",215
"696E6E",214
"747572",214
"6C656B",214
"7574CC",213
"626162",213
"A37261",213
"A36C61",213
"6C2064",212
"662079",212
"616E64",212
"792061",212
"79696C",211
"696E2C",211
"6E2042",210
"6D2074",210
"A32075",210
"69742C",210
"63C9A3",210
"205572",209
"206C77",209
"6D6B61",209
"727573",209
"6D656D",209
"657862",208
"647564",208
"20696B",208
"692021",208
"646163",208
"42756C",208
"2061C9",206
"656E77",206
"696C65",206
"C99B71",205
"9B616E",205
"6C7765",205
"206D6D",205
"786261",205
"776571",204
"617272",204
"A37961",203
"72656D",203
"206C66",203
"A66D65",203
"6E656D",202
"CC8C75",202
"7564CC",201
"20746C",201
"6E6269",200
"69742D",200
"3A20C2",200
"616E6E",199
"6372CC",199
"6E6164",198
"6B2079",198
"2D6979",198
"742D65",198
"616365",198
"6C6567",197
"77616D",197
"656DC9",197
"616E69",197
"A37573",197
"2C2053",196
"6E657A",196
"63742D",195
"6D6B75",195
"666173",195
"6E6563",195
"77756C",195
"616C6C",195
"756D6E",195
"656C68",194
"656C64",194
"7A656D",194
"206D6B",194
"716265",193
"797573",193
"6D6567",193
"2D61C9",193
"A37269",193
"7A7761",192
"A37520",192
"A3206D",192
"204420",192
"736964",192
"427574",192
"622061",192
"C99B64",191
"CCA377",191
"72612E",191
"657273",191
"6E6567",191
"746564",191
"6E203F",191
"616B20",191
"69203F",190
"6B6E69",190
"75C99B",189
"A32053",189
"6D206C",189
"74696C",189
"4C616D",189
"A32D64",189
"66616E",188
"75732C",188
"617265",187
"6D2073",187
"667573",187
"657864",187
"2064C9",186
"78656D",186
"777765",186
"2075C9",185
"662074",185
"CCA662",185
"74696B",185
"CCA668",185
"616765",184
"656D2C",184
"796567",183
"206963",183
"6E207A",183
"8C616D",183
"656C2D",183
"A36573",182
"657A77",182
"205373",182
"746C61",182
"67C99B",182
"642072",180
"696B6B",180
"666B65",180
"CCA37A",180
"2073C9",179
"636572",179
"74617A",179
"6C6163",178
"746E69",178
"656C6B",177
"697775",177
"A37275",177
"66206C",177
"A6696C",176
"692D74",176
"717564",176
"746E65",176
"CCA36E",176
"73612D",175
"74206C",175
"617720",175
"2C20C9",175
"71656C",174
"20416E",174
"61732C",174
"6D6C65",174
"75746E",174
"7465C9",174
"61203B",173
"416B6B",173
"2D7975",173
"3A2020",173
"626567",173
"736566",172
"676D61",172
"657374",172
"2D742D",172
"746172",171
"CCA672",171
"777573",171
"A3203A",171
"727265",171
"692E20",171
"776979",171
"A6756E",171
"69203A",170
"6268CC",170
"616B61",170
"617A20",169
"697A65",169
"207A7A",169
"6C6261",169
"726D69",168
"626174",168
"6173CC",168
"617A65",168
"61726D",167
"666665",167
"6B656C",167
"206162",167
"6B2064",167
"6C2074",167
"207566",167
"73612C",166
"65732E",166
"732E20",166
"656268",166
"61796D",166
"63656E",165
"6B6D61",165
"20617A",165
"A668CC",165
"796920",165
"74656B",165
"722C20",164
"6B6365",164
"6B612D",164
"6265C9",163
"204C71",163
"62616E",163
"A36567",163
"727269",163
"6C6861",163
"CCA66E",163
"796568",162
"726177",162
"776562",162
"7265C9",162
"616265",162
"2074C9",161
"4C7175",161
"672079",161
"206261",161
"6B2074",161
"6E7574",161
"6C6974",160
"736564",160
"736177",159
"692D6E",159
"72742D",159
"74656A",159
"657174",158
"9B6E69",158
"756473",158
"6E692E",158
"9B6567",158
"776573",158
"8C6574",158
"612E20",158
"9B7420",158
"756261",157
"657173",157
"73206D",157
"617275",157
"696D64",157
"6E204D",156
"776167",156
"746566",156
"205975",155
"207571",155
"676769",155
"656273",155
"64206D",155
"656D72",154
"6563C9",154
"CCA36B",154
"69203B",154
"3B2061",154
"656D2E",154
"6E756B",154
"74C99B",153
"646172",153
"6C616C",153
"6C6665",153
"626261",153
"A3756E",153
"742077",153
"6767C9",153
"66206E",152
"7765C9",152
"A3612C",152
"622C20",151
"756220",151
"616B65",151
"44C9A3",151
"6E6173",151
"9B756E",151
"636372",151
"626C61",151
"656D74",151
"616661",150
"CC8C6E",150
"78656C",150
"736574",150
"537369",150
"796578",150
"6E2072",149
"A37761",149
"207ACC",149
"64203A",149
"6B6174",149
"656264",149
"616761",149
"7764CC",149
"696D75",148
"20736C",148
"A66265",148
"666B20",148
"686564",148
"6D6D6C",148
"20496C",147
"616D2D",147
"2C206B",147
"2D6E65",147
"776568",147
"612062",147
"79696E",147
"756B6B",147
"61736D",147
"756B6E",147
"616469",146
"6765C9",146
"207272",146
"75206E",146
"79756D",146
"657279",145
"642066",145
"796D69",145
"6C696C",144
"62612D",144
"CCA62C",144
"716562",144
"6C692D",144
"64616D",144
"62206E",144
"742075",143
"2E204D",143
"20676D",143
"617A2D",143
"442061",143
"75742D",142
"626461",142
"72207A",142
"73203B",141
"A62C20",141
"612052",141
"777572",141
"656864",141
"796563",141
"A67573",140
"6E2059",140
"736568",140
"727961",139
"A66167",139
"3A2044",139
"797572",139
"79612C",138
"6D6568",138
"736E65",138
"66C9A3",138
"69207A",138
"9B6164",138
"6C6571",138
"64692C",138
"6C6469",137
"6C6265",137
"6C7161",137
"657120",137
"746120",137
"676574",136
"6EC9A3",136
"6E742D",136
"6B6B69",136
"616D64",136
"777761",136
"20746E",136
"747865",136
"412053",136
"6E6E75",135
"736D69",135
"A66964",135
"756461",134
"6C20C9",134
"666172",134
"772C20",134
"2D6B20",134
"2D7969",134
"756E2C",133
"417461",133
"616464",133
"692D69",133
"6E696E",133
"616272",133
"6E612C",133
"612063",133
"6C6C75",132
"C99B2D",132
"676475",132
"646974",132
"6D2075",132
"656B74",132
"737574",132
"726920",132
"79616C",131
"6B6C69",131
"6D7265",131
"61732E",131
"2D6968",131
"A3203F",131
"4D65C9",130
"74206D",130
"636369",130
"A36164",130
"205769",130
"207478",130
"646177",129
"CCA671",129
"77656C",128
"746972",128
"2C2071",128
"676573",128
"617865",128
"697A69",128
"666120",128
"CCA673",128
"7468CC",128
"686D65",128
"73612E",127
"746166",127
"206979",127
"6E2067",127
"697261",126
"207567",126
"692063",126
"6E2D79",126
"756661",125
"696620",125
"65742D",125
"6E6167",125
"6973CC",125
"776177",125
"C99B66",125
"6D2077",125
"677469",125
"646167",125
"207165",124
"64207A",124
"756C2D",124
"A32E20",124
"3B206D",124
"2062C9",124
"417920",124
"616D75",123
"212041",123
"6B6C61",123
"9B2069",123
"2E2049",123
"A672CC",123
"496869",123
"65686D",123
"A3612E",123
"756E61",123
"6B616C",123
"A3203B",122
"3A2055",122
"6D6465",122
"A32D6E",122
"A375C9",122
"626265",121
"A3696C",121
"676775",121
"612021",121
"672D77",121
"A32D77",121
"206D62",121
"6C6573",121
"2C2020",120
"746167",120
"656D73",120
"656668",120
"796177",120
"656320",120
"A37ACC",120
"68696D",119
"616767",119
"8C656E",119
"757375",119
"752C20",119
"626C65",119
"204D75",119
"A36168",118
"A6616D",118
"A37365",118
"A6616B",118
"647265",118
"6C7420",118
"692062",118
"7769C9",118
"787461",118
"696220",118
"2E2053",117
"6D7573",117
"6C6574",117
"A66177",117
"776163",117
"A6656D",117
"A369C9",117
"A3616D",116
"617267",116
"676164",116
"6C2D6E",116
"A32021",116
"9B6573",116
"A32D74",116
"6368CC",116
"4D7573",116
"616869",115
"642052",115
"A66573",115
"6D6964",115
"617274",115
"207A65",115
"59656E",115
"77206E",115
"A36661",115
"616C2C",115
"6D626C",115
"4B7261",115
"616461",114
"6C612D",114
"742D74",114
"616665",114
"657362",114
"A66E61",114
"6E6174",114
"642063",114
"666174",113
"7761C9",113
"207468",113
"6B2D69",113
"686465",113
"656C74",113
"6E74CC",113
"69732D",113
"596568",112
"65722D",112
"65666C",112
"9B206E",112
"556C61",112
"737566",112
"CCA678",111
"6E656A",111
"617A6D",111
"69772C",111
"596977",111
"792067",111
"2065C9",111
"65636D",110
"2D732C",110
"6D617A",110
"727520",110
"73732D",110
"2E2059",110
"A37265",110
"2C2072",109
"6E742C",109
"612D6B",109
"612D69",109
"656868",109
"6D6177",109
"6E6564",109
"A32077",109
"746164",108
"77692D",108
"72697A",108
"776168",108
"CCA66B",108
"796972",108
"6EC99B",108
"6E6E62",107
"206E77",107
"657A64",107
"757465",107
"642062",107
"7161C9",107
"9B612C",107
"2E2044",107
"717420",106
"646D69",106
"9B6572",106
"2D746E",106
"756675",106
"726966",106
"207467",106
"756C69",106
"A36174",106
"6E756E",106
"204174",106
"626173",105
"622069",105
"692072",105
"20747A",105
"6B2073",105
"9B696E",105
"412077",105
"61203F",105
"207477",105
"697269",105
"446920",105
"642042",104
"6666C9",104
"75732D",104
"7573CC",104
"9B6675",104
"757162",103
"6C206C",103
"656E62",103
"75742C",103
"2D732E",103
"2D6978",103
"736D65",103
"7172CC",103
"62756E",103
"9B6574",103
"2D6963",103
"8C7572",103
"72616D",102
"756420",102
"662061",102
"67692E",102
"A675C9",102
"7A6979",102
"616B74",102
"7A7A65",102
"C99B7A",102
"9B6571",102
"746577",102
"642D61",102
"616620",101
"A67865",101
"636963",101
"A37564",101
"3F2041",101
"75642D",101
"686567",101
"647269",101
"A67165",101
"6C6566",101
"63206E",100
"757369",100
"6C6564",100
"65626C",100
"8C6E61",100
"746765",100
"6B7461",100
"732D6E",100
"A36D65",100
"20416D",100
"732D61",100
"206275",100
"7961C9",100
"657874",100
"6D6172",99
"69742E",99
"75736E",99
"717361",99
"742D79",99
"656EC9",99
"9B6461",99
"612042",99
"656B63",99
"6B72CC",99
"6375C9",99
"2C2068",99
"6C616B",99
"A36167",99
"6E6967",98
"636D65",98
"2D616B",98
"2C2062",98
"204E65",98
"53656D",98
"72206B",98
"205365",98
"696E2E",98
"204269",97
"756B6C",97
"A3696D",97
"6B696E",97
"746568",97
"72696D",97
"646972",97
"A66174",97
"65722C",96
"696B6C",96
"7220C9",96
"207473",96
"696B65",96
"72696E",96
"6C7165",96
"79612D",96
"6C6166",96
"64204C",96
"A36162",95
"6C6B65",95
"736162",95
"636972",95
"636568",95
"616D6B",95
"206168",95
"A36179",95
"687564",94
"A66564",94
"716369",94
"632061",94
"757ACC",94
"642D77",94
"672061",94
"666564",93
"9B6562",93
"6C692C",93
"202C20",93
"657377",93
"656C2C",93
"6572C9",93
"6C612C",93
"204962",92
"72206D",92
"726574",92
"696261",92
"6C6461",92
"636974",92
"A36C65",92
"65686E",92
"2D69C9",92
"A36861",92
"A36964",92
"747761",92
"6B2D6E",92
"692042",92
"9B756C",91
"6B7465",91
"9B7165",91
"657979",91
"A36E61",91
"68616D",91
"746179",91
"677265",91
"2D7373",91
"3B2064",91
"6E75C9",91
"776973",91
"732D65",90
"4174CC",90
"206E73",90
"C99BC9",90
"9BC99B",90
"666675",90
"7472CC",90
"692071",90
"6D7465",90
"3A2049",90
"6E2041",90
"626979",89
"6365C9",89
"6D612C",89
"756D61",89
"692D79",89
"C99B6C",89
"446179",89
"757472",89
"202820",89
"20757A",89
"737769",89
"65736B",89
"6C61C9",89
"756265",88
"204D65",88
"6C6B20",88
"696B2C",88
"657162",88
"3A2053",88
"A3612D",88
"3A2054",88
"C2BB20",88
"6564C9",88
"207564",88
"45C99B",88
"A6656B",88
"736C65",88
"3A2061",88
"9B6920",88
"A67365",88
"2C207A",88
"616D6E",88
"6E6568",88
"204461",87
"A36962",87
"756765",87
"416420",87
"636574",87
"726172",87
"6E6572",87
"2D656B",87
"416E77",87
"64696D",87
"737961",87
"6B6B72",87
"2063CC",87
"74203B",86
"6C2073",86
"647520",86
"6B206E",86
"736E61",86
"632D6E",86
"7475C9",86
"657A7A",86
"747573",86
"616472",86
"616275",86
"73656B",86
"752079",86
"67696E",86
"A32052",86
"746973",86
"746E61",86
"61742C",86
"627572",86
"6D72CC",86
"656D6B",85
"696C2C",85
"637420",85
"736173",85
"726564",85
"696865",85
"6B6D65",85
"6C6173",85
"7A7578",85
"5965C9",84
"205961",84
"6E7961",84
"6D696D",84
"A62D69",84
"6B6573",84
"6E204A",84
"A361C9",84
"6C6661",84
"4E656B",84
"64756B",84
"656772",84
"6B7265",84
"596572",84
"69642C",83
"616D2C",83
"697374",83
"736C69",83
"CCA371",83
"207374",83
"776567",83
"677572",83
"2D6966",83
"7A7A69",83
"6D7361",83
"9B6963",83
"616E77",83
"A66574",83
"436369",83
"6E6571",83
"532077",83
"752064",83
"616368",83
"742E20",83
"416375",83
"206365",83
"496272",82
"712C20",82
"65786C",82
"67616E",82
"2D692C",82
"207379",82
"206166",82
"204163",82
"772061",82
"A6656E",82
"757A7A",82
"666568",82
"204179",82
"6E6163",81
"7A72CC",81
"4D2761",81
"6D2775",81
"9B2061",81
"736E69",81
"9B6964",81
"736665",81
"717562",80
"8C616E",80
"692066",80
"776164",80
"20736E",80
"656A64",80
"C99B2C",80
"A37975",80
"6B7365",79
"61776C",79
"7461C9",79
"204363",79
"A3696E",79
"797961",79
"727320",79
"205469",79
"777775",79
"6B612C",79
"C99B72",79
"205465",79
"A36B61",79
"62696C",78
"656672",78
"647320",78
"656764",78
"206775",78
"696B63",78
"6A6572",78
"77C99B",78
"6D6563",78
"9B2C20",78
"A3616B",78
"6D203F",78
"9B7461",78
"65716C",78
"61632D",78
"576964",78
"716C2D",78
"73756C",78
"65642C",77
"64204D",77
"657264",77
"62656D",77
"79612E",77
"3B2069",77
"746177",77
"6E2049",77
"79616E",77
"7268CC",77
"756D75",77
"6C2075",77
"6DC9A3",77
"616269",76
"747365",76
"204D69",76
"7A6572",76
"2D6B6B",76
"732053",76
"642068",76
"717165",76
"CCA364",76
"6B2075",76
"697A6D",76
"612072",76
"717120",76
"6E7369",76
"696C75",75
"202061",75
"742D73",75
"747165",75
"2E204C",75
"726567",75
"747265",75
"72742C",75
"6E2071",75
"686E61",75
"2D68CC",75
"6967CC",74
"632C20",74
"69772E",74
"6D2D6E",74
"3A204D",74
"74696D",74
"A66B65",74
"A37579",74
"A66172",74
"416D65",74
"756665",74
"204C65",74
"61204D",74
"7A2D61",74
"A36974",74
"9B65C9",74
"8C696C",74
"9B6177",74
"2E2054",74
"207A69",74
"7A696B",74
"616C2E",73
"9B7520",73
"3B2079",73
"676173",73
"61772D",73
"6C612E",73
"9B656C",73
"6E612E",73
"646472",73
"7A697A",73
"9B7175",72
"732052",72
"732D74",72
"206EC9",72
"A32066",72
"776974",72
"A364CC",72
"626972",72
"622064",72
"656372",72
"6E7520",72
"792069",72
"63656B",72
"8C6120",72
"204669",72
"9B6977",72
"8C612D",71
"6672CC",71
"692049",71
"697864",71
"6B206C",71
"3B2074",71
"646865",71
"6C7865",71
"A36177",71
"626568",71
"646420",71
"64612D",71
"666861",71
"742053",71
"CCA363",71
"6E6765",71
"777764",71
"9B7A69",71
"CCA664",71
"776178",70
"726665",70
"20496D",70
"786562",70
"6220C9",70
"736172",70
"20756E",70
"722D69",70
"6E742E",70
"7A6564",70
"65676D",70
"732D79",70
"6E756D",70
"73736E",70
"632069",70
"67206E",70
"42696C",70
"756E2E",69
"A32020",69
"756D6D",69
"204A6C",69
"4A6C69",69
"204164",69
"6E2D65",69
"A36563",69
"696665",69
"CCA666",69
"6D2062",69
"A62061",69
"20616A",69
"646964",69
"646562",69
"A32062",69
"6C6962",69
"64756D",69
"696E75",69
"737573",69
"692078",69
"6D7365",68
"667261",68
"207471",68
"716979",68
"657474",68
"746265",68
"677A65",68
"736B65",68
"727220",68
"64C99B",68
"9B72CC",68
"3B2073",68
