"73CC88",31073
"C3AB6E",26115
"206368",24033
"7473CC",22460
"AB6E67",21504
"6E6761",19493
"616E61",17479
"616D61",16929
"6E6120",16849
"6E7473",15783
"C3A120",14487
"6368C3",13558
"626520",13315
"676120",13222
"612C20",13072
"612063",12864
"68C3AB",12851
"636861",11425
"6EC3BF",11263
"CC8861",11195
"42C3AB",9964
"6D6120",9625
"C3AB20",9562
"2042C3",9508
"636120",9431
"6E6762",9377
"C3B165",9254
"206361",9030
"747365",8913
"656E74",8400
"B16520",8149
"207920",8071
"206E64",8023
"C3BF65",7592
"6A7473",7573
"676265",7554
"616E67",7503
"612074",7444
"C3AB74",7370
"616EC3",7261
"6A616E",7193
"747361",7049
"AB7473",7039
"6D6E61",6774
"CC88C3",6603
"6F6A61",6394
"63C3A1",6353
"20746F",6173
"C3A16E",6159
"6F7965",5925
"796520",5901
"617473",5882
"652063",5808
"6EC3A1",5658
"207473",5637
"79C3AB",5495
"2C2063",5325
"7473C3",5248
"20656E",5245
"652042",4976
"6D6F6A",4972
"CC8865",4940
"61206A",4913
"746F6A",4900
"C3ABCC",4804
"ABCC81",4804
"61206E",4800
"6EC3AB",4789
"616265",4779
"6E616D",4777
"6E612C",4762
"6E646F",4719
"612073",4709
"6F6A74",4634
"616361",4554
"667461",4523
"6D6F20",4507
"79616E",4460
"652074",4399
"616368",4269
"616D6F",4264
"656E61",4261
"612079",4215
"6E6461",4175
"73656D",4155
"88616E",4149
"2062C3",4140
"74616E",4129
"88C3AB",4087
"6E616E",4073
"736F79",4070
"63616E",4025
"20736F",4024
"627561",4006
"6FC3B1",4005
"6AC3A1",3969
"646FC3",3816
"2073CC",3816
"BF6520",3815
"73C3A1",3797
"206D6F",3774
"617961",3740
"6DC3AB",3735
"656D6E",3681
"616674",3681
"6179C3",3655
"6F6368",3645
"886520",3601
"20796F",3586
"62C3AB",3577
"CC886D",3561
"206A74",3542
"6D616E",3452
"696EC3",3384
"6A7561",3346
"62C3A1",3270
"69C3B1",3256
"617965",3255
"676166",3245
"206EC3",3232
"6E6179",3211
"6F7261",3187
"206E74",3179
"6F2063",3168
"73C3AB",3164
"6D612C",3115
"C3A12C",3096
"75C3A1",3084
"792063",3073
"A12C20",3070
"886D6F",3043
"612E20",3029
"646179",3013
"20746D",2980
"612062",2979
"746D6F",2977
"652062",2963
"4A6573",2961
"A12063",2961
"657473",2946
"2C2079",2890
"652073",2883
"636863",2882
"686361",2873
"6F79C3",2872
"6F6D6E",2866
"206A61",2815
"88616D",2806
"626961",2793
"6F6AC3",2764
"61206D",2757
"2C206E",2750
"65206E",2749
"CC8862",2702
"204A65",2698
"A16E61",2684
"6A616D",2682
"69616D",2677
"686120",2669
"C3A173",2658
"612065",2636
"C3A162",2636
"747363",2617
"20E280",2608
"206261",2603
"756162",2586
"652C20",2576
"6D6F6E",2559
"65206A",2549
"6E6163",2532
"68616D",2523
"6E6A61",2515
"62656E",2488
"6D612E",2448
"717565",2432
"C3A174",2422
"886162",2407
"68616E",2387
"6162C3",2382
"6E612E",2378
"206174",2378
"68C3A1",2333
"736162",2328
"62696F",2309
"75616E",2295
"BF6574",2274
"6F7473",2266
"CC816E",2265
"207561",2253
"6F73CC",2244
"636865",2229
"6F6E74",2217
"88C3A1",2164
"61206F",2152
"626F6D",2147
"736562",2144
"73616D",2129
"6F6361",2127
"696F79",2124
"736361",2114
"6573C3",2089
"A12074",2083
"C3BA73",2070
"796F6A",2069
"207175",2064
"636E61",2058
"6D6F63",2050
"73C3BA",2039
"626F6A",2033
"79C3A1",2028
"206F72",2024
"61626E",2015
"6F6E6A",2000
"686162",1996
"6DC3A1",1971
"3A20E2",1920
"74736F",1907
"6E64C3",1903
"656EC3",1896
"C3AB73",1894
"75616D",1853
"206DC3",1851
"6F6E64",1847
"63612C",1843
"C3BF61",1831
"676269",1809
"756174",1807
"652079",1800
"612069",1798
"20696D",1795
"63612E",1791
"206A75",1782
"726F20",1780
"746520",1772
"726120",1760
"20626F",1757
"204368",1756
"6F6265",1750
"636163",1750
"75656E",1742
"626163",1740
"6E6775",1723
"65626F",1711
"616E6A",1701
"696D6F",1694
"626E61",1690
"6275C3",1690
"74626F",1689
"207462",1687
"65726F",1680
"73616E",1678
"613B20",1636
"4368C3",1633
"BA7320",1626
"616275",1617
"C3A163",1587
"C3AB6D",1585
"616DC3",1560
"656D70",1558
"746163",1548
"613A20",1543
"612061",1539
"65206F",1526
"A12079",1520
"756179",1517
"64C3AB",1517
"79656E",1516
"6E6AC3",1511
"65206D",1509
"C3A16D",1499
"616D6E",1493
"6163C3",1480
"656E67",1478
"6D616D",1476
"62616E",1474
"886275",1467
"636869",1462
"656361",1462
"756163",1459
"732074",1453
"656D61",1448
"68656E",1448
"207465",1425
"72612C",1423
"C3A96E",1423
"626EC3",1420
"652065",1417
"796562",1414
"646120",1412
"20636F",1410
"E28094",1408
"65C3B1",1399
"6D6F74",1397
"616E74",1395
"2E2043",1394
"756172",1393
"AB6E61",1386
"726520",1382
"746F6E",1374
"C3A12E",1369
"6265C3",1366
"6E613A",1361
"AB6E74",1356
"816E67",1349
"747320",1344
"617461",1334
"796563",1333
"616E69",1333
"616E6F",1322
"2073C3",1322
"616D62",1316
"6C7561",1315
"707565",1309
"206C75",1308
"AB7365",1291
"746120",1289
"6E63C3",1288
"A1206A",1287
"67612C",1281
"61636E",1277
"207075",1276
"A16368",1276
"652061",1266
"652075",1258
"75656D",1257
"AB6D62",1255
"74C3A1",1250
"6F206E",1247
"68616F",1203
"E2809C",1200
"A17473",1197
"736861",1193
"626F6E",1183
"747369",1179
"79616D",1178
"73656E",1176
"206AC3",1174
"7569C3",1167
"AB2062",1151
"A1206E",1151
"6A6162",1150
"206D61",1149
"612042",1149
"6F2074",1147
"696368",1144
"74656D",1142
"C3AD6E",1142
"886120",1133
"617368",1126
"61626F",1123
"637561",1122
"BF656E",1108
"A17320",1104
"656275",1098
"CC886F",1093
"656E64",1092
"756572",1090
"2E2020",1088
"2C2042",1085
"626F73",1083
"657274",1074
"656D20",1060
"657375",1058
"616269",1057
"6173CC",1056
"746265",1055
"697961",1054
"79206E",1054
"63686A",1052
"6A6179",1052
"6D6EC3",1029
"206375",1018
"6F636E",1012
"E2809D",1011
"686979",1011
"6E6465",1002
"6AC3B3",1000
"6AC3A9",992
"696E61",991
"AD6EC3",991
"74C3AB",989
"AB206E",989
"2C2074",985
"65676F",982
"627265",982
"6F6D62",979
"612075",979
"676F6D",977
"A16D61",971
"206F73",969
"626F63",966
"A16269",965
"686A61",965
"6D6272",964
"74616D",962
"C3A920",962
"646567",961
"20696E",959
"616E64",956
"686F72",952
"73652C",952
"726973",950
"6E6174",949
"6E646D",944
"61696E",939
"C3A974",935
"AB6E6A",934
"746174",934
"656A75",929
"706572",927
"6AC3AB",925
"C3BF69",925
"72656E",923
"62C3A9",916
"616261",911
"737462",903
"886265",897
"646DC3",897
"6D626F",895
"6F6E61",893
"A97473",890
"AB2073",888
"6F6EC3",886
"73746F",882
"612070",882
"626179",878
"C3B362",873
"736865",871
"206C65",871
"2C206D",867
"61204A",861
"CC8174",855
"652071",854
"72C3AD",853
"64C3A1",850
"207368",850
"7368C3",845
"2C2065",844
"732063",842
"A16265",842
"A16EC3",840
"6F2C20",837
"506572",837
"2C2061",836
"636874",833
"697374",830
"A12073",830
"2C2062",827
"727465",825
"6D6261",821
"73686A",817
"737563",815
"756372",815
"63686F",815
"746A61",811
"62656D",806
"A12065",804
"617265",803
"20C3AD",801
"697965",794
"61C3B1",792
"746162",788
"746F20",785
"3B2079",784
"A16E74",784
"20616D",784
"69C3AB",782
"736574",778
"AB2074",763
"796F6D",763
"206F62",754
"207065",752
"652069",751
"667473",750
"6A6174",750
"656368",749
"686173",749
"68656D",748
"616E63",742
"736572",742
"6E7461",741
"636F6E",738
"652055",733
"6EC3B3",726
"657220",724
"6979C3",717
"206265",716
"417473",716
"A12E20",715
"736520",714
"646F63",709
"AB6E64",709
"687473",708
"792074",704
"626F20",702
"AB2063",701
"676E61",701
"206F79",700
"6E676E",699
"636D6F",698
"C3AD73",697
"6E6162",696
"AD7374",691
"6E7465",689
"BF616E",687
"6E656E",686
"206563",684
"676163",681
"C3B379",680
"706F20",677
"6E613B",676
"616E6D",676
"206572",672
"736174",671
"204372",669
"206163",664
"A17461",663
"2C204A",659
"63686E",659
"6F2079",655
"61746A",653
"6D613B",652
"63616D",651
"C3AB6A",650
"207061",648
"206673",648
"205920",648
"6E676F",647
"79652C",647
"AB2042",645
"736F62",638
"206169",636
"747362",634
"436863",632
"616F74",631
"557461",630
"626F79",626
"A16E67",626
"6A616A",623
"706520",622
"6863C3",622
"757361",622
"6E69C3",622
"6174C3",620
"6E6F79",619
"206A6F",617
"6D706F",617
"74736A",612
"43686F",612
"61206C",612
"6D206C",612
"65626E",611
"616974",610
"C3BF6E",609
"592063",608
"67616D",606
"207463",604
"686520",600
"3B2063",599
"686163",598
"205574",598
"C3B36E",595
"6A6173",594
"A17365",591
"6D626E",591
"6E6462",591
"6F626F",588
"2EE280",588
"652E20",587
"6F2042",585
"A17361",585
"6E6979",582
"6D7065",581
"207965",580
"736E61",578
"6E6763",578
"6763C3",578
"6A7564",577
"6469C3",577
"612EE2",577
"B36261",577
"636173",576
"A96E61",571
"677569",569
"747261",569
"756469",567
"6D6174",566
"617365",565
"6D6173",562
"652070",560
"2C2070",556
"6D7561",555
"817473",555
"73656A",555
"72C3AB",555
"6E6D61",551
"746179",550
"20C3A1",548
"6F7365",547
"6A696E",547
"207961",546
"736F73",546
"637565",545
"C3B1C3",543
"A1206F",539
"656D62",537
"6F2062",535
"656674",534
"6F63C3",533
"CC8179",529
"657461",528
"6F7961",527
"817961",527
"C3AB66",526
"6E746A",526
"C3A13A",525
"656C6F",520
"636F63",519
"6C656D",518
"C3AB62",517
"617374",517
"6A75C3",516
"6372C3",516
"2075C3",515
"6D62C3",515
"205065",513
"437269",511
"6A6F62",509
"746AC3",509
"A13A20",504
"736963",504
"657368",503
"677561",500
"636820",500
"686E61",499
"626C6F",496
"677565",494
"809D20",494
"206962",491
"6E6173",490
"A12062",490
"6F6A6F",484
"756562",484
"74736D",483
"206275",480
"436861",478
"6D6F72",475
"75C3AB",474
"207461",472
"656E6F",472
"7175C3",469
"617175",469
"6F206A",468
"6D6E63",467
"717569",466
"6A6F6E",466
"6DC3B3",465
"886F6E",464
"616A61",463
"63613F",463
"61646F",461
"6A656E",461
"6164C3",460
"6F2061",459
"736120",457
"74C3A9",457
"676F20",456
"657276",454
"756166",454
"636174",452
"79652E",452
"C3A179",452
"6A6E61",451
"626F74",451
"65626C",450
"61E280",449
"BF6120",449
"20C2BF",448
"646F20",447
"736DC3",445
"612066",443
"2061C3",443
"AB2075",442
"612071",441
"B37965",441
"A1206D",440
"AB206A",439
"C3A166",439
"6C6F63",438
"6A7461",438
"796120",436
"656DC3",435
"6361E2",435
"636175",432
"617573",432
"616C61",430
"C3B161",430
"6E626F",429
"5473CC",429
"626574",428
"6D63C3",428
"206F20",428
"A16674",427
"766964",426
"6F6A75",426
"6F2073",425
"6E6A75",424
"73C3B3",423
"BF6E61",423
"6E696E",423
"796162",423
"7363C3",423
"816E74",421
"656E63",421
"6673C3",419
"636F72",418
"C3A16A",417
"C3AD79",416
"6974C3",415
"6573CC",414
"CC8863",414
"656E6A",411
"6869C3",407
"20636D",407
"C3A13B",405
"88656E",404
"65206C",403
"6F7265",403
"2E2059",401
"BF69C3",400
"C3A973",398
"207669",398
"206E69",397
"726974",396
"AD7965",396
"2C2073",396
"436865",396
"79656A",396
"C3ADC3",396
"ADC3B1",396
"6120C3",396
"63626F",394
"202031",394
"AB206D",393
"792062",393
"6F206F",391
"61726F",391
"706164",391
"7370C3",390
"6C656E",389
"75C3A9",388
"732079",387
"657965",386
"736566",385
"816E64",385
"68C3AD",384
"6E6920",384
"616461",382
"616E62",382
"736979",382
"70C3AD",381
"C3BFC3",380
"70616C",379
"A12069",377
"C3AD72",377
"AD7269",375
"B1652C",374
"613F20",373
"792061",372
"417320",371
"206E61",371
"696461",371
"A13B20",368
"726162",368
"73696E",368
"796F63",368
"757961",367
"2063C3",366
"6C6162",366
"6C6F20",365
"206362",365
"657363",365
"6F6261",364
"626120",364
"616272",363
"A12061",362
"6E6475",361
"A16E64",360
"6574C3",359
"A1626F",358
"736265",357
"A16E69",354
"6F6D61",354
"686AC3",353
"636F6A",353
"746573",353
"68C3A9",352
"63686D",352
"626F62",351
"726F63",351
"746D61",351
"AB6674",346
"B1C3A1",346
"69626F",345
"686174",344
"206465",342
"79206D",341
"204573",339
"736573",339
"73C3A9",338
"62616D",338
"C3B320",338
"6E6A6F",338
"726E61",338
"696D70",338
"AB2065",336
"636EC3",336
"722063",333
"63656C",333
"88C3A9",332
"886174",332
"61C3AD",331
"6E7368",331
"6C616E",330
"6C6579",330
"616D63",330
"756173",329
"6D656E",328
"75616A",328
"CC8173",328
"736AC3",327
"653B20",327
"636162",325
"636265",324
"6F7175",323
"6F7368",323
"206A65",322
"657374",321
"736163",321
"616A75",321
"207472",320
"6E6F62",319
"65756E",316
"73626F",316
"C2BF4E",315
"617361",315
"617320",314
"C3A96D",314
"756573",314
"706F63",314
"616362",313
"2E2041",313
"2C206A",313
"646164",313
"202032",313
"6E67C3",311
"61736E",310
"637269",309
"6272C3",309
"64616E",308
"6E6F63",308
"4E6461",308
"792042",308
"C3AB63",307
"686A6F",307
"206A69",307
"657365",307
"707265",306
"736375",305
"AB20C3",303
"207574",303
"686F63",302
"616C65",302
"207365",302
"457370",301
"C3B363",301
"A96E64",301
"886D61",301
"696369",300
"C3A175",300
"626579",299
"546169",298
"4E6465",297
"6F6E73",296
"666A61",295
"6172C3",294
"206365",293
"6F2065",293
"737473",293
"204A75",292
"757461",292
"696120",292
"6F206D",289
"612045",288
"8094C2",288
"CC886E",287
"6D7072",287
"6F6DC3",286
"6369C3",286
"A16275",286
"2E204E",286
"6520C3",285
"A12042",285
"736179",283
"732C20",283
"646572",283
"64626F",282
"61746F",281
"686EC3",280
"696361",280
"886F6A",280
"732062",279
"626173",278
"792073",278
"B1652E",277
"A1204A",277
"796F6E",277
"AB73CC",277
"737175",276
"6173C3",274
"626169",274
"6F726E",274
"6F204A",274
"6E6F6E",273
"64656C",273
"626563",273
"61746D",272
"652064",271
"74656E",271
"736269",270
"205461",269
"55C3A1",268
"636875",268
"656E65",267
"627261",266
"AB2069",266
"6E74C3",266
"205361",265
"64C3B3",265
"6A6163",265
"AB2055",264
"616A6F",264
"6D6F6D",264
"6D7061",264
"2055C3",263
"732075",263
"617969",263
"C3AD61",262
"A17965",262
"886269",262
"73612C",262
"CC8869",261
"4E646F",261
"6F62C3",260
"727665",260
"746963",259
"652076",259
"6D6275",259
"3B2070",259
"706173",258
"6F7565",258
"4E7473",257
"457220",257
"204174",256
"657270",256
"A92063",255
"CC8166",255
"746A6F",255
"63C3B1",255
"AB6A61",254
"6563C3",254
"697365",254
"61666A",254
"4EC3BF",254
"756520",254
"746169",253
"6F6275",253
"B1616D",253
"817461",253
"617269",252
"AB206F",251
"697475",251
"756E61",250
"204E64",250
"617371",250
"79206A",249
"BF696E",249
"A16A61",249
"61626C",249
"616A6E",247
"6A6120",247
"E28098",247
"E28099",247
"AB7368",247
"76656E",247
"74636F",247
"6375C3",246
"746F62",245
"BF4E64",244
"AB206C",244
"657920",243
"9D20E2",243
"206173",243
"656D6F",243
"6F7461",242
"2C20C2",242
"6CC3AB",241
"756171",241
"A16E62",241
"A17368",240
"73652E",240
"756574",239
"206963",239
"6E6F74",238
"737469",238
"73616C",237
"506162",237
"737465",236
"A12071",236
"617561",235
"796E61",234
"207374",234
"626F75",233
"62C3B3",233
"746269",233
"657261",233
"202033",233
"62616A",232
"886E61",231
"204D6F",231
"687561",231
"C3A92C",230
"6D696E",229
"A92C20",229
"204361",229
"88652C",229
"6F7561",228
"7974C3",228
"2E2050",228
"747520",228
"B3626F",228
"205561",227
"656C61",226
"74736E",226
"80944A",225
"73616A",225
"726F79",225
"69C3A1",224
"626174",224
"756E67",224
"756375",224
"726164",224
"6A6175",224
"616E65",223
"BF6979",223
"20626E",222
"206372",222
"6E6265",221
"809C43",221
"67C3A1",221
"626F2C",221
"67656C",220
"A96E74",220
"206E67",219
"6E6765",219
"BF616D",219
"6E676D",219
"637563",219
"436163",219
"626E65",219
"616AC3",219
"727461",219
"2C20C3",218
"6F7061",217
"65666A",217
"686DC3",217
"204D61",216
"816674",216
"64616D",216
"617462",215
"204173",215
"746967",215
"62696E",215
"C3B374",215
"616F6E",215
"CC816A",215
"617465",214
"7969C3",214
"944A65",214
"667269",214
"616D65",213
"6120E2",212
"6E6369",212
"BFC3A9",211
"6A6573",210
"726F6E",210
"64726F",210
"656F63",209
"6562C3",209
"636164",209
"2C2043",209
"205061",209
"61796F",208
"6F706F",208
"736368",208
"6F6963",207
"732073",206
"94C2BF",205
"796979",205
"616D75",204
"456E74",204
"737566",204
"20706F",204
"796575",203
"6775C3",203
"6A6F79",203
"886F63",203
"6E7472",203
"207361",202
"BA7362",202
"79204A",201
"B379C3",201
"67612E",200
"63613B",200
"6E6566",200
"4A6572",199
"686F79",199
"C3B36A",199
"6A6F75",199
"656472",199
"204973",198
"61636D",198
"2E2042",197
"506564",197
"666A75",197
"756672",197
"6F6D69",196
"6A6F70",196
"B36361",196
"65204A",195
"8863C3",195
"65636F",193
"A97361",193
"6DC3B1",193
"4A7561",193
"AB2061",193
"43616E",193
"76C3A9",193
"636121",193
"697461",192
"207265",192
"657275",192
"207469",192
"6C6573",192
"6861C3",191
"7276C3",191
"206269",191
"6F73C3",190
"727573",190
"736261",190
"74636D",190
"737573",189
"69796E",189
"68696E",189
"686563",189
"732070",188
"656261",188
"736F6D",188
"616375",188
"6A6F20",188
"63C3A9",188
"20C3BA",187
"612043",187
"AB204A",186
"206162",186
"617474",186
"736869",185
"617974",185
"636F20",185
"6D6F62",185
"756564",184
"747473",184
"886574",184
"C2BF6E",184
"657370",184
"BF6163",183
"C3B373",182
"756120",180
"206573",180
"C3B372",180
"AB2070",180
"73204A",179
"636179",179
"809463",179
"7963C3",179
"737461",179
"72616D",178
"73636F",178
"946368",178
"70726F",178
"A16361",178
"6462C3",178
"817368",177
"A1746D",177
"68C3B3",177
"69616E",177
"757362",176
"6DC3A9",176
"667368",175
"206D75",174
"6F7469",174
"657264",174
"617579",174
"4372C3",174
"676DC3",173
"63726F",173
"6C6F79",172
"B36A75",172
"646F6E",172
"6E6375",171
"6F6A69",170
"C3A972",169
"616E75",167
"626E6F",167
"6F6674",167
"6E7565",166
"809CC2",166
"B1656D",166
"6A6261",166
"20456E",166
"8869C3",165
"6A6F73",165
"206E6F",165
"4D6F69",165
"6F6973",165
"70C3A1",164
"616F6A",164
"652066",164
"736570",163
"647561",162
"C3A96A",161
"A96A61",161
"3B206E",161
"652054",161
"6F6A65",160
"A16D6E",160
"A92079",159
"AB6AC3",159
"74612C",159
"626162",158
"556171",158
"636961",158
"746F63",157
"809C4E",157
"9C4368",156
"72612E",156
"73206A",155
"653A20",155
"72206E",155
"616465",155
"72706F",155
"6D6F73",155
"792069",154
"686169",154
"6E6A69",153
"7920C3",152
"6C6461",152
"517565",151
"646265",151
"616E73",151
"796F62",151
"616A62",151
"657469",151
"72616E",151
"206975",151
"736569",151
"816A75",151
"204162",150
"809441",150
"792065",150
"736F6C",150
"6F6C64",150
"63656E",150
"697368",149
"6AC3AD",149
"A17961",149
"202034",149
"61636F",148
"6C6C61",148
"B36EC3",148
"657361",148
"6A6F63",148
"6F2069",148
"AB6275",148
"BF6573",148
"20C2A1",148
"646163",147
"616E20",147
"626172",147
"416272",146
"726168",146
"617261",146
"6F6465",146
"6E6469",146
"746362",146
"696F6E",146
"6E6963",145
"3B2061",145
"75656F",145
"6F6269",145
"CC816D",145
"6A61C3",145
"612050",145
"656C20",144
"75696E",144
"617061",144
"6E6F73",142
"A17561",142
"61656C",141
"6F746A",141
"A17579",141
"646F62",141
"6F74C3",141
"64656E",141
"2E204D",140
"6E6F70",140
"6D7565",140
"B37261",140
"7374C3",140
"74696A",140
"886DC3",140
"646563",140
"C3A169",139
"746979",139
"AB6D75",139
"696F63",138
"205473",138
"73746A",137
"676F2C",136
"726579",136
"79653B",136
"BF6E64",136
"706120",136
"BF6EC3",135
"C3A964",135
"626C65",135
"A96DC3",135
"809C41",135
"2C2071",135
"6C6173",135
"6F2E20",134
"646F73",134
"205369",134
"6362C3",134
"612120",133
"72646F",133
"A96EC3",133
"737261",132
"726165",132
"2C206F",132
"59206E",132
"67616E",132
"A16D75",132
"6AC3BA",131
"722042",131
"6F7273",130
"727363",130
"20616E",130
"616D69",130
"766573",130
"AB2066",130
"20756E",130
"6673CC",129
"646573",129
"206D65",129
"67C3B1",129
"656269",129
"6F6E67",129
"A1746F",129
"65696D",129
"B36E20",128
"497372",128
"656461",128
"809442",128
"B36E61",128
"746E61",127
"796170",127
"4A7564",126
"686175",126
"2C206C",126
"722062",126
"666965",126
"6D2062",126
"746A65",125
"886179",125
"6F746F",125
"6269C3",125
"6D6F79",125
"7274C3",125
"CC8163",124
"692063",124
"2C2050",124
"886566",123
"736F6E",122
"696265",122
"732061",122
"BFC3A1",122
"4E64C3",122
"AD6173",121
"656365",121
"204A6F",120
"2C2053",120
"6EC3A9",120
"6A6F74",119
"9C4E64",119
"69676F",119
"C3BA74",119
"BF6162",119
"616F6D",119
"6F70C3",119
"416361",118
"73206D",118
"626CC3",118
"73686E",118
"697561",118
"A16E65",117
"682074",117
"59204A",117
"6579C3",117
"636A61",117
"A12045",116
"666172",116
"792075",116
"686A75",115
"4DC3AB",115
"657265",115
"6D75C3",115
"736275",114
"206661",114
"AB6261",114
"736173",114
"536174",114
"746F2C",114
"6F2071",113
"59206D",113
"73206E",113
"207369",112
"616C69",112
"6674C3",112
"726563",112
"6F3A20",112
"792079",111
"6A7569",111
"3F20C2",111
"886562",111
"657362",110
"4D6172",110
"70616D",110
"76C3AD",110
"73206F",110
"656375",110
"204EC3",110
"636269",110
"612076",110
"706F72",109
"2050C3",109
"6D613A",108
"706F64",108
"B1C3AB",108
"666368",108
"73612E",108
"627569",108
"612041",107
"A1696E",107
"A12075",107
"C3A963",107
"AB6A75",107
"686574",107
"6E61C3",106
"6E7469",106
"20746A",106
"736F70",106
"696A61",106
"6E6F6A",106
"79206C",106
"80944E",106
"BF652C",106
"3B2065",106
"C3BF73",106
"BF73C3",106
"646963",106
"646162",105
"6E2063",105
"79C3A9",105
"B37368",105
"6F726D",105
"BF6179",105
"AD6120",104
"204265",104
"736563",104
"AB746A",104
"6E746F",104
"B32063",104
"AB2043",103
"6A6164",103
"61696D",103
"726961",103
"696F73",103
"61C3B3",103
"617963",103
"6D6F3A",103
"63696F",103
"6D6265",102
"204572",102
"AB6EC3",102
"747374",102
"202035",102
"656C69",101
"65746F",101
"6A6963",101
"6D6162",101
"736A61",101
"67613B",100
"656C6C",100
"206F6E",100
"204761",100
"79653A",100
"722061",100
"666A6F",100
"696C61",100
"204261",99
"809C42",99
"656CC3",99
"C3AB79",99
"646F72",99
"2C2069",99
"74C3B3",99
"9CC2A1",99
"2E2054",99
"696573",99
"204461",98
"7361C3",98
"75C3AD",98
"C3AB75",98
"6475C3",98
"736575",98
"88636F",98
"796179",98
"206669",98
"AB666A",97
"809443",97
"6973C3",97
"A12070",97
"637275",97
"646F79",96
"726D61",96
"79206F",96
"626979",96
"6E6A65",96
"736D61",96
"886979",95
"657969",95
"6E613F",95
"496EC3",95
"6D2073",95
"6F7465",95
"AB74C3",94
"7462C3",94
"65726E",94
"2C2075",94
"53696D",94
"886173",94
"6A6170",94
"6CC3AD",94
"726573",93
"697974",93
"657465",93
"C3B16F",93
"69206D",93
"6A612C",93
"C3A92E",93
"647569",93
"6F2043",93
"616861",92
"47616C",92
"657072",92
"65736F",92
"204E74",92
"486572",91
"886163",91
"6E6DC3",91
"72652C",91
"73686F",91
"2E20C2",91
"809920",91
"6D2074",91
"64656F",90
"68636F",90
"AB2054",90
"6A6574",90
"626573",90
"6D613F",90
"53CC88",90
"6F20C3",90
"B36E74",90
"696D6E",89
"7574C3",89
"617469",89
"686179",89
"72C3A1",89
"736164",89
"BA7374",89
"B1653B",89
"6A6F6A",89
"206F76",89
"6F7665",89
"6E616A",89
"446176",88
"2E2045",88
"AB6361",88
"72C3B3",88
"696E67",88
"6A74C3",88
"74652C",88
"756563",88
"B1C3A9",88
"682061",88
"656265",87
"886573",87
"746DC3",87
"727175",87
"696C65",87
"A9636F",87
"9C4174",87
"736A75",87
"792071",87
"756A61",87
"746F74",87
"3FE280",87
"206663",87
"2C2041",86
"6564C3",86
"666A6E",86
"696DC3",86
"696D61",86
"62C3AD",85
"204865",85
"AB2079",85
"613FE2",85
"6121E2",85
"21E280",85
"6F6673",84
"AB6269",84
"88652E",84
"796573",84
"A16A75",84
"617271",84
"206F63",84
"736EC3",84
"627565",84
"61204D",83
"6D6179",83
"B16573",83
"A16261",83
"4D6F72",83
"94C2A1",83
"9D2020",83
"75613A",83
"64696F",83
"C3BA66",83
"BA6672",83
"6D6172",82
"A96461",82
"3F2020",82
"BA7461",82
"AB63C3",81
"696761",81
"68652C",81
"6A616C",81
"AB6673",81
"6F796E",81
"C3A979",81
"756369",81
"809C4D",80
"6E6368",80
"6C696C",80
"636DC3",80
"6A6EC3",80
"206C69",80
"616973",80
"756963",80
"792070",80
"746F66",80
"4A6F73",79
"6C6174",79
"6F2075",79
"656A61",79
"C3A172",79
"617065",79
"6A7565",79
"6A6F66",79
"6A6562",79
"686573",79
"727563",79
"AB2071",79
"736863",79
"7269C3",78
"6F2066",78
"C3AD63",78
"73653B",78
"6F6D6F",77
"944174",77
"8173CC",77
"A97365",77
"A17462",77
"AB6D20",77
"A9206A",77
"616D20",76
"592074",76
"706F2C",76
"A16E6F",76
"612053",76
"6A656D",76
"6D6269",76
"73656C",76
"A97965",76
"646173",76
"796163",76
"50696C",76
"617220",75
"617362",75
"612055",75
"72613B",75
"C3A164",75
"C3B32C",75
"BA732C",75
"9442C3",75
"746961",75
"7463C3",75
"AB7561",75
"656E62",75
"617472",75
"497361",74
"204163",74
"616CC3",74
"68616A",74
"6E6F20",74
"796F79",74
"61756E",74
"6A756A",74
"746A75",74
"A120C3",74
"76C3AB",74
"736F63",74
"6F7375",74
"636FC3",73
"796EC3",73
"206C61",73
"61732C",73
"886375",72
"636F6D",72
"617272",72
"746173",72
"796175",72
"636F74",72
"592061",72
"A97274",72
"612072",72
"6DC3AD",71
"656120",71
"697473",71
"816D62",71
"792053",71
"944E64",71
"72696D",71
"2076C3",71
"686D6F",71
"2C204D",70
"B32C20",70
"6D6573",70
"6D6572",70
"6E2C20",70
"41732C",70
"756461",70
"AB6265",69
"A97320",69
"AB6368",69
"A92074",69
"61706F",69
"6F7374",69
"736169",69
"C3BA79",69
"AB6A65",69
"6A7562",69
"205069",69
"9C42C3",68
"676F2E",68
"667361",68
"756EC3",68
"C3B163",68
"B163C3",68
"68656A",68
"6F206C",68
"726F2C",68
"72696E",68
"697462",67
"B1616E",67
"9CC2BF",67
"64C3A9",67
"722074",67
"4D6173",67
"696F20",67
"B37473",67
"727669",67
"766961",67
"C3B36D",67
"726F64",66
"6A6169",66
"6C6962",66
"6472C3",66
"732065",66
"AD6368",66
"747375",66
"2074C3",66
"206979",65
"A1206C",65
"736579",65
"8862C3",65
"6D6E6F",65
"746172",65
"416362",65
"6F2070",65
"A17469",65
"736F74",65
"BF4E74",65
"6F666A",65
"3F2059",65
"657320",64
"20526F",64
"687465",64
"74C3AD",64
"6E6F71",64
"73206C",64
"706574",64
"944368",64
"736A65",64
"205469",64
"6D6F2C",64
"A97276",64
"667374",64
"6F6E69",63
"652072",63
"6572C3",63
"AB7961",63
"AB62C3",63
"686562",63
"809C54",63
"68612C",63
"526F6D",63
"A16DC3",63
"A12066",63
"7961C3",63
"A16D62",62
"736166",62
"6967C3",62
"736862",62
"686575",62
"74726F",62
"74696E",62
"6576C3",62
"6F3B20",62
"62C3BA",62
"696173",62
"617669",61
"204E61",61
"C3AD6C",61
"C3A962",61
"746F79",61
"20416E",61
"656465",61
"B37462",61
"6A7574",61
"3F2043",61
"C3B16E",61
"B16E61",61
"616E70",61
"427561",61
"636F73",61
"4D6F20",61
"B16F20",61
"696272",61
"206469",61
"6168C3",60
"A16D65",60
"732069",60
"7469C3",60
"3B206D",60
"796174",60
"756E74",60
"6E6A6E",60
"A9206F",60
"727265",60
"756465",59
"2120C2",59
"68206E",59
"69636F",59
"AD6E6F",59
"A96E63",59
"20496E",59
"617263",59
"6D616C",58
"652045",58
"657561",58
"636172",58
"322043",58
"A16A6F",58
"C2A142",58
"BA7965",58
"816EC3",58
"636966",58
"7A6172",57
"206F74",57
"6C656F",57
"61746E",57
"617565",57
"202036",57
"2079C3",57
"3B2074",57
"792041",56
"6E73CC",56
"4C656D",56
"CC8162",56
"6E6275",56
"7264C3",56
"80944D",56
"617363",56
"6672C3",56
"50C3A9",56
"757473",56
"204665",56
"6D2063",56
"A12043",56
"50C3A1",56
"C3AD64",55
"AB7461",55
"626F2E",55
"736175",55
"6E2074",55
"72C3A9",55
"732071",55
"6E6269",55
"C2A143",55
"696C6C",55
"AB6D61",55
"7564C3",54
"626564",54
"809D2E",54
"204DC3",54
"A12041",54
"70656E",54
"726179",54
"6263C3",54
"6D6F2E",54
"746261",54
"72696F",54
"6D7073",54
"756576",54
"BA7365",54
"756566",54
"736172",54
"6963C3",54
"6C6F2C",54
"A1626C",54
"556162",53
"AD6C6C",53
"6E6FC3",53
"6F72C3",53
"6E6175",53
"752063",53
"6F7963",53
"696F69",53
"A96472",53
"6F7320",52
"656F6E",52
"B36265",52
"6D6263",52
"342043",52
"64612C",52
"6E696D",52
"656F20",52
"20C3B3",52
"737065",52
"756275",52
"6C6963",52
"6F7361",51
"6A6F71",51
"6CC3A9",51
"696E6F",51
"74656C",51
"6D6961",51
