"207465",85660
"746520",76227
"6E6761",67348
"206B69",61087
"6B6920",58517
"61206B",56304
"692074",55807
"206920",55422
"676120",47635
"206120",44379
"206B61",44167
"612C20",42235
"207461",41233
"206B6F",40818
"206520",38261
"612074",36965
"6E6120",36030
"692061",35858
"696120",33839
"207768",33315
"612069",30509
"776861",30479
"207261",30252
"612061",30126
"206D61",29622
"616B61",29611
"746F75",29022
"206F20",28845
"206E67",28629
"6F2074",27712
"652074",26879
"2C206B",26790
"61746F",25646
"616E61",25498
"6B6120",25204
"20616E",24680
"61206D",24641
"206D65",23827
"68616B",23702
"65206B",23390
"20746F",23341
"6F7520",23136
"616E67",22522
"756120",21454
"616920",20953
"656920",20818
"206865",19860
"616869",19796
"616861",19587
"69206B",19106
"652077",18354
"656120",18010
"617261",17878
"617520",17863
"652061",17619
"20686F",17586
"206961",17454
"617461",17434
"612072",17256
"612068",17143
"726120",16800
"65206D",16384
"6D6561",16129
"612065",16112
"726520",16048
"6B6F20",15902
"686920",15739
"692C20",15573
"726174",15297
"6E6F20",15066
"61206F",14566
"6E6569",14453
"612077",14277
"6F6B69",13972
"74616E",13873
"686520",13849
"75206B",13401
"206168",13265
"692069",13217
"686F6B",13134
"652068",12990
"746120",12781
"692072",12752
"617475",12632
"616D61",12612
"6F6E61",12544
"752C20",12264
"686175",12087
"69206E",11585
"204968",11511
"652072",11447
"746168",11440
"616E6F",11419
"652069",11153
"657265",10750
"61206E",10707
"207761",10651
"6F7265",10612
"206861",10233
"696E67",10195
"747520",10188
"6F206E",10184
"686172",10083
"6B6174",9822
"2C2061",9422
"752069",9402
"6D6120",9390
"69206D",9334
"756E67",9238
"206D6F",9192
"206169",9111
"69206F",9031
"752074",9016
"207061",9015
"746F6E",8784
"6B6F72",8764
"6D6174",8758
"6F206B",8655
"61726F",8605
"6F6120",8594
"6B6961",8462
"746F20",8420
"752061",8294
"6B6168",8091
"676174",8023
"72616E",8002
"617269",7988
"652070",7980
"6B6F75",7974
"2C2069",7921
"612070",7747
"6F2061",7720
"75746F",7700
"697261",7696
"747561",7694
"206174",7643
"652C20",7623
"2C2065",7590
"206B75",7589
"6F7574",7508
"6B7520",7434
"6B6F65",7383
"692068",7382
"6F2069",7377
"2C2068",7358
"612049",7342
"206E6F",7206
"6D6169",7186
"65206E",7174
"726F20",7151
"746175",6952
"6F7761",6933
"656E65",6932
"6E6769",6920
"686F77",6881
"49686F",6879
"6D6520",6872
"4E6120",6854
"692077",6831
"207475",6707
"746F61",6635
"6F2072",6595
"207269",6562
"617561",6538
"74656E",6448
"74616D",6389
"6B6175",6312
"697469",6305
"6B6172",6193
"6F746F",6163
"726920",6149
"6B696E",6113
"692065",6094
"746961",6067
"72612C",6027
"617469",5996
"657461",5982
"6D6168",5979
"686120",5959
"20726F",5942
"6E612C",5892
"697269",5848
"2C206D",5805
"207469",5781
"613B20",5642
"206E61",5634
"697465",5592
"776120",5534
"686165",5531
"69612C",5507
"206E65",5445
"776168",5418
"617265",5400
"686569",5381
"6D6F20",5349
"6F2C20",5347
"6B6520",5270
"616572",5259
"206172",5172
"752065",5084
"6B6169",5044
"75206D",5008
"686F20",4976
"61686F",4935
"6B7561",4918
"206875",4904
"20706F",4859
"657261",4851
"65206F",4816
"68756E",4785
"6E676F",4784
"207275",4779
"726F74",4753
"6F6520",4750
"617061",4703
"6F6E67",4661
"20616B",4581
"616B6F",4540
"696E61",4516
"746574",4514
"6F6869",4503
"776169",4487
"6F752C",4474
"74616B",4442
"726169",4418
"752068",4411
"616972",4383
"207075",4378
"616B65",4359
"707520",4287
"746F6B",4280
"4B6F20",4275
"726572",4274
"2C2074",4263
"207265",4256
"6D616E",4247
"6F6B75",4244
"204174",4243
"686F72",4221
"652041",4210
"6F7261",4203
"3B206B",4182
"617761",4162
"656E67",4096
"686169",4077
"6F206F",4075
"417475",4044
"6F2049",3987
"206B65",3946
"617075",3898
"6F6E6F",3886
"616B69",3884
"75612C",3869
"75206E",3845
"61752C",3771
"776865",3754
"613A20",3746
"612048",3735
"6D6172",3733
"6F726F",3707
"757269",3700
"68616E",3693
"746920",3687
"2C206E",3676
"616875",3663
"686961",3636
"757075",3618
"726974",3595
"65726F",3586
"6B6170",3579
"74696B",3554
"656B61",3544
"727561",3542
"776869",3537
"726F6E",3530
"69686F",3527
"67612C",3526
"757261",3504
"616E65",3487
"676920",3463
"696B69",3459
"616B75",3459
"6E7569",3428
"696861",3396
"6B616E",3385
"696B61",3363
"77612C",3339
"68656E",3294
"68696E",3278
"752077",3266
"696E65",3252
"696E6F",3243
"6E6F68",3242
"206F6E",3230
"686F61",3191
"746174",3174
"6F686F",3161
"6B616D",3161
"656E75",3156
"726961",3151
"756920",3135
"6F7469",3114
"6E7561",3106
"697769",3101
"6B6974",3082
"6B6F74",3078
"6F2068",3077
"706120",3059
"726175",3039
"72756E",3038
"617465",3034
"746972",2968
"6B6177",2935
"72696E",2931
"6F2048",2901
"72696B",2878
"6B6161",2876
"6F6B6F",2872
"6F2065",2848
"206977",2845
"75206F",2826
"496861",2826
"6B616B",2820
"20696E",2796
"652065",2786
"686974",2757
"6D6175",2743
"6E6F61",2735
"706169",2719
"204B61",2696
"692070",2692
"2C204B",2681
"204861",2677
"757461",2676
"6B7570",2655
"656E61",2625
"3A206B",2623
"74656B",2595
"6E7520",2594
"6B6569",2587
"206D75",2572
"752072",2567
"206869",2552
"61692C",2494
"68692C",2468
"206E75",2458
"6F206D",2446
"706F6E",2424
"617768",2415
"204865",2412
"72616D",2377
"726569",2340
"616520",2333
"6F6172",2332
"693B20",2326
"687561",2321
"206968",2319
"6B692C",2315
"706174",2308
"207065",2286
"6F6861",2282
"656972",2273
"69726F",2262
"686572",2243
"6F6E75",2240
"6F6875",2237
"746172",2230
"746170",2223
"727520",2204
"20656E",2202
"6F612C",2178
"74696E",2160
"726972",2143
"6D612C",2127
"486520",2121
"72652C",2121
"3B2061",2118
"6F7461",2086
"4B6120",2077
"2C206F",2073
"6E6520",2068
"61696E",2050
"746F68",2032
"6F6174",2031
"757475",2029
"687520",2026
"697275",2011
"656865",2011
"726177",2008
"616974",2005
"746165",1993
"74612C",1972
"616961",1970
"746F72",1964
"707574",1958
"676172",1958
"746572",1954
"726F61",1941
"696D61",1932
"726F68",1930
"41206B",1920
"616172",1919
"726168",1906
"204172",1905
"70612C",1900
"696B6F",1893
"617765",1889
"757275",1886
"205261",1883
"706172",1875
"616865",1869
"656B65",1861
"706572",1860
"676F20",1845
"776920",1823
"753B20",1819
"65612C",1804
"756B75",1804
"726172",1799
"612041",1795
"6B6968",1793
"707572",1777
"747572",1767
"204869",1761
"697461",1753
"204E61",1750
"70756B",1750
"20486F",1747
"616F72",1733
"72692C",1725
"612052",1712
"6F6D61",1668
"686174",1657
"6E616B",1657
"752070",1652
"65696E",1640
"6E6F2C",1639
"6F652C",1636
"65692C",1609
"74756B",1605
"617275",1603
"756869",1602
"612050",1591
"206175",1584
"204B69",1579
"6F6920",1579
"693A20",1574
"6F7275",1574
"6D6F6E",1547
"205061",1543
"686970",1542
"686972",1541
"697475",1530
"6E616E",1530
"746561",1521
"69616E",1513
"6F7269",1483
"706170",1478
"67616B",1475
"616E75",1472
"204B6F",1463
"6B6F68",1461
"68696F",1450
"776165",1429
"697768",1427
"206F72",1417
"706F6B",1407
"753A20",1399
"204875",1397
"6D6F68",1394
"68612C",1380
"3A2061",1355
"692048",1340
"696869",1331
"61706F",1331
"206F6B",1313
"686170",1313
"676F61",1312
"72616B",1310
"746974",1307
"6D7572",1303
"776972",1296
"726968",1295
"657061",1293
"653B20",1287
"74692C",1285
"652049",1258
"61204D",1257
"4E612C",1254
"526177",1251
"487572",1250
"6E6F6E",1235
"756D61",1228
"6F2041",1227
"6B6F6E",1222
"747568",1218
"204D6F",1214
"657465",1212
"206F74",1203
"726F2C",1203
"207765",1195
"612E20",1193
"4B6961",1190
"687569",1190
"6F6865",1189
"747570",1186
"696E69",1177
"756861",1173
"616968",1172
"746169",1166
"417269",1165
"617769",1164
"204D61",1159
"70616B",1151
"776568",1150
"616174",1145
"3B2068",1124
"204520",1113
"726F70",1110
"412C20",1102
"726568",1101
"6D7561",1101
"6F7069",1099
"486972",1099
"696F20",1098
"6B612C",1097
"656861",1096
"2C2077",1085
"616561",1076
"70656E",1076
"4B6920",1076
"612075",1072
"6D616B",1071
"687572",1067
"61756E",1067
"6B652C",1062
"4B6172",1061
"752041",1061
"206F75",1052
"67692C",1051
"6F2050",1051
"656F69",1049
"3B206E",1037
"6B6F61",1036
"727568",1035
"2C2048",1028
"6F7572",1024
"6F6961",1020
"657469",1020
"3B2065",1020
"656869",1019
"61204B",1018
"6B616F",1018
"756E61",1018
"696961",1017
"74752C",1007
"2C2045",1001
"652075",1001
"706F72",993
"697061",985
"697761",984
"757265",984
"697069",983
"4B7561",982
"6B696B",980
"6D696E",977
"72656B",975
"206574",973
"706974",973
"3A206E",968
"61616B",961
"496875",961
"6B6F6B",957
"726F72",949
"6E6174",943
"207069",942
"6E6920",939
"656174",939
"205461",929
"686177",926
"756B61",920
"746F74",915
"616E69",911
"617572",906
"726170",904
"6F2077",903
"205069",898
"204168",898
"706F75",896
"746569",885
"616977",881
"6F6B65",867
"6D6569",867
"67616E",865
"204170",861
"6B6F70",860
"2E204E",858
"72613B",855
"6F616E",851
"686F6D",850
"4D6F68",849
"6E652C",847
"6D6F65",838
"4B6174",838
"653A20",838
"6F3B20",836
"617065",836
"616D69",835
"496869",835
"726F6D",834
"6F204D",820
"616F6E",814
"657761",808
"3B2069",804
"3A2068",800
"726561",792
"61656E",791
"61696D",790
"6E6175",790
"6F7061",787
"6F204B",783
"72696D",777
"77692C",775
"776561",770
"6F2052",768
"676961",756
"70752C",753
"4D6520",750
"207574",747
"205065",747
"707561",746
"75616B",744
"686561",740
"747574",740
"776172",740
"616F20",735
"204965",733
"72656E",727
"2C2072",727
"6F6D6F",726
"205465",725
"746969",722
"74616F",720
"706568",719
"492074",718
"656D65",715
"74756E",709
"6F6B61",709
"68656B",707
"756172",705
"676F68",704
"70696B",704
"69613B",699
"612054",697
"616D75",696
"68752C",694
"726977",694
"6F6E65",688
"696E75",687
"616D6F",685
"746177",679
"206161",676
"756B69",674
"686F69",673
"207572",672
"204572",670
"613F20",667
"69616B",666
"72656F",662
"6E613B",658
"576861",657
"65204B",655
"757061",653
"486F72",647
"3A2065",643
"657269",642
"756174",638
"6F753B",637
"6E656E",636
"506172",631
"72616F",630
"2C2070",623
"4B6569",622
"67613B",622
"696174",622
"45206B",617
"206177",615
"75613B",609
"204D65",608
"70616E",604
"3B206D",603
"612045",601
"692E20",600
"696875",597
"6E692C",597
"4F7469",597
"4B6168",592
"75692C",589
"486F68",588
"204B65",586
"6F2045",585
"452074",585
"61753B",584
"6F3A20",580
"657075",580
"6B6574",579
"696D69",578
"6F2054",576
"757761",574
"6F7065",574
"48656F",573
"657065",573
"656875",568
"617574",567
"6D7574",566
"726577",566
"726965",566
"72752C",558
"20416D",558
"706168",557
"6E6168",555
"6B7577",554
"72656D",554
"205269",550
"706920",549
"6B6F2C",549
"686F6E",545
"6F6E69",545
"616970",545
"652048",544
"676169",539
"68616D",534
"486572",534
"416861",524
"6B6972",522
"6B6572",519
"2E204B",516
"72613A",515
"6E6161",515
"4E616E",515
"6F753A",513
"48616D",512
"756B65",511
"77613B",511
"6D616D",508
"69746F",508
"776572",505
"686F2C",504
"6D6F6B",503
"756968",501
"6B752C",495
"48616B",493
"6E6F69",491
"75613A",490
"77656E",490
"686570",490
"68652C",486
"4B6175",484
"68656F",480
"3A2069",477
"412069",477
"6D6F61",475
"61693B",475
"205265",475
"706972",474
"4E6F20",473
"696168",470
"506972",470
"696B65",470
"2C204E",468
"74652C",468
"6F7075",466
"69204B",465
"65204D",465
"656F20",462
"61753A",462
"617569",462
"206568",462
"207769",458
"696F6E",457
"69613A",455
"70756E",452
"686F70",451
"20616F",449
"757469",447
"54656E",447
"2C2054",438
"2E2041",435
"726574",435
"697065",433
"68656D",433
"706F74",432
"6B6F69",430
"65686F",429
"6E613A",427
"48616F",427
"41726F",426
"692075",425
"6D6961",424
"617069",422
"61204E",419
"204B75",418
"726F6B",418
"756E75",417
"656572",417
"746F2C",417
"61756D",416
"49206D",415
"656D61",413
"616577",413
"776520",412
"692049",410
"204920",409
"6E6169",406
"70656B",406
"67613A",403
"686574",400
"206D69",399
"75726F",398
"686F68",395
"692050",393
"6F613B",392
"752E20",386
"68693B",382
"727572",381
"756961",380
"6D6F74",379
"3A206D",377
"61652C",377
"206572",377
"6E6574",376
"616F2C",375
"204120",372
"486172",372
"6F706F",370
"6D6F75",368
"706175",368
"697265",365
"526977",363
"756520",362
"417065",362
"757768",362
"20756E",360
"656D69",357
"693F20",355
"69706F",355
"686975",354
"20496F",353
"6E6961",353
"3B2074",351
"676974",350
"6F6170",350
"204D69",349
"753F20",348
"496568",346
"726165",344
"706561",341
"74696D",340
"4B696E",339
"6D6165",336
"657275",336
"6E6775",336
"576169",335
"416869",335
"546572",335
"68696B",335
"676968",335
"4D6174",333
"61693A",332
"6F2070",332
"726970",331
"77616B",330
"656D6F",329
"6B6F6D",329
"4B6972",328
"656B69",327
"746F6D",324
"6D6572",324
"616168",323
"6E616D",323
"68616F",323
"706961",322
"706520",321
"205768",320
"6E752C",319
"696520",319
"6E756D",318
"692052",318
"506574",318
"49206B",318
"6D6974",318
"616965",318
"416E6F",317
"2C204D",316
"492068",312
"77616E",312
"657765",312
"77613A",312
"204E65",312
"706165",312
"686977",310
"6B656B",310
"72653B",309
"752075",309
"727570",308
"206974",308
"20612C",307
"756D69",307
"486569",306
"417261",306
"75706F",305
"692041",305
"506170",304
"676F6E",303
"686F75",303
"727574",302
"207520",301
"457269",301
"206F70",300
"54616D",300
"6F656D",299
"204570",298
"205469",297
"72693B",296
"4D6F20",296
"486165",296
"696D65",295
"687565",294
"726570",293
"652E20",292
"45206D",292
"6D6F72",291
"3F206B",288
"205761",286
"616D65",285
"652052",283
"756977",279
"707570",278
"6F653B",278
"204568",278
"6E6968",278
"706F20",276
"6B6969",275
"756169",274
"492077",274
"417069",273
"69204D",273
"207569",270
"696570",270
"6F204E",268
"696572",268
"756875",267
"70613B",266
"696865",266
"456861",265
"206F61",263
"3F204B",262
"706569",262
"6D6968",261
"70692C",260
"207561",259
"746161",259
"6F613A",258
"61616E",258
"416D6F",257
"68693A",257
"68696D",256
"756572",256
"2E2048",255
"74756D",254
"726F69",254
"6D613B",252
"486570",252
"68613B",251
"6E6177",250
"652054",250
"206165",249
"6E6561",249
"20416E",248
"74613B",247
"746570",247
"706F68",247
"776974",246
"3A2074",242
"2C2057",242
"757065",242
"6F6968",241
"652057",240
"6D6920",240
"41206D",240
"65693B",240
"696F74",240
"4D6F61",238
"452077",238
"72756D",236
"6F656E",235
"412068",234
"6F6D69",234
"6D6177",234
"696F6B",233
"2C2049",233
"653F20",233
"206F68",233
"726565",231
"706F61",231
"686168",229
"776174",227
"4D6120",227
"6E6F3B",227
"456E67",225
"75616F",224
"656F6E",224
"4D616E",224
"6F7768",222
"546170",221
"50696E",220
"6D6568",219
"756175",218
"457061",218
"6B653B",217
"4D6175",217
"6D692C",215
"506572",215
"726F3B",215
"706F2C",214
"756E69",214
"617577",213
"706968",212
"4B6968",212
"697075",212
"61696B",212
"72693A",210
"72653A",209
"75204B",209
"652050",207
"6B693B",207
"206170",207
"486169",206
"496F61",205
"776177",203
"3A206F",202
"70756D",202
"6D7520",202
"656961",200
"746F65",200
"6E656B",200
"65616D",200
"6B6561",199
"656172",199
"20546F",198
"6F2E20",196
"2C2041",196
"4D6572",196
"75696E",195
"6B7572",195
"6E6F3A",194
"486574",194
"6F7475",193
"74693B",191
"6E756E",190
"4B6572",190
"74656D",190
"617565",189
"676175",188
"75652C",187
"656B6F",184
"692054",184
"416D61",184
"4B6F72",184
"61696F",184
"6B6570",183
"204961",182
"6F653A",181
"204E6F",180
"4B616E",179
"65706F",178
"70696D",177
"6F616D",176
"6D613A",175
"6D7565",175
"3B2077",175
"417461",175
"4B6169",174
"496572",174
"6E6F74",174
"492061",174
"4D616B",173
"506161",173
"6D656E",172
"492070",172
"207570",172
"417565",171
"457265",169
"74753B",169
"506974",169
"67693B",168
"6D656B",168
"486174",168
"3F2068",168
"70613A",167
"69612E",166
"6B613B",166
"52616E",164
"72612E",164
"492072",164
"6E6765",164
"6E656F",163
"6D6570",163
"486F61",163
"68613A",162
"20616D",162
"6E6974",162
"48696F",162
"50616F",162
"6B693A",161
"6F692C",161
"697520",160
"726F3A",160
"4E6570",160
"6E6568",160
"676168",159
"6B6165",159
"3B206F",158
"486F6E",158
"6B696F",157
"696D6F",157
"6B653A",156
"657475",155
"3F2065",154
"74613A",154
"6E6F6B",153
"52616D",153
"617570",153
"20656B",150
"707568",148
"48656D",147
"696B75",147
"676F2C",147
"6E6F72",147
"756168",146
"687574",145
"6E612E",145
"6B7574",145
"757069",144
"70652C",144
"616F61",143
"3A2077",143
"6B756B",142
"2E2049",142
"3F2041",141
"506168",141
"4B6F69",140
"756B6F",140
"206E69",140
"204972",139
"756D75",139
"4D6561",139
"452072",138
"6E696B",137
"61656B",137
"656D75",136
"48696D",136
"677574",136
"412074",135
"6B6F77",134
"206972",134
"50656E",133
"6F752E",133
"486568",133
"412065",132
"61753F",132
"6E6172",132
"6F6168",132
"747577",131
"20416B",131
"656F2C",131
"41706F",131
"696972",131
"692045",129
"697561",129
"3F204E",129
"6E6965",129
"4D696B",129
"746568",129
"4D6568",128
"6F753F",128
"526170",128
"726969",128
"75616E",127
"67696D",127
"61752E",127
"612120",127
"2E2045",127
"6E653B",126
"676177",126
"6B613A",125
"546172",125
"67612E",125
"45726F",125
"452068",125
"67693A",124
"48616E",124
"20526F",124
"707565",123
"6D6972",122
"616165",121
"756568",120
"416E61",120
"65693A",120
"6D616F",120
"686575",119
"77693B",119
"486968",119
"204574",118
"70753A",118
"6F7465",118
"6B696D",118
"757465",117
"6F3F20",116
"526570",116
"416D69",116
"75204D",116
"616F74",115
"70616F",115
"6E7568",115
"6F7561",115
"4B6970",115
"72692E",114
"72696F",114
"61756B",114
"4D6972",113
"6F653F",112
"696172",112
"497261",111
"727569",111
"68653B",110
"676F70",110
"756177",109
"205475",109
"4B6F74",109
"6D652C",109
"526575",109
"486F70",109
"706F69",108
"72756B",108
"68756B",108
"6B656E",107
"75612E",106
"696F2C",106
"706574",106
"6B656D",106
"65613B",106
"3F2048",106
"756974",106
"61204F",106
"45206F",105
"617568",104
"207568",104
"205275",104
"4E6170",104
"696574",104
"74653B",104
"4D6168",103
"72613F",103
"496574",103
"746968",102
"526970",102
"54696B",102
"48656B",102
"206570",102
"6F204F",101
"70753B",101
"74693A",100
"61616D",99
"686968",99
"677520",99
"45206E",99
"706F70",99
"6B753B",98
"746F70",98
"C29A65",98
"657561",97
"65613A",97
"452049",97
"61693F",96
"452061",96
"412077",95
"61692E",95
"6F696B",95
"417061",95
"746F69",94
"676F6B",93
"612055",93
"526568",92
"77693A",92
"4D6172",91
"496570",91
"746977",91
"657570",91
"616F68",91
"686F3B",91
"697569",91
"67692E",90
"6D612E",90
"416865",90
"726161",90
"4E6168",89
"65693F",89
"6D6F6D",89
"452070",88
"65746F",88
"456865",88
"756975",88
"20506F",87
"656E69",87
"546570",87
"204F70",87
"676F69",87
"75693B",86
"6B6568",86
"6E6572",86
"206F6D",86
"546169",86
"746565",85
"6E6170",85
"3B2070",85
"204175",85
"706177",85
"48696E",84
"526168",84
"4D6F72",84
"756972",84
"74753A",83
"6B7569",83
"546175",82
"75613F",82
"457261",81
"3B2072",81
"496E61",81
"6D752C",81
"6F612E",81
"21206B",81
"4E6174",81
"74653A",80
"4D6968",80
"77612E",80
"6E693B",79
"69613F",79
"6B753A",79
"416520",79
"686568",79
"20696B",78
"20456E",78
"72753B",78
"746F3B",78
"6D656D",77
"68692E",77
"205075",76
"69652C",76
"6B7568",76
"4B6F68",76
"2C2075",76
"9A6520",76
"457065",75
"652045",75
"697568",75
"3F2061",74
"6E613F",74
"3A204B",74
"204974",74
"70696E",74
"49206E",74
"69204E",74
"6F6570",74
"696177",73
"68753B",73
"205572",73
"686577",73
"202848",73
"72652E",72
"656974",72
"6B756D",72
"6E756B",72
"616568",72
"284865",72
"486970",71
"20756D",71
"6F756D",70
"69752C",70
"70612E",70
"546168",70
"697765",70
"74696F",69
"486170",69
"776574",69
"616F77",69
"676F74",69
"54696D",69
"6F652E",69
"68653A",69
"616574",69
"6B756E",69
"3A2070",69
"4E6574",69
"6F2055",68
"61653B",68
"416B61",68
"206461",68
"67756E",67
"687568",67
"54756B",67
"6E6F2E",67
"6F696E",67
"616975",66
"204F74",66
"205574",65
"6F6561",65
"6E693A",65
"6B6F3B",65
"54616E",64
"6E7574",64
"74612E",64
"676572",64
"487568",64
"3F2045",64
"6B6977",63
"65616B",63
"2E2028",63
"207376",63
"41206E",62
"4D6161",62
"6E653A",61
"4E6F61",61
"2C2050",61
"20696F",61
"70656F",61
"75686F",61
"3F206D",60
"74692E",60
"457465",60
"3B204B",60
"546972",59
"496170",59
"65204E",59
"206B20",59
"686965",59
"4E7569",59
"207420",59
"557269",59
"506565",58
"756D65",58
"657565",58
"557469",58
"656968",58
"657069",58
"486974",57
"2E204F",57
"204E75",57
"2E204D",57
"686F3A",56
"75693A",56
"2E2057",56
"207365",56
"646120",56
"686F74",55
"3F2069",55
"486F6B",55
"616177",55
"6D6F77",55
"67613F",55
"6B652E",55
"68756D",55
"546F70",55
"6B692E",54
"52756E",54
"77696B",54
"6D696F",54
"746965",54
"726975",53
"6B6F3A",53
"68753A",53
"70616D",53
"6D6F2C",53
"2E2054",53
"6F2075",52
"4B656E",51
"486F6D",51
"65613F",51
"206A65",51
"204E69",50
"526F74",50
"4B6568",50
"486168",50
"4F206E",50
"6A6520",50
"546974",49
"692120",49
"736520",49
"776161",48
"652120",48
"65692E",48
"3F206E",48
"68613F",48
"612057",48
"526974",48
"61C29A",48
"6E696D",47
"6E753B",47
"69656B",47
"6F6970",47
"50616E",47
"6F616F",46
"506174",46
"412070",46
"616F3B",46
"6F6572",46
"20412C",46
"52656D",46
"207072",46
"77613F",45
"676520",45
"746975",45
"52616B",45
"706F3B",44
"68612E",44
"746577",44
"546970",44
"75616D",44
"696A65",44
"687570",43
"67616D",43
"207A61",43
"4B6170",42
"6F696D",42
"657768",42
"3A2072",42
"20456B",42
"204F72",42
"4E6175",42
"616E20",41
"6F616B",41
"456B65",41
"756575",41
"692073",41
"206E6A",41
"696F70",40
"69616D",40
"4E616B",40
"4F7065",40
"526561",39
"6D6970",39
"72653F",39
"752120",39
"6D6574",39
"72753A",39
"546120",39
"652073",39
"457469",38
"6F6175",38
"3F2074",38
"74752E",38
"746970",38
"54616B",38
"4B6570",38
"C3A665",38
"69C29A",38
"74206F",37
"6E616F",37
"726F3F",37
"546520",37
"206761",37
"496F74",37
"6FC29A",37
"6C6920",37
"4B6974",36
"497461",36
"6E2067",36
"696D20",36
"546568",36
"616C6A",36
"44616E",36
"69656C",36
"507574",35
"6E6F75",35
"6F613F",35
"41652C",35
"4F6861",35
"546F72",35
"722061",35
"706570",35
"74613F",35
"696170",35
"6D693B",35
"4F2074",35
"206269",35
"612073",35
"3A2022",35
"4E6161",34
"417265",34
"68693F",34
"6E6565",34
"497469",34
"546174",34
"3F2049",34
"742065",34
"656B75",34
"706161",34
"6F6420",34
"496168",33
"6B2061",33
"726F2E",33
"48656E",33
"206970",33
"C3A865",33
"6A6564",33
"546F74",32
"616F3A",32
"4E6761",32
"6B2069",32
"65612E",32
"204F6E",32
"49206F",32
"61653A",32
"6F7568",32
"4E6572",32
"3B204E",32
"207672",32
"C29A74",32
"737461",32
"72616C",32
"206B72",32
"617420",31
"747569",31
"54656D",31
"48612C",31
"2C2052",31
"4B6177",31
"70693B",31
"656F72",31
"6E753A",31
"706970",31
"6E6F3F",31
"52656B",31
"206F64",31
"766F6A",31
"692064",31
"4B6F6D",30
"4B7568",30
"4D7572",30
"452048",30
"416B75",30
"756F68",30
"204165",30
"206820",30
"69756E",30
"616F70",30
"6F6A69",30
"65C3A8",30
"576865",29
"207220",29
"6D696D",29
"20496E",29
"67656E",29
"50696B",29
"6E6570",29
"204F68",29
"746F3A",29
"4E756E",29
"756865",29
"6E6720",29
"506F61",29
"496F68",29
"207374",29
"204461",29
"412072",28
"526572",28
"74756F",28
"6B693F",28
"546F68",28
"6E652E",28
"50656B",28
"616F6B",28
"204F6B",28
"52696D",28
"70753F",28
"20646F",28
"496172",27
"756F72",27
"616F6D",27
"756574",27
"6D2061",27
"4E656B",27
"417561",27
"616B20",27
"756E65",27
"20496B",27
"417465",27
"696820",27
"776170",27
"726F64",27
"6F2073",27
"752073",27
"612064",27
"61756F",26
"546F6B",26
"77652C",26
"742061",26
"6E653F",26
"70613F",26
"682069",26
"6D756B",26
"74693F",26
"676F3B",26
"507572",26
"676121",26
"776577",26
"526F6D",26
"6A6920",26
"6B6F6A",26
"C3A869",26
"20C3A6",26
"205570",25
"486977",25
"6B6F2E",25
"682061",25
"506169",25
"206D20",25
"50616B",25
"54656B",25
"212068",25
"496F72",25
"416B69",25
"696A61",25
"73766F",25
"6F6761",25
"6E6A65",25
"20697A",25
"612020",25
"646A65",25
"646520",25
"6B7261",25
"456E6F",24
"6F6D65",24
"204F6D",24
"3F204D",24
"657220",24
"656175",24
"616820",24
"70752E",24
"69204F",24
"456E65",24
"4D6569",24
"526169",24
"652020",24
"20C29A",24
"6E6577",23
"496F6B",23
"48756B",23
"546161",23
"3A204E",23
"20496D",23
"6E696E",23
"726F65",23
"6E6F6D",23
"70653B",23
"697572",23
"557061",22
"697570",22
"656F3B",22
"207720",22
"4B6574",22
"692055",22
"6B753F",22
"41686F",22
"506F74",22
"74652E",22
"6D7568",22
"6B612E",22
"672061",22
"4F6B61",22
"526F72",22
"77616F",22
"6D6161",22
"6D6170",22
"62696A",22
"207375",22
"6F7669",22
"706F3A",21
"205568",21
"4F7061",21
"6D613F",21
"527574",21
"204169",21
"457461",21
"746F2E",21
"21206D",21
"4E616F",21
"486F65",21
"7A6120",21
"7265C3",21
"706F64",21
"64616E",21
"656C20",21
"576168",20
"706975",20
"4E696E",20
"6D693A",20
"212065",20
"6F6974",20
"3F2054",20
"616D20",20
"547568",20
"6B752E",20
"6D6965",20
"212074",20
"206E20",20
"546561",20
"6B653F",20
"72693F",20
"C29E65",20
"9A746F",20
"652064",20
"C3B065",20
"2C2073",20
"65C3A6",20
"C3A669",20
"69207A",20
"C3A861",20
"657520",19
"546F61",19
"686F2E",19
"52696E",19
"4F6E61",19
"20752C",19
"6E2061",19
"6F6D20",19
"69616F",19
"61652E",19
"496174",19
"656965",19
"6E692E",19
"686F6F",19
"67693F",19
"616969",19
"6A61C2",19
"6A7520",19
"70726F",19
"766520",19
"207361",19
"6C6A75",19
"207369",19
"737665",19
"547570",18
"772068",18
"20756B",18
"4B656D",18
"21204B",18
"492075",18
"48756E",18
"6E6121",18
"69653B",18
"4B616D",18
"4D6570",18
"65616E",18
"6D756E",18
"6F6F68",18
"616570",18
"6F2120",18
"4B7569",18
"4F6D6F",18
"652076",18
"61206A",18
"65C29A",18
"737520",18
"692020",18
"207669",18
"75C3A8",18
"506968",17
"21204E",17
"6B6F6F",17
"70693A",17
"526968",17
"50656F",17
"21206E",17
"676972",17
"487569",17
"207775",17
"412061",17
"756170",17
"496B61",17
"4E6F70",17
"752054",17
"6F756E",17
"6F693A",17
"74653F",17
"4B6F6B",17
"696F3B",17
"756161",17
"20C29E",17
"706F76",17
"682065",16
"6F693B",16
"487561",16
"526574",16
"3B2045",16
"617521",16
"486175",16
"204D75",16
"777572",16
"707577",16
"77696E",16
"68206F",16
"204970",16
"3B2048",16
"68752E",16
"496F6E",16
"4F7269",16
"656F6B",16
"686F65",16
"692062",16
"6A6572",16
"202073",16
"6F6461",16
"6E6A69",16
"6C6A65",16
"767261",16
"737469",16
"696C69",16
"612076",16
"72696A",16
"20676C",16
"C29A20",16
"20426F",16
"656C61",16
"6E206F",15
"526174",15
"526161",15
"416875",15
"722065",15
"70696F",15
"496E6F",15
"6F6B20",15
"617220",15
"6E6972",15
"696E20",15
"756165",15
"416B6F",15
"6B206F",15
"546977",15
"6D753B",15
"49726F",15
"546165",15
"75693F",15
"4E6568",15
"4F686F",15
"3A2048",15
"205445",15
"696D75",15
"757A61",15
"A86520",15
"676F76",15
"707269",15
"6F766F",15
"616461",15
"207661",15
"204265",15
"A66520",15
"4F7069",14
"686F3F",14
"702061",14
"706565",14
"68753F",14
"67652C",14
"706F2E",14
"75692E",14
"49616B",14
"452052",14
"212061",14
"6F6D75",14
"486577",14
"4D656B",14
"67616F",14
"4F726F",14
"546F6E",14
"6D6565",14
"556861",14
"506F6E",14
"546569",14
"686969",14
"204F20",14
"6C6A61",14
"20696D",14
"65646E",14
"6A6576",14
"766120",14
"766920",14
"6A696D",14
"6A6120",14
"676C61",14
"616465",14
