"20E0A4",628291
"E0A4BE",324347
"E0A4B0",280348
"A4B0E0",242321
"A4BEE0",239267
"BEE0A4",239041
"E0A4A8",236549
"E0A58D",235551
"A58DE0",229451
"8DE0A4",219181
"A4A8E0",210450
"E0A4BF",180606
"E0A587",156197
"E0A4AE",154368
"B0E0A5",143774
"E0A4B9",142220
"A4AEE0",140294
"A4B9E0",139872
"A4BFE0",139481
"BFE0A4",139411
"E0A495",138322
"E0A4B2",131415
"A495E0",130878
"E0A4A4",128586
"A8E0A5",127276
"A4B2E0",125500
"E0A58B",123258
"A4A4E0",117400
"E0A4B8",115357
"A4B8E0",107150
"B9E0A4",101617
"B0E0A4",98547
"E0A581",91170
"E0A4AF",90022
"E0A4AA",87671
"87E0A4",86764
"A4AAE0",86353
"E0A582",85073
"81E0A4",84984
"A4AFE0",84630
"A587E0",83581
"A8E0A4",83174
"E0A580",83009
"AEE0A4",82303
"A4BE20",82152
"BE20E0",81633
"A58B20",75654
"8B20E0",75392
"95E0A5",73263
"A4E0A4",72231
"B8E0A4",71439
"A581E0",71091
"8720E0",69089
"A58720",68642
"B2E0A5",68238
"82E0A4",67851
"E0A5A4",65933
"E0A4A6",61204
"A4A6E0",59362
"A582E0",58571
"AAE0A4",58569
"AEE0A5",57991
"95E0A4",57615
"B2E0A4",57262
"E0A49B",54434
"A580E0",51358
"80E0A4",51202
"E0A497",49653
"E0A4AC",48956
"8820E0",48696
"E0A4AD",48614
"A4ADE0",48501
"A420E0",47218
"AFE0A4",46875
"A497E0",46029
"A49BE0",45655
"A4E0A5",45189
"A58BE0",43622
"E0A4B5",42279
"A4ACE0",41902
"A4B5E0",41530
"E0A49C",40716
"A4BF20",40515
"BF20E0",40327
"E0A4B6",39660
"A49CE0",39455
"E0A48F",39015
"B9E0A5",38255
"97E0A4",37824
"AFE0A5",37755
"E0A488",37091
"A4B6E0",36843
"A5A420",36843
"B5E0A4",36463
"A4B020",36177
"B020E0",36055
"9CE0A4",35817
"B8E0A5",35711
"A48FE0",34927
"E0A588",34677
"ADE0A4",34528
"8BE0A4",34119
"E0A489",33898
"E0A485",33419
"A489E0",33396
"A485E0",33390
"85E0A4",33390
"89E0A4",33378
"A6E0A4",33251
"9BE0A5",31634
"A48820",31302
"A58020",30747
"8020E0",30654
"8220E0",28623
"ACE0A4",28293
"AAE0A5",27784
"E0A481",26463
"A6E0A5",26111
"8FE0A4",25710
"A58220",25145
"8120E0",25124
"A4A820",23813
"E0A4A5",23773
"A820E0",23709
"E0A49F",22363
"88E0A4",22155
"A4A5E0",21677
"E0A486",19780
"B6E0A5",19734
"A486E0",19690
"86E0A4",19690
"A481E0",19150
"A58120",18332
"A5E0A4",18041
"E0A496",17606
"A58820",17606
"E0A49A",17346
"B6E0A4",17109
"A588E0",16840
"A49AE0",16808
"A496E0",16696
"2C20E0",15823
"E0A482",15475
"9BE0A4",14021
"A49FE0",14000
"ADE0A5",13973
"A4AE20",13658
"ACE0A5",13609
"AE20E0",13609
"E0A4A7",13538
"E0A4AB",12927
"A4ABE0",12178
"A4A7E0",11555
"9CE0A5",11280
"A482E0",11235
"E0A58C",10933
"A4A420",10842
"9AE0A4",10641
"8DE0A5",10270
"E0A4B7",10241
"E0A487",10107
"E0A4A1",9779
"8BE0A5",9646
"A487E0",9259
"8FE0A5",9217
"96E0A4",8765
"E0A4A3",8701
"A4A1E0",8685
"ABE0A5",8667
"A4B7E0",8643
"A49F20",8261
"97E0A5",8205
"9F20E0",8201
"9FE0A4",7956
"96E0A5",7931
"A4B820",7916
"B820E0",7878
"E2809C",7746
"809CE0",7642
"A58CE0",7204
"A49520",7117
"9520E0",7093
"20E280",6966
"A48120",6900
"A4AC20",6755
"AC20E0",6739
"E0A48A",6330
"A7E0A4",6234
"9AE0A5",6167
"E2809D",6162
"87E0A5",6076
"9FE0A5",6044
"E0A4A0",5878
"A1E0A4",5756
"A49B20",5748
"2C20E2",5739
"A4A0E0",5654
"9B20E0",5590
"A4E280",5556
"A5A4E2",5543
"A488E0",5539
"98E0A4",5423
"A4B220",5324
"A7E0A5",5321
"B220E0",5295
"81E0A5",5257
"A4AF20",5216
"AF20E0",5193
"E0A498",5163
"A498E0",5146
"B5E0A5",5067
"A4A320",4879
"A320E0",4869
"B7E0A5",4710
"A48AE0",4570
"2DE0A4",4455
"E0A49D",4177
"8CE0A4",4067
"A58D20",3954
"B7E0A4",3933
"8D20E0",3903
"E0A4A2",3850
"A4A2E0",3732
"A4A3E0",3701
"A5872C",3695
"A48220",3678
"A0E0A4",3655
"872C20",3655
"A49DE0",3640
"A5E0A5",3636
"A49720",3525
"ABE0A4",3511
"9720E0",3507
"8CE0A5",3414
"83E0A4",3403
"8AE0A4",3125
"A58B2C",3122
"A48F20",3037
"E0A583",3010
"8F20E0",3010
"A583E0",3006
"A1E0A5",2929
"8B2C20",2897
"A4B620",2701
"B620E0",2691
"A58C20",2379
"9DE0A5",2364
"8C20E0",2356
"9D20E0",2180
"A2E0A4",2163
"A49B2C",2075
"9B2C20",2042
"A4A520",2014
"A520E0",2007
"A0E0A5",1999
"A4B920",1998
"E0A49E",1979
"A49EE0",1969
"82E0A5",1955
"A4A720",1941
"A720E0",1935
"B920E0",1931
"A3E0A4",1870
"A3E0A5",1831
"E28098",1744
"809D20",1730
"A4A620",1726
"A620E0",1723
"9EE0A4",1663
"3F20E0",1623
"A4B720",1573
"B720E0",1573
"A2E0A5",1569
"812C20",1552
"8AE0A5",1445
"8098E0",1415
"2120E0",1371
"A48A20",1357
"A4BE2D",1353
"BE2DE0",1351
"8A20E0",1348
"E0A499",1336
"A5812C",1314
"A499E0",1312
"A4BE2C",1306
"9DE0A4",1301
"A4A82C",1283
"A58D2C",1277
"8D2C20",1254
"A4AA20",1246
"A82C20",1243
"99E0A5",1241
"AA20E0",1240
"BE2C20",1233
"822C20",1226
"E0A483",1140
"98E0A5",1138
"A4B02C",1124
"B02C20",1100
"9C20E0",1078
"A49C20",1073
"A4A120",1046
"A120E0",1045
"E0A493",1013
"E28099",1008
"A493E0",993
"93E0A4",959
"A48F2C",939
"8F2C20",918
"2020E0",880
"A5822C",858
"3FE280",838
"A49620",837
"9620E0",827
"A48720",775
"A4AB20",737
"AB20E0",735
"A4B520",715
"B520E0",711
"A49B3F",675
"A48320",661
"3020E0",652
"A58C2C",639
"8C2C20",625
"A5802C",614
"A58C3F",611
"802C20",592
"A49D20",522
"A49A20",516
"9A20E0",516
"A48920",495
"8920E0",495
"809920",477
"303020",475
"8320E0",461
"9920E0",460
"A4A83F",431
"A483E0",397
"A4822C",391
"A83F20",375
"28E0A4",372
"A4B02D",371
"B02DE0",368
"A58B3F",363
"A4BF2C",356
"2028E0",354
"BF2C20",351
"822DE0",350
"A5822D",345
"9B3F20",329
"A4AE2C",324
"A4B92C",318
"A4B22C",315
"9DE280",310
"AE2C20",309
"809DE2",308
"9EE0A5",306
"8C3F20",305
"2C3030",302
"B22C20",296
"A58DE2",294
"8DE280",294
"B92C20",288
"303030",281
"E2808C",279
"A4AC2C",278
"808CE0",277
"AC2C20",269
"A48A2C",267
"A4812C",266
"882C20",265
"8A2C20",260
"A4A82D",255
"A82DE0",254
"A58D3F",252
"202020",244
"21E280",239
"2920E0",236
"A58B21",232
"A4B22D",227
"B22DE0",226
"BEE0A5",226
"88E0A5",224
"E0A494",220
"A4BF2D",215
"BF2DE0",213
"A4A821",213
"A58D21",211
"9B3FE2",210
"A4B021",209
"A5802D",205
"802DE0",204
"A4B82C",194
"B82C20",189
"A420E2",187
"8B2120",187
"8C3FE2",186
"8320E2",183
"8B3F20",178
"812120",178
"A49B21",174
"A4A42C",167
"A4A020",166
"B02120",165
"A020E0",164
"A4952C",162
"A58121",162
"952C20",160
"A494E0",159
"80E0A5",156
"94E0A4",155
"A42C20",151
"A82120",150
"9B20E2",146
"3B20E0",145
"A5882C",144
"E0A48B",143
"A48BE0",143
"882DE0",138
"8B3FE2",138
"A4A42D",138
"A42DE0",135
"A4882C",134
"8D3F20",133
"A4952D",128
"812DE0",127
"A58B2D",127
"952DE0",126
"8B2DE0",125
"A49C2D",125
"9C2DE0",125
"872020",124
"BE2020",119
"A5A429",118
"A5813F",116
"A42028",110
"A4A220",110
"A220E0",110
"8D2120",109
"8B20E2",108
"A48A21",106
"A4AD20",105
"AD20E0",105
"872DE0",104
"A5812D",102
"A5873F",102
"A4AF2C",99
"AF2C20",99
"302C30",97
"8B2020",94
"9B2120",94
"A4823F",92
"813F20",91
"8720E2",88
"A4A32C",88
"A32C20",88
"8820E2",86
"882020",86
"8D3FE2",84
"9CE280",83
"203130",82
"A5872D",82
"20312C",82
"822120",81
"A4A62C",79
"9820E0",79
"99E0A4",79
"809CE2",78
"809820",76
"A4B03F",74
"A4882D",73
"A62C20",73
"A58221",73
"BFE0A5",70
"A4BE21",69
"A4B62C",69
"8A2120",69
"A58C21",69
"B62C20",67
"A4BEE2",67
"BEE280",67
"A5882D",66
"20E0A5",63
"2D20E0",62
"BE2031",62
"203230",62
"E0A490",61
"BE2032",61
"203132",60
"A4B82D",60
"B82DE0",60
"A4A52C",58
"A52C20",58
"813FE2",58
"A49420",58
"9420E0",58
"BE2120",57
"A48121",56
"823F20",55
"873F20",53
"322C30",53
"A42020",52
"312C30",52
"8120E2",51
"2CE280",51
"A4862D",51
"862DE0",51
"A42920",50
"353020",48
"A4813F",48
"BE20E2",48
"A4A8E2",47
"A8E280",47
"3220E0",47
"822020",47
"A49F2C",47
"9F2C20",47
"BF2020",47
"A4AE2D",47
"AE2DE0",47
"B03F20",47
"A4872C",46
"A58BE2",46
"8BE280",46
"A4972D",44
"972DE0",44
"BE2033",44
"8C2120",44
"A4AF2D",43
"A49C2C",43
"A4BE3F",43
"AF2DE0",42
"3520E0",42
"9C2C20",42
"203A20",42
"203330",41
"8D21E2",40
"323020",40
"BE2034",40
"81E280",39
"A49F2D",39
"9F2DE0",39
"A4AA2C",38
"203235",38
"BE2028",37
"A48F3F",37
"AA2C20",36
"A48620",36
"BF20E2",36
"203430",36
"823FE2",36
"872031",36
"A4B62D",35
"2C2020",35
"313030",35
"8D20E2",35
"812020",35
"B62DE0",34
"353030",34
"203232",34
"A4972C",34
"8620E0",34
"93E0A5",34
"BE2036",34
"20332C",34
"82E280",34
"9B21E2",34
"31302C",34
"A48221",33
"203530",33
"A49020",33
"9020E0",33
"B02020",33
"20322C",33
"363030",32
"972C20",32
"A58B29",32
"A58721",32
"A4822D",32
"A4A02C",32
"822031",32
"A582E2",32
"A82020",31
"873FE2",31
"B020E2",31
"A02C20",31
"A581E2",30
"A4962C",30
"962C20",30
"A820E2",30
"A4A62D",30
"343030",30
"A4A32D",30
"A32DE0",30
"A58021",29
"333030",29
"B92031",29
"203630",29
"3120E0",29
"A83FE2",29
"A62DE0",29
"323030",29
"A4962D",29
"962DE0",29
"802020",28
"30302C",28
"BE2035",28
"352C30",28
"203131",28
"BF2031",28
"A4202D",28
"A4B0E2",27
"B0E280",27
"A490E0",27
"90E0A4",27
"A58D3B",27
"A821E2",27
"822D20",27
"A4812D",26
"A4A12D",26
"A12DE0",26
"A4A72C",26
"9920E2",26
"A4AA2D",26
"AA2DE0",26
"A4BE31",26
"8A21E2",26
"A42032",25
"8220E2",25
"809DE0",25
"BF2032",25
"88E280",25
"802120",24
"9D2028",24
"A49920",24
"A49521",24
"A72C20",24
"2C3530",24
"A4AF21",24
"AF2120",24
"332C30",24
"9D2020",24
"203332",23
"9F2031",23
"342C30",23
"333020",22
"29E0A5",22
"A4872D",22
"BE3F20",22
"A4A52D",22
"A52DE0",22
"8D3B20",22
"A4B221",22
"8F3F20",22
"A4A021",22
"A4B029",21
"A49B3B",21
"31322C",21
"A58D2D",20
"A82028",20
"952120",20
"3320E0",20
"A4BE29",20
"9B3B20",20
"872028",20
"A5A4E0",20
"3A2031",20
"8D2DE0",19
"203234",19
"313220",19
"203730",19
"313020",19
"203138",19
"872120",19
"BE2920",19
"A488E2",19
"B02028",19
"B02920",19
"B22120",19
"A48F21",19
"203830",18
"BE2038",18
"A4A829",18
"2C3430",18
"872032",18
"89E0A5",18
"822033",18
"20342C",18
"A580E2",17
"80E280",17
"A49B29",17
"A4A12C",17
"A12C20",17
"822028",17
"373030",17
"3620E0",17
"A4BE3B",17
"A4B821",17
"A02120",17
"32302C",17
"A49BE2",17
"9BE280",17
"202C20",17
"203133",16
"A42031",16
"A4AE21",16
"812CE2",16
"A48AE2",16
"8AE280",16
"3820E0",16
"32322C",16
"BE3FE2",16
"203134",16
"A4B52D",16
"B52DE0",16
"A4B72C",16
"B72C20",16
"8B2920",16
"A49721",16
"972120",16
"8121E2",16
"2020E2",16
"3720E0",15
"A42033",15
"203135",15
"A4B52C",15
"B52C20",15
"A587E2",15
"87E280",15
"AE2020",15
"A4A43F",15
"8C20E2",15
"362C30",15
"32342C",15
"B82120",15
"8B2031",15
"32352C",15
"A48520",15
"8520E0",15
"2C2031",15
"A48F29",14
"B021E2",14
"A49820",14
"A58029",14
"802920",14
"383020",14
"20372C",14
"BE3B20",14
"2C2032",14
"882031",14
"8F2120",14
"312C32",14
"2E20E0",14
"A4A4E2",13
"30E0A4",13
"BF2033",13
"B02032",13
"8B2028",13
"B82020",13
"A58229",13
"2C3630",13
"2C3230",13
"2C3730",13
"2CE0A4",13
"8C21E2",13
"8B21E2",13
"372C30",13
"822036",13
"312D32",13
"31383A",13
"202D20",12
"A4B8E2",12
"B8E280",12
"BE2039",12
"203136",12
"32E0A4",12
"A4AEE2",12
"AEE280",12
"8020E2",12
"A4B229",12
"822920",12
"323530",12
"8099E2",12
"99E280",12
"A4A83B",12
"203435",12
"822032",12
"802032",12
"822037",12
"203331",12
"BE3120",12
"9D2C20",12
"A49320",12
"9320E0",12
"8F20E2",12
"B92032",12
"3A312D",12
"A4203A",12
"8221E2",11
"343020",11
"A48F2D",11
"A82920",11
"A4AE29",11
"809C20",11
"A43FE2",11
"203238",11
"20362C",11
"AE2028",11
"20352C",11
"202120",11
"A4B921",11
"9F2020",11
"A4852C",11
"852C20",11
"A4AC2D",11
"AC2DE0",11
"2D3132",11
"AF2020",11
"312D31",11
"992020",11
"B03FE2",10
"313230",10
"203239",10
"8F2DE0",10
"A4B92D",10
"B92DE0",10
"A4AB2C",10
"AB2C20",10
"8F2920",10
"9B2920",10
"BF2034",10
"3420E0",10
"203533",10
"3F20E2",10
"203233",10
"872033",10
"363020",10
"9D20E2",10
"A5803F",10
"B82028",10
"382C30",10
"A49E20",10
"9E20E0",10
"8B2032",10
"2120E2",10
"A4883F",10
"AE2120",10
"202D31",10
"202D32",10
"383A31",10
"373020",9
"203635",9
"B92036",9
"BE2037",9
"8F2028",9
"BE21E2",9
"292C20",9
"A481E2",9
"B22920",9
"802028",9
"A83B20",9
"A49B2D",9
"203532",9
"B02031",9
"A58B3B",9
"8B3B20",9
"B22020",9
"872037",9
"802031",9
"882120",9
"203520",9
"872035",9
"809D29",9
"203231",9
"A49A2C",9
"9A2C20",9
"A495E2",9
"95E280",9
"A4BFE2",9
"BFE280",9
"9620E2",9
"3A3131",9
"3A2032",9
"313138",9
"383A32",9
"3A3232",9
"393020",8
"3920E0",8
"35E0A4",8
"203236",8
"A4B2E2",8
"B2E280",8
"AE2920",8
"A58D29",8
"A58CE2",8
"8CE280",8
"A49C21",8
"A42034",8
"BF2035",8
"AE20E2",8
"8099E0",8
"2C2028",8
"203632",8
"9B2DE0",8
"203432",8
"882920",8
"313130",8
"9B2CE2",8
"802033",8
"8F3FE2",8
"A5823F",8
"A48821",8
"203339",8
"20312D",8
"38302C",8
"203137",8
"B92120",8
"A49D2C",8
"A49621",8
"A58C3B",8
"8C3B20",8
"342C35",8
"AC2020",8
"20383A",8
"313A31",8
"3A3130",8
"34303A",8
"952020",8
"203930",7
"313520",7
"203336",7
"36E0A4",7
"39E0A4",7
"882028",7
"8B29E0",7
"203237",7
"203334",7
"A58729",7
"A49A2D",7
"9A2DE0",7
"873B20",7
"A58C2D",7
"8C2DE0",7
"203734",7
"34302C",7
"203431",7
"A4A72D",7
"A72DE0",7
"8C2020",7
"A48F3B",7
"31382C",7
"822035",7
"882032",7
"A82032",7
"2C3830",7
"333220",7
"962120",7
"A5813B",7
"2D3233",7
"2D3237",7
"8098E2",7
"98E280",7
"982020",7
"3A2033",7
"20363A",7
"363A31",7
"B82031",7
"32323A",7
"203335",6
"A48829",6
"872920",6
"A829E0",6
"203333",6
"8D2CE2",6
"A4BF3F",6
"812920",6
"822034",6
"BF2028",6
"A4A7E2",6
"A7E280",6
"A5873B",6
"2C3330",6
"322C37",6
"2C3130",6
"203634",6
"3030E0",6
"33302C",6
"8C2CE2",6
"8F3B20",6
"832031",6
"803FE2",6
"3B20E2",6
"A48A3F",6
"BF2036",6
"203337",6
"37302C",6
"A49F21",6
"9F2120",6
"313820",6
"8B2033",6
"203636",6
"A5803B",6
"9F2032",6
"A4932C",6
"932C20",6
"A49FE2",6
"9FE280",6
"A588E2",6
"32312D",6
"32322D",6
"32332D",6
"9B2020",6
"A49B2E",6
"333A31",6
"373B20",6
"303A31",6
"352D32",6
"303B20",6
"9D203A",6
"323A31",6
"A32020",6
"31343A",6
"34E0A4",5
"383030",5
"363520",5
"952031",5
"203539",5
"33E0A4",5
"313530",5
"8D2020",5
"203935",5
"29E0A4",5
"8D2920",5
"BF2037",5
"9C2120",5
"A4B23B",5
"302C35",5
"33322C",5
"322C32",5
"312C35",5
"332C34",5
"312C38",5
"323733",5
"373320",5
"31342C",5
"312C37",5
"203732",5
"203631",5
"373520",5
"882033",5
"A82031",5
"812031",5
"A49C31",5
"A4BF21",5
"A520E2",5
"203139",5
"8B2034",5
"323220",5
"A43F20",5
"8D2021",5
"323520",5
"823B20",5
"3A20E0",5
"203639",5
"A49CE2",5
"A4B72D",5
"B72DE0",5
"822039",5
"2C2033",5
"2D3131",5
"31312D",5
"2D3137",5
"31372D",5
"2D3236",5
"883F20",5
"A4AD2D",5
"AD2DE0",5
"A021E2",5
"8F2020",5
"3A3138",5
"20393A",5
"3A3433",5
"322D32",5
"31303A",5
"343A34",5
"393A31",5
"A58D2E",5
"34372D",5
"372D35",5
"343A31",5
"20323A",5
"323A32",5
"3A372D",5
"AE2031",4
"203931",4
"203833",4
"203936",4
"B92039",4
"203737",4
"2C2035",4
"8B2036",4
"3232E0",4
"A4A22C",4
"A22C20",4
"203939",4
"3235E0",4
"A72020",4
"A4B03B",4
"A4A02D",4
"A02DE0",4
"AC2028",4
"38E0A4",4
"A58129",4
"812028",4
"8B2CE2",4
"203436",4
"A42035",4
"203420",4
"362C35",4
"34352C",4
"342C36",4
"352C34",4
"35332C",4
"343530",4
"822038",4
"20382C",4
"322C36",4
"33362C",4
"333120",4
"323320",4
"A58829",4
"203120",4
"972031",4
"A42036",4
"A320E2",4
"803F20",4
"A5A42C",4
"94E0A5",4
"B02036",4
"832036",4
"A496E2",4
"96E280",4
"809D2C",4
"802034",4
"333320",4
"B02034",4
"A4A421",4
"A42120",4
"A4B9E2",4
"B9E280",4
"8B2035",4
"313320",4
"363636",4
"363620",4
"313720",4
"8721E2",4
"883FE2",4
"313620",4
"313120",4
"373630",4
"A5823B",4
"803B20",4
"A4892C",4
"892C20",4
"2C2037",4
"332C36",4
"A5872E",4
"322C38",4
"2C3235",4
"323534",4
"313238",4
"812CE0",4
"9D2DE0",4
"2D3130",4
"31332D",4
"31352D",4
"2D3139",4
"32302D",4
"2D3231",4
"32362D",4
"2D3330",4
"B820E2",4
"802038",4
"A49A21",4
"383A33",4
"3A3136",4
"35333A",4
"323B20",4
"353A31",4
"31333A",4
"39203A",4
"3A3236",4
"332D31",4
"8D2E20",4
"303A33",4
"332D32",4
"32352D",4
"31313A",4
"3FE0A4",4
"3A3437",4
"323A34",4
"BE202D",4
"80992C",4
"992C20",4
"372D38",4
"3A3134",4
"202031",4
"A4B6E2",3
"B6E280",3
"313330",3
"AE2039",3
"303520",3
"B22036",3
"363220",3
"203638",3
"373720",3
"B92035",3
"B02033",3
"9B29E0",3
"A4B629",3
"B62920",3
"393920",3
"B03B20",3
"A4AFE2",3
"AFE280",3
"8B292C",3
"3238E0",3
"BF3F20",3
"992028",3
"972036",3
"203433",3
"A4852D",3
"852DE0",3
"8D2028",3
"323820",3
"31E0A4",3
"A4BF29",3
"BF2920",3
"203439",3
"A4AC3B",3
"9F2035",3
"352C36",3
"203534",3
"342C34",3
"35372C",3
"2C3033",3
"353530",3
"312C34",3
"882037",3
"372C35",3
"2C3735",3
"203620",3
"AE2032",3
"342C37",3
"A42D20",3
"203736",3
"A4862C",3
"862C20",3
"2C3031",3
"8A2CE2",3
"A4892D",3
"892DE0",3
"332C33",3
"373220",3
"31362C",3
"313233",3
"8D29E0",3
"9C3120",3
"A4A221",3
"A48129",3
"B221E2",3
"A58821",3
"972033",3
"A49421",3
"942120",3
"972034",3
"872038",3
"203220",3
"802036",3
"362D36",3
"2D3620",3
"A5883B",3
"883B20",3
"3B2033",3
"9C21E2",3
"343520",3
"203535",3
"343120",3
"333520",3
"B921E2",3
"B02035",3
"872034",3
"353220",3
"323920",3
"A4AC29",3
"AC2920",3
"35302C",3
"B02D20",3
"313132",3
"832035",3
"832033",3
"322C31",3
"313732",3
"2C3035",3
"9F2039",3
"20312F",3
"B22037",3
"313237",3
"323720",3
"203735",3
"A4B83F",3
"81202D",3
"AF20E2",3
"9521E2",3
"9D2032",3
"BE202C",3
"A497E2",3
"97E280",3
"B2202C",3
"2CE0A5",3
"A49D2D",3
"B220E2",3
"31302D",3
"31322D",3
"2D3238",3
"33302D",3
"B620E2",3
"813B20",3
"A58320",3
"A48A2D",3
"8A20E2",3
"9A21E2",3
"A4AA29",3
"AA2920",3
"9D2031",3
"31203A",3
"36203A",3
"372D31",3
"20353A",3
"3A3137",3
"363A39",3
"3A392D",3
"392D31",3
"2D3334",3
"343B20",3
"34332D",3
"323620",3
"31373B",3
"302D32",3
"33343A",3
"323729",3
"20333A",3
"8021E2",3
"383B20",3
"393A32",3
"312D33",3
"3A3235",3
"313A32",3
"3A3135",3
"8C3FE0",3
"2D3536",3
"35363B",3
"363B20",3
"2D3533",3
"333B20",3
"3A332D",3
"313229",3
"202DE0",3
"332D35",3
"3A3133",3
"87202C",3
"342C20",3
"32363A",3
"20313A",3
"3F2020",3
"3A2034",3
"31363A",3
"A4B829",3
"B82920",3
"972020",3
"B92033",3
"B92034",3
"32383A",3
"33323A",3
"36353A",3
"373A31",3
"20373A",3
"3A362D",3
"353A37",3
"9B2E20",3
"33313A",3
"A4A82E",3
"A8202D",2
"3234E0",2
"393330",2
"A42038",2
"A82038",2
"203834",2
"393520",2
"952033",2
"333635",2
"3530E0",2
"3239E0",2
"3236E0",2
"3237E0",2
"37E0A4",2
"AE21E2",2
"8F29E0",2
"808C20",2
"29E280",2
"333720",2
"343330",2
"952034",2
"872036",2
"B02037",2
"A4A721",2
"A72120",2
"A49F3B",2
"34362C",2
"35392C",2
"392C33",2
"9F2034",2
"2C3635",2
"363530",2
"9F2037",2
"37342C",2
"35342C",2
"203537",2
"372C34",2
"33352C",2
"36322C",2
"34312C",2
"30332C",2
"332C35",2
"2C3535",2
"802CE0",2
"2C3237",2
"312C33",2
"2C3336",2
"373530",2
"2C3633",2
"363330",2
"343830",2
"A4BF3B",2
"BF3B20",2
"8B2037",2
"AE2037",2
"332C37",2
"2C3733",2
"373330",2
"302C20",2
"36342C",2
"36302C",2
"322C35",2
"9F2028",2
"362C37",2
"37352C",2
"30E0A5",2
"33372C",2
"9F2036",2
"203637",2
"3432E0",2
"203338",2
"A4A429",2
"3332E0",2
"A48A3B",2
"8A3B20",2
"333231",2
"A4B621",2
"B62120",2
"B0292C",2
"B22028",2
"AE292C",2
"A42039",2
"393030",2
"BF21E2",2
"A82CE2",2
"312C31",2
"32362C",2
"A52028",2
"BF2120",2
"BF3FE2",2
"9F2033",2
"812032",2
"A82035",2
"8A3F20",2
"BE2CE2",2
"313920",2
"3339E0",2
"A5A43F",2
"20362D",2
"323420",2
"AC3B20",2
"A4AAE2",2
"AAE280",2
"A4B7E2",2
"B7E280",2
"203820",2
"2C2034",2
"203320",2
"313420",2
"8A2021",2
"9B2021",2
"A4AC21",2
"AC2120",2
"952028",2
"2C2036",2
"A4B929",2
"B92920",2
"8A3FE2",2
"333920",2
"862028",2
"832020",2
"AF2028",2
"323120",2
"8B2D20",2
"203434",2
"2C3736",2
"3B2032",2
"81203A",2
"A4A43B",2
"A43B20",2
"A4873B",2
"323230",2
"363820",2
"BF2038",2
"AA2031",2
"872E20",2
"372C37",2
"8D202D",2
"2C3137",2
"333732",2
"2C3831",2
"363432",2
"203938",2
"323233",2
"373433",2
"363231",2
"313232",2
"333230",2
"333435",2
"203937",2
"393733",2
"303532",2
"2C3234",2
"323437",2
"303137",2
"333932",2
"363532",2
"882035",2
"872039",2
"A42037",2
"393620",2
"AC20E2",2
"322C33",2
"AF2031",2
"333735",2
"312031",2
"32E0A5",2
"9F20E2",2
"A4982C",2
"982C20",2
"813BE0",2
"3BE0A4",2
"A4AE3F",2
"202D33",2
"2D3135",2
"31392D",2
"31382D",2
"2D3230",2
"2D3232",2
"2D3234",2
"32382D",2
"A49D21",2
"A4B02E",2
"9B2028",2
"A4AD21",2
"AD2120",2
"822CE2",2
"A482E2",2
"A49DE2",2
"8A2DE0",2
"A22120",2
"333930",2
"BE2D20",2
"B2292C",2
"30203A",2
"36313A",2
"333A34",2
"31323B",2
"372D32",2
"323629",2
"312D34",2
"98203A",2
"302D33",2
"323329",2
"2D3332",2
"393A34",2
"332D34",2
"31303B",2
"33322D",2
"2D3337",2
"33373B",2
"31373A",2
"362D33",2
"342D33",2
"31393A",2
"2032E0",2
"333A37",2
"3A3132",2
"322D31",2
"2D3136",2
"8B2C29",2
"2C2920",2
"2D3235",2
"323529",2
"313B20",2
"302D31",2
"2D3134",2
"A5883F",2
"3A3331",2
"33312D",2
"BF2D20",2
"3A3230",2
"3A3233",2
"32333A",2
"39313A",2
"A49F29",2
"9F2920",2
"81203F",2
"9B292C",2
"203531",2
"8A2020",2
"31342D",2
"312D35",2
"353B20",2
"313A34",2
"352D35",2
"353329",2
"2D3530",2
"35303B",2
"BF202C",2
"393A38",2
"35203A",2
"B821E2",2
"323A37",2
"A48721",2
"9C2020",2
"35393A",2
"32393A",2
"383A34",2
"35323A",2
"813BE2",2
"3BE280",2
"B52020",2
"39353A",2
"303A36",2
"362D38",2
"313A33",2
"3A3334",2
"B62033",2
"A82E20",2
"2EE0A5",2
"9D2038",1
"203933",1
"313035",1
"383037",1
"303720",1
"393132",1
"B02039",1
"B62038",1
"203831",1
"383135",1
"393035",1
"A82037",1
"383430",1
"A82039",1
"393130",1
"B22038",1
"383330",1
"203839",1
"383935",1
"A62031",1
"313632",1
"3632E0",1
"A62038",1
"393632",1
"952036",1
"313836",1
"3836E0",1
"363832",1
"3832E0",1
"393639",1
"3639E0",1
"313832",1
"383220",1
"952035",1
"353935",1
"373737",1
"2033E0",1
"B22031",1
"9C2033",1
"363031",1
"303120",1
"333530",1
"393530",1
"3334E0",1
"AE212C",1
"212C20",1
"AE2121",1
"2121E2",1
"3335E0",1
"802D20",1
"A4ACE2",1
"ACE280",1
"B229E0",1
"B52028",1
"A493E2",1
"93E280",1
"8B29E2",1
"9D2033",1
"3333E0",1
"AF2034",1
"313337",1
"383320",1
"AA20E2",1
"3436E0",1
"A4B93B",1
"B93B20",1
"B22034",1
"343920",1
"A4B529",1
"B52920",1
"9F3B20",1
"A4AA3B",1
"2C3836",1
"38362C",1
"362C34",1
"2C3531",1
"35312C",1
"2C3435",1
"2C3038",1
"30382C",1
"382C31",1
"2C3537",1
"372C36",1
"382C33",1
"362C32",1
"332C32",1
"382C34",1
"2C3438",1
"A4A629",1
"A62920",1
"322C34",1
"3435E0",1
"34332C",1
"AC2032",1
"37362C",1
"342C33",1
"35322C",1
"8829E0",1
"30312C",1
"32332C",1
"37322C",1
"36312C",1
"2C3337",1
"363735",1
"882036",1
"363120",1
"333820",1
"962020",1
"3133E0",1
"8C2033",1
"8A2028",1
"3231E2",1
"31E280",1
"AF2033",1
"972035",1
"A429E2",1
"9C2028",1
"A4292C",1
"3336E0",1
"31352C",1
"802037",1
"34322C",1
"3230E0",1
"352C31",1
"AB2031",1
"AF2036",1
"A4A2E2",1
"A2E280",1
"A82036",1
"3430E0",1
"203835",1
"383520",1
"A4A63F",1
"A63FE2",1
"882034",1
"A4B23F",1
"B23FE2",1
"333630",1
"812033",1
"A4AF29",1
"AF2920",1
"A4A53F",1
"A53FE2",1
"AE29E0",1
"AE2038",1
"A82033",1
"A4AE3B",1
"8F293B",1
"312DE0",1
"20322D",1
"322DE0",1
"20332D",1
"332DE0",1
"303035",1
"203438",1
"AA2032",1
"343230",1
"822021",1
"323332",1
"32372C",1
"9D2920",1
"832034",1
"BE29E0",1
"AE2033",1
"343220",1
"B22035",1
"9C2032",1
"8F2CE0",1
"3134E0",1
"B02CE0",1
"2C3835",1
"38352C",1
"353520",1
"A4A129",1
"A12920",1
"812037",1
"B22D20",1
"34342C",1
"203837",1
"38372C",1
"303334",1
"333420",1
"302C32",1
"31372C",1
"372C32",1
"363930",1
"323132",1
"B23B20",1
"A4B63B",1
"B63B20",1
"A62D20",1
"882D20",1
"362C38",1
"372C31",1
"302C38",1
"32382C",1
"382C36",1
"9F2038",1
"31312C",1
"33382C",1
"809C32",1
"9C3234",1
"323838",1
"383820",1
"A4AB29",1
"AB2920",1
"80202D",1
"A4982D",1
"982DE0",1
"2C3533",1
"A02032",1
"B62035",1
"AA2035",1
"2E20E2",1
"9B2DE2",1
"2DE280",1
"2C3037",1
"30372C",1
"3B2037",1
"87202D",1
"AB2020",1
"2D20E2",1
"343130",1
"373735",1
"383132",1
"203934",1
"393435",1
"363233",1
"2C3232",1
"323232",1
"303536",1
"343534",1
"333233",1
"203536",1
"313536",1
"373235",1
"393220",1
"A8203A",1
"333430",1
"B82032",1
"323138",1
"313630",1
"382031",1
"312F32",1
"2F3220",1
"2C2039",1
"AE2035",1
"A4B729",1
"B72920",1
"3532E0",1
"383138",1
"383435",1
"363438",1
"363238",1
"2C3332",1
"333232",1
"363637",1
"2C3036",1
"303637",1
"363535",1
"333238",1
"333234",1
"313838",1
"373231",1
"332C39",1
"2C3933",1
"313438",1
"313338",1
"3139E0",1
"353330",1
"312F33",1
"2F3320",1
"312F34",1
"2F3420",1
"363720",1
"343638",1
"8F2038",1
"203832",1
"383232",1
"832032",1
"323432",1
"38E0A5",1
"323834",1
"3834E0",1
"34E0A5",1
"A4902C",1
"902C20",1
"313830",1
"8821E2",1
"82203A",1
"9B203F",1
"203F20",1
"B83F20",1
"A720E2",1
"A58028",1
"8028E0",1
"B22029",1
"202920",1
"A4AF3B",1
"AF3B20",1
"A4BE28",1
"BE28E0",1
"B9202C",1
"A4AB21",1
"AB2120",1
"872CE0",1
"AE3F20",1
"2D312D",1
"2D322D",1
"2D332D",1
"202D34",1
"2D342D",1
"202D35",1
"2D352D",1
"202D36",1
"2D362D",1
"202D37",1
"2D372D",1
"202D38",1
"2D382D",1
"202D39",1
"2D392D",1
"2D3133",1
"2D3138",1
"32342D",1
"32372D",1
"2D3239",1
"32392D",1
"2036E0",1
"9D2120",1
"8C202D",1
"B02E2E",1
"2E2E2E",1
"9F202D",1
"A429E0",1
"8F2C21",1
"2C2120",1
