"756E61",17070
"726120",11307
"6E6120",11222
"617261",10391
"636869",9001
"686361",8967
"736863",8925
"6D616E",8837
"687561",8301
"207061",7874
"736861",7866
"612063",7805
"206361",7732
"67756E",7222
"612C20",7047
"616E61",6786
"756361",6779
"617368",6723
"616368",6572
"697368",6491
"616E64",6473
"6E6461",6177
"636120",6019
"207368",5836
"63616E",5736
"612072",5570
"61756E",5530
"616E67",5481
"206D61",5379
"6E6175",5309
"636861",5306
"612061",5285
"6C6C61",5121
"717569",5090
"706169",4995
"696E61",4968
"612070",4922
"616D61",4852
"6E6761",4790
"6E6775",4733
"6E6172",4565
"616920",4499
"696D61",4421
"696368",4378
"207269",4244
"692C20",4135
"617269",4092
"636875",3939
"757368",3903
"61206D",3896
"68696E",3895
"646120",3862
"206E69",3857
"206368",3816
"612073",3807
"20C3B1",3671
"746120",3427
"697261",3347
"736869",3342
"C3B175",3298
"686120",3229
"206375",3172
"617320",3171
"206875",3146
"207475",3096
"756120",3058
"756375",2984
"6D6120",2950
"726173",2937
"612074",2892
"616967",2825
"207275",2800
"B17563",2781
"736875",2777
"696361",2727
"617563",2668
"726963",2666
"616361",2640
"696875",2619
"63612E",2539
"696775",2500
"756E67",2481
"636172",2458
"72756E",2450
"687520",2440
"616875",2436
"67616A",2425
"616D69",2417
"747563",2395
"756920",2394
"207961",2364
"616C69",2329
"63616D",2293
"696F73",2253
"692063",2245
"696375",2237
"2C2063",2236
"68612C",2211
"796163",2205
"686920",2202
"44696F",2195
"616C6C",2173
"72696E",2169
"726973",2165
"6A7069",2134
"636175",2117
"206C6C",2097
"207261",2091
"696D69",2056
"72696D",2055
"612068",2053
"6A6775",2022
"204469",2019
"C3B161",2017
"6E6973",2005
"676120",1962
"737461",1946
"616A20",1942
"696E67",1938
"207175",1923
"6E7A68",1915
"637569",1909
"68696D",1902
"692074",1900
"6D6173",1894
"612075",1877
"6E6368",1842
"6E616D",1825
"697461",1809
"4A6573",1808
"612E20",1806
"677569",1802
"20616C",1784
"706163",1783
"2C2070",1780
"636169",1756
"613A20",1747
"63612C",1746
"616A70",1743
"61206E",1741
"6C6172",1719
"63756E",1695
"686973",1692
"612069",1669
"6D6920",1649
"206173",1642
"617573",1641
"756972",1633
"617175",1631
"697269",1620
"207469",1613
"616E63",1576
"6120C3",1573
"616968",1569
"207075",1567
"68616D",1566
"692072",1564
"616974",1562
"617961",1521
"692070",1518
"756963",1499
"746961",1459
"61206C",1456
"756368",1436
"637573",1435
"757269",1416
"756173",1407
"736E61",1397
"612079",1389
"204A65",1388
"61736E",1376
"692073",1376
"686172",1375
"6E616C",1364
"757261",1349
"6C6920",1348
"696C6C",1342
"706920",1341
"2C2061",1325
"706120",1319
"72616E",1319
"6D692E",1307
"616963",1305
"616D75",1295
"616761",1287
"63613A",1281
"6D756E",1280
"536869",1277
"20616E",1271
"692E20",1267
"506169",1264
"757361",1258
"69756E",1248
"6E6963",1240
"637461",1222
"757061",1207
"6E6469",1206
"636173",1192
"2C2073",1170
"692061",1166
"206170",1166
"706172",1164
"756E20",1163
"207461",1159
"72696A",1144
"687572",1141
"746175",1137
"6F7261",1127
"616374",1120
"746F20",1094
"656E74",1083
"636163",1082
"757469",1076
"61C3B1",1059
"732063",1054
"617061",1050
"20696D",1046
"737061",1044
"6573C3",1039
"612071",1038
"7A6861",1033
"C3BA73",1027
"73C3BA",1026
"697961",1019
"686163",1016
"68756E",1013
"204361",1002
"756D61",999
"206D75",999
"6D6261",998
"616E69",998
"207361",994
"BA7320",986
"706173",984
"732C20",978
"2C206E",976
"6E616A",970
"205061",969
"70756E",968
"67616D",967
"75696E",961
"757961",952
"697374",923
"616A67",917
"686963",916
"616E20",914
"2E2043",913
"6E696E",910
"6E6169",908
"6E6173",906
"617570",902
"2C206D",898
"616A2E",898
"20C2BF",892
"6D6163",886
"746172",883
"6E7461",881
"616972",875
"2C20C3",872
"616D62",870
"692069",866
"74616E",853
"436169",847
"686169",845
"637563",843
"68616E",842
"616E7A",842
"6E612C",835
"69206D",833
"6D6972",832
"732070",832
"68692C",819
"6F7320",817
"6A7461",816
"79616E",805
"68752E",803
"6A2C20",789
"756172",787
"657375",783
"206163",782
"C39175",774
"917563",774
"6C6163",761
"6D692C",759
"65C3B1",758
"61732C",754
"207069",753
"696A67",747
"73746F",742
"43616E",741
"C3B16F",738
"686173",734
"6C6120",731
"6E6168",731
"2E2050",730
"70692C",729
"756E7A",728
"752C20",727
"6C6C75",725
"617374",716
"B16175",712
"696A20",709
"6C6171",705
"207579",704
"637565",704
"75656E",704
"68696A",702
"7561C3",701
"6D6172",698
"612044",697
"696761",689
"756973",681
"436869",679
"73206D",661
"617369",655
"206168",655
"617075",653
"68692E",653
"206D69",651
"207563",651
"6E2C20",651
"B16F72",649
"6F7370",644
"6E616E",642
"68752C",635
"796173",634
"206979",629
"687569",626
"20616D",624
"616A2C",622
"726169",620
"752063",620
"5365C3",620
"68612E",619
"646920",610
"692068",610
"617069",602
"6920C3",601
"737573",601
"20616A",595
"697061",585
"68756A",584
"67612C",582
"205365",582
"686F72",578
"637574",576
"696E69",571
"72612C",565
"204368",565
"70616A",564
"707572",560
"61696D",555
"206169",552
"7A6875",546
"207369",542
"626120",539
"756A20",535
"6E692C",535
"2C2074",534
"206963",533
"75696C",531
"206973",531
"6D616A",527
"3A2043",523
"61692C",517
"696572",515
"205368",515
"61726D",511
"696920",505
"6A2072",504
"646172",504
"6C6169",502
"2C2044",500
"207573",499
"796169",496
"69C3B1",492
"6A6C6C",487
"646173",487
"70616E",483
"204D61",481
"726920",480
"2C2069",477
"616A74",475
"637572",474
"697175",472
"756A67",469
"2E2053",468
"75616A",467
"72746F",467
"75756E",465
"692071",465
"61204A",463
"726D69",463
"6E6167",463
"657274",463
"692079",461
"6C6C63",459
"64612C",458
"6C6361",456
"752061",456
"736972",456
"686968",454
"6D7573",454
"617274",451
"616A6C",449
"437269",447
"796172",447
"496D61",447
"69616A",445
"706973",445
"626173",444
"6F7374",443
"74616D",440
"20686F",437
"20C391",436
"736D61",434
"686972",434
"6D6169",431
"206174",431
"75616E",426
"6A2063",421
"727469",420
"616A6D",420
"617461",417
"207375",417
"2C2072",416
"4D616E",416
"204372",415
"6A2061",415
"676172",409
"696E20",409
"692075",409
"747570",408
"737069",406
"2C204A",402
"79756A",400
"746173",396
"626920",393
"20746F",392
"612043",387
"697320",387
"697475",386
"6E692E",386
"205961",385
"6E2063",380
"69616E",378
"732061",377
"732072",375
"74756E",375
"6A6D61",373
"706963",372
"6D6975",372
"6C6963",370
"206369",370
"756E2E",368
"6C7563",366
"756E2C",365
"746163",363
"732073",361
"756C6C",361
"6F2070",360
"752070",360
"757374",360
"696A75",360
"736163",359
"656E64",359
"69206E",357
"417374",357
"70696E",356
"697276",355
"727669",355
"677261",353
"746F72",353
"757175",352
"752072",351
"617475",351
"726975",348
"2E2041",348
"3A20C2",347
"736871",347
"687175",347
"696175",346
"756163",346
"696E7A",346
"536875",345
"6D6963",345
"6E7469",344
"7A6869",344
"69206C",343
"657920",341
"706972",341
"756975",340
"64612E",340
"756E64",340
"207571",339
"756169",337
"72616A",336
"726974",335
"696A70",335
"207661",333
"757069",333
"69204A",332
"687574",331
"6F2073",328
"756E69",327
"2C2075",327
"6E6765",326
"67656C",326
"617363",325
"6D656E",325
"696373",323
"6F726D",323
"6D7563",321
"636965",321
"746970",320
"756971",318
"6F736D",314
"686175",314
"2C2068",313
"746169",313
"73616E",313
"6C6173",312
"547563",312
"646163",311
"752074",310
"67756D",310
"757975",309
"6E6D61",307
"756373",307
"2C20C2",307
"616261",306
"63616C",305
"616973",305
"746920",304
"436875",304
"736172",303
"207572",302
"6F6775",301
"746972",300
"61692E",299
"612076",299
"693A20",299
"637368",298
"6E6920",298
"636174",298
"73616D",297
"637369",297
"64696F",296
"752E20",296
"617370",295
"596179",293
"732074",292
"6D756A",292
"686179",291
"692044",289
"736361",288
"726D65",288
"6F7220",287
"C2BF49",287
"73616C",286
"205361",285
"696269",285
"6D6269",285
"75692C",285
"637520",282
"686979",282
"6C6F20",282
"76616C",280
"6D6171",280
"686167",279
"BF496D",279
"204573",278
"61732E",278
"752073",278
"637269",276
"756D62",276
"726D61",275
"6D61C3",275
"73616A",272
"79616A",272
"2C2053",271
"72646F",271
"736870",270
"726163",270
"6A7520",270
"757461",268
"457370",268
"756875",268
"487561",267
"61756D",267
"687069",266
"6E2061",265
"4D6169",265
"616E73",265
"696172",264
"657264",264
"757075",264
"696120",263
"686170",262
"2C206C",262
"63756A",261
"707520",260
"727573",260
"20696C",260
"63756C",260
"617361",260
"72612E",259
"726172",259
"617263",259
"74696E",258
"696E64",257
"616E74",257
"6D612E",257
"6C616E",256
"73696E",256
"736169",254
"707573",253
"676163",253
"726F20",252
"7320C3",251
"6E6D69",250
"636961",250
"693F20",249
"52756E",249
"61696C",248
"67612E",247
"6E7361",247
"736120",246
"612053",246
"6F2063",246
"6E2E20",246
"726970",246
"6A2074",246
"617469",244
"204A75",243
"6E2072",242
"61626C",242
"626C6F",242
"756761",241
"6E6170",241
"506162",241
"6A2E20",238
"612067",238
"64616E",237
"72C3AD",236
"756469",236
"6D612C",236
"20756E",234
"6C7061",233
"6E206D",232
"6A206D",232
"6C6C70",231
"726175",231
"75206D",230
"68613A",229
"76696A",229
"6A2073",228
"736171",227
"70616D",227
"B16169",227
"757370",226
"6C6972",226
"736173",226
"737563",224
"6E612E",223
"796120",223
"72692C",222
"7069C3",221
"3A2053",221
"756E63",221
"67616E",218
"6F206E",217
"B17573",217
"746969",217
"73206E",217
"726361",217
"616E6D",216
"75696D",216
"687573",216
"6E746F",216
"6E2070",216
"706167",215
"636168",215
"B16120",214
"746973",214
"756A70",214
"75692E",213
"616962",213
"6F756E",213
"2E204D",212
"206972",212
"756168",211
"73756D",211
"74696D",210
"6C616D",209
"756372",208
"6F7465",208
"636179",208
"616375",208
"696D75",207
"616365",207
"79616C",207
"6F2061",206
"6E67C3",206
"2E20C3",206
"613B20",206
"204173",203
"696F67",203
"756968",203
"6C616A",203
"696E2E",202
"2C2079",201
"64726F",201
"747572",200
"C3BC69",200
"67C3BC",199
"756C61",198
"796175",198
"20696E",196
"6C7175",196
"6F6D61",195
"6C6775",195
"74696C",195
"6E6475",195
"656472",195
"726461",194
"506564",194
"612065",191
"6D6168",191
"756171",188
"206A75",188
"6A7564",188
"796179",188
"517569",187
"696F20",187
"7569C3",187
"75726D",186
"612062",186
"205275",185
"693B20",185
"3A20C3",185
"C3AD61",184
"6C6C71",184
"692053",183
"636170",183
"696173",182
"6D7579",182
"696369",182
"C3B36E",181
"6C696A",181
"B1756E",181
"206C65",181
"2C2043",180
"736969",180
"74616C",180
"746F6E",179
"726567",179
"72616D",178
"6D696E",178
"75612C",178
"696A74",177
"737469",176
"697361",175
"797572",175
"20756D",174
"61746F",174
"6A6D69",173
"6C6579",173
"732075",173
"C2BF4D",172
"706974",172
"732069",171
"676169",170
"6172C3",169
"BF4D61",169
"6D616D",168
"646F74",168
"656C69",168
"636572",167
"727265",167
"756D69",167
"736175",167
"696E74",167
"656D70",166
"206261",166
"6E696A",166
"207570",166
"B16168",166
"6D616C",166
"707575",165
"707563",165
"436965",165
"72756D",164
"737570",164
"3F20C2",164
"204973",163
"6E6369",163
"4A7561",163
"616C61",162
"74612C",162
"6F6920",162
"616C65",161
"3A2041",160
"6A7061",159
"697975",159
"6A2070",158
"70692E",158
"736961",158
"697369",158
"686171",157
"2C2071",157
"6F6E64",157
"205475",156
"612064",156
"756A74",156
"70616C",156
"747520",156
"752069",156
"69732C",156
"687563",156
"656C20",155
"752068",155
"62616A",155
"68616C",155
"68616A",154
"63616A",154
"2E2052",154
"6E696D",154
"2E2054",153
"52616E",153
"726261",152
"65726F",152
"4A6572",152
"205065",152
"C39161",151
"637579",150
"B16173",150
"B1616E",150
"7520C3",149
"746170",149
"617975",149
"736761",149
"B36E20",148
"6E6C6C",148
"736375",147
"657275",147
"206573",147
"697365",147
"206172",147
"726375",147
"20636F",147
"73206C",147
"696E2C",146
"4A7564",145
"64692C",145
"746520",145
"736963",145
"796170",145
"646963",145
"6F2072",145
"6E6F20",145
"677520",144
"677573",144
"616369",143
"706175",142
"696E63",142
"6C696E",142
"65726E",142
"736179",142
"726162",142
"596163",142
"696E73",142
"732079",141
"70C3AD",141
"6D6175",140
"61686F",140
"756179",140
"677572",140
"204375",140
"756174",139
"206475",139
"6F2C20",139
"616772",139
"696A2C",138
"6E2073",138
"6E7320",138
"636368",137
"617574",137
"637575",137
"746F6D",136
"736973",136
"C2BF69",136
"6C6162",136
"62616E",136
"697275",135
"792061",134
"6D696D",134
"436173",134
"204875",134
"BF696D",134
"6C6573",134
"6F6E6F",133
"6E20C3",133
"636167",133
"C3AD72",133
"726269",133
"752075",133
"6E693A",133
"75612E",133
"72204A",133
"6C6D61",132
"AD7269",132
"6E2074",132
"6A2044",132
"20656E",132
"6C696F",132
"657370",131
"20416D",131
"6E3A20",131
"207975",131
"207465",131
"722C20",131
"796168",131
"207265",130
"617264",130
"7370C3",130
"205369",130
"206C69",130
"64696E",130
"2E204A",129
"696A6E",129
"65676F",129
"6C6461",128
"6D6179",128
"6A6E69",128
"756374",128
"BC6920",127
"205175",127
"6F722C",127
"3A204D",126
"6A6761",126
"617220",125
"206469",125
"53616E",124
"706967",124
"6C696D",124
"206772",124
"732068",123
"205269",123
"43756E",123
"6F2068",122
"726168",121
"747265",121
"6E6163",121
"706174",121
"706572",121
"646F6E",121
"613F20",121
"76616E",121
"696E6D",120
"792073",120
"68753F",120
"652061",119
"68696C",119
"3A2052",119
"6F7262",118
"3F206E",118
"696772",118
"2C2050",118
"B16163",118
"737175",118
"657369",118
"75616D",117
"6C656E",117
"626172",117
"746967",117
"206C61",117
"727567",117
"617371",117
"657661",117
"616E2C",116
"206576",116
"697573",115
"686967",115
"74612E",115
"676C65",115
"686975",114
"752079",114
"616E2E",114
"204369",114
"616C6D",113
"726579",113
"726972",113
"76696E",113
"756E6D",113
"696C61",113
"2C2041",112
"C3A16E",112
"B16172",112
"626175",112
"732044",112
"687579",112
"706968",112
"692043",112
"6F2045",111
"756A6C",111
"617262",110
"6D6969",110
"61756C",110
"612059",110
"6F7272",110
"692050",110
"20416E",109
"686974",109
"75696A",109
"696163",108
"417368",108
"757275",108
"736971",108
"746963",107
"612045",107
"73656F",107
"416D61",107
"416C69",107
"6E206C",106
"746975",106
"207665",106
"757363",105
"736920",105
"747574",105
"616A3F",105
"63613B",105
"727563",105
"207065",105
"612050",105
"69676C",105
"626972",104
"205069",104
"63696F",104
"61726F",104
"7565C3",104
"6A2068",104
"2E2048",103
"3A2050",103
"75693F",103
"6F6E61",103
"206967",103
"79616D",102
"68693F",102
"526963",102
"6D6967",102
"6C6174",101
"206775",101
"6E2044",101
"757263",101
"6F6973",101
"6A2069",99
"656F67",99
"6F204A",99
"612041",98
"6F206D",98
"647565",98
"73C3A9",97
"6E206E",97
"756969",97
"616E6F",97
"6C7572",97
"73696D",97
"6F206C",96
"6E2068",96
"732E20",96
"4D6F69",96
"204761",95
"C2BF43",94
"64616C",94
"6E7472",94
"627261",93
"697469",93
"43616D",93
"696C67",93
"3B2063",92
"656C67",92
"6A6875",92
"6F6C6C",92
"20416C",92
"206761",92
"616861",91
"6D706C",91
"676173",91
"6C6F72",91
"2E2044",90
"657374",90
"61656C",90
"69676F",90
"63756D",90
"706C6F",90
"67656E",90
"6C756C",90
"726174",90
"C2BF50",90
"656761",89
"4D6172",89
"6E2079",89
"206765",89
"6C7461",89
"657361",89
"204162",88
"AD6173",88
"204A6F",88
"61646F",88
"2E2049",88
"53696D",88
"20626F",88
"646973",88
"746F69",88
"416272",87
"497372",87
"737261",87
"6D6968",87
"616C74",87
"746572",87
"753F20",86
"74616A",86
"437573",86
"692076",86
"C3A973",86
"692041",85
"677269",85
"617270",85
"626F72",85
"20736F",85
"47616C",84
"6D6973",84
"676F20",84
"74656D",84
"746F6C",84
"6F6E74",84
"756E74",84
"656120",83
"726165",83
"736775",83
"646F72",82
"726E61",82
"206D6F",82
"757320",82
"204265",81
"726979",81
"204D6F",81
"205261",80
"696C65",80
"6C6C6F",80
"6F7264",80
"2E20C2",80
"756363",80
"616C75",80
"637568",80
"636973",80
"2C204D",79
"656E6D",79
"616E6C",79
"206661",79
"64616A",79
"6A6C69",79
"6D6F6E",79
"64616D",78
"61693F",78
"666172",78
"6C7567",78
"6E7465",78
"3B2073",78
"61204D",77
"6C696C",77
"747569",77
"6A6368",77
"206C75",77
"657320",76
"69656D",76
"6D706F",76
"656F20",76
"204170",76
"696F6E",76
"617367",76
"BF5069",76
"2C2052",75
"206E61",75
"726775",75
"647520",75
"75206C",75
"727075",75
"6F6C64",75
"746965",74
"6C6561",74
"6C7574",74
"75C3B1",74
"6E2069",74
"61736D",74
"72693F",74
"676F75",74
"676175",74
"656E63",74
"6F7367",74
"204461",73
"436172",73
"6C6179",73
"617272",73
"70696A",73
"757367",73
"B16F20",73
"6C6975",72
"6A206C",72
"B1616D",72
"6C6973",72
"3B2070",72
"637475",72
"6D693B",72
"67613A",72
"656C6C",71
"756175",71
"62656E",71
"2069C3",71
"916175",71
"20676F",71
"506974",71
"752071",70
"6DC3B3",70
"752044",70
"486572",70
"617375",70
"BF4361",70
"74756C",70
"74613A",70
"726968",70
"64692E",69
"A16E67",69
"726F64",69
"726179",69
"4D6173",69
"726966",69
"70756C",69
"C2BF6D",69
"676F62",69
"732071",69
"766964",68
"697267",68
"616EC3",68
"4C6C61",68
"616372",68
"206265",68
"69732E",68
"6A2075",68
"A97320",68
"626169",68
"205469",68
"3F2043",68
"206167",68
"6E2064",68
"72636F",68
"61636F",67
"726961",67
"74756D",67
"6C6C69",67
"692065",67
"437574",67
"736975",67
"696669",67
"666963",67
"BF6D61",67
"436861",67
"6A20C3",67
"6F6761",66
"20C3A1",66
"6C7573",66
"69692C",66
"696169",66
"696D6F",66
"207365",66
"697263",66
"204A61",65
"75206E",65
"696E3A",65
"73204A",65
"70656E",65
"B1616A",65
"747361",65
"726167",65
"6973C3",65
"617275",65
"416875",65
"7061C3",65
"68753B",65
"747375",65
"50696C",65
"446176",64
"617669",64
"4A6163",64
"636F62",64
"736F20",64
"726570",64
"61C3AD",64
"736170",64
"417075",64
"686F6E",64
"636F72",64
"756E3F",64
"72613A",64
"647572",64
"6E7269",64
"616979",64
"696A6D",64
"6E7961",64
"6F6465",63
"657065",63
"6C612C",63
"686168",63
"6F6875",63
"692067",63
"687568",63
"6E2075",63
"726E6F",63
"677568",63
"73756E",63
"746167",63
"AD6120",62
"646573",62
"6E613A",62
"696DC3",62
"20496D",62
"736F6C",62
"727520",62
"75736D",62
"636863",62
"B17569",62
"61206A",62
"692062",61
"3A2059",61
"696E72",61
"6A756D",61
"636972",61
"2C2067",60
"797520",60
"6E3F20",60
"6E7475",60
"616E79",60
"756C6F",60
"2C2045",59
"6E6961",59
"736C6C",59
"627572",59
"6C6976",59
"20C2A1",59
"204261",58
"696D62",58
"6E6F61",58
"6F2074",58
"756A68",58
"753B20",58
"612052",58
"6F6D62",57
"74656E",57
"616E3A",57
"63686F",57
"76656E",57
"726F72",57
"204172",56
"6F6E69",56
"C3A920",56
"69692E",56
"206164",56
"6E6F72",56
"916120",56
"6E2071",56
"6D693A",56
"2E2055",56
"4A6F73",55
"7A6172",55
"757262",55
"6EC3A1",55
"616C64",55
"617472",55
"756A6D",55
"206E75",54
"204865",54
"72613F",54
"726F75",54
"696E6F",54
"68693B",54
"61736F",53
"7075C3",53
"206D65",53
"756A2C",53
"68693A",53
"616379",53
"637961",53
"6C7520",52
"617265",52
"6E7573",52
"69206A",52
"706F6C",52
"6F6269",52
"626965",52
"636F6D",52
"2C2059",52
"706168",52
"6F6D69",52
"73696F",52
"727570",51
"626572",51
"6D7061",51
"6C6961",50
"617A61",50
"72692E",50
"526579",50
"497368",50
"206275",50
"63613F",50
"497361",49
"2C2049",49
"20456C",49
"657461",49
"6C656D",49
"6D6974",49
"3A2054",49
"6C6168",49
"636F20",49
"416D65",49
"756170",49
"6C6970",49
"6E6875",49
"C3AD63",49
"69204D",48
"205265",48
"6E3B20",48
"207669",48
"3B2061",48
"6F6D70",48
"204665",48
"205461",47
"65616D",47
"204174",47
"656C61",47
"726967",47
"6D6573",47
"C3AD6E",47
"3A2049",47
"74696A",47
"2C2062",47
"6F7368",47
"6F732C",47
"6F20C3",47
"2C2054",46
"6C6F6D",46
"69616D",46
"3A2044",46
"756465",46
"2C2065",46
"426F72",46
"2E2059",46
"546172",46
"205075",46
"3A2055",46
"636F6E",45
"656D62",45
"727261",45
"646972",45
"C3AD20",45
"647569",45
"726761",45
"69736D",45
"756461",45
"756962",45
"616320",44
"707569",44
"61736C",44
"726574",44
"79612C",44
"C3A173",44
"616A63",44
"557961",44
"726469",44
"6E613F",44
"747573",44
"766163",44
"3B206D",44
"766173",44
"2C2042",43
"637361",43
"6C2072",43
"646561",43
"6E736F",43
"657261",43
"6A206E",43
"6A204A",43
"722070",43
"76656C",43
"6A2079",43
"72206E",43
"53616D",43
"536175",43
"204E61",42
"7175C3",42
"616265",42
"612042",42
"677579",42
"697264",42
"656E2E",42
"C3AD73",42
"637561",42
"3F2050",42
"207473",42
"616A3B",42
"736D75",41
"46656C",41
"697065",41
"616363",41
"616E68",41
"506173",41
"456C69",40
"70756D",40
"756D75",40
"6A2059",40
"706171",40
"20706F",40
"626163",40
"62692C",40
"6C6175",40
"697661",40
"206179",40
"756970",40
"204365",40
"6F2079",40
"697563",40
"C2BF70",39
"537570",39
"612047",39
"536861",39
"3B2072",39
"506920",39
"792041",39
"417269",39
"67752C",39
"2E204C",39
"612120",39
"417961",39
"426572",39
"2C206A",39
"20426F",38
"6EC3AD",38
"737472",38
"756772",38
"6D6979",38
"536163",38
"506968",38
"617473",38
"697075",38
"C2A141",38
"6A3F20",38
"6F2069",38
"6C6F2C",38
"53616C",37
"6F626F",37
"6F73C3",37
"6C6261",37
"416E67",37
"67752E",37
"732043",37
"A16E20",37
"6D696C",37
"204C6C",37
"766F6C",37
"747568",37
"706520",37
"722063",37
"436573",37
"3B20C3",37
"466172",36
"616D20",36
"736573",36
"752053",36
"205375",36
"6F6374",36
"6F6C74",36
"6C7469",36
"736F72",36
"75C3AD",35
"756167",35
"4D6163",35
"736D69",35
"687567",35
"756E6C",35
"20766F",35
"797575",35
"646175",35
"206372",35
"756967",35
"557368",35
"6E6121",35
"417461",34
"64696D",34
"612066",34
"536174",34
"676167",34
"74726F",34
"726F6E",34
"616A68",34
"436179",34
"68613F",34
"74C3A1",34
"6C6979",34
"2C2076",34
"732076",34
"557175",34
"72757A",34
"64696A",34
"6E2043",34
"6F6E67",34
"766973",34
"62696C",33
"6C2070",33
"3A204A",33
"6E204A",33
"436170",33
"BF7069",33
"52696D",33
"6D6574",33
"74656F",33
"204168",33
"205563",33
"6E2050",33
"617520",33
"6E7473",33
"6A3B20",33
"6A2053",33
"612051",33
"4C6579",33
"416E69",33
"726573",32
"692045",32
"656C62",32
"456769",32
"676970",32
"697074",32
"70746F",32
"417475",32
"677575",32
"68613B",32
"6F6C76",32
"6C766F",32
"6974C3",32
"746179",32
"692064",32
"637275",32
"792063",32
"732059",32
"656E61",32
"61796F",32
"697572",32
"6E6162",32
"72656C",31
"656D61",31
"204567",31
"4E617A",31
"75204A",31
"696F72",31
"6C756D",31
"6F7267",31
"732067",31
"65756E",31
"3F204D",31
"63696E",31
"6E6F69",31
"6A2071",31
"73656C",31
"726965",31
"74696F",31
"6E6164",30
"616269",30
"747561",30
"C3AD6A",30
"757369",30
"6E693B",30
"3A2048",30
"746575",30
"A17320",30
"A14179",30
"72C3B3",30
"2E2051",30
"696E6C",30
"616E75",29
"6C2063",29
"2C2047",29
"626969",29
"62692E",29
"726C61",29
"69726F",29
"547574",29
"3F2053",29
"426172",29
"696C69",29
"6E646F",29
"722074",29
"617A75",29
"B1756A",29
"726875",29
"556368",29
"727361",29
"69C3B3",29
"647061",28
"616CC3",28
"6F6169",28
"6C6469",28
"6F6E6D",28
"626973",28
"C3B169",28
"646F73",28
"20617A",28
"69766F",28
"6F2075",28
"696567",28
"54696D",28
"696A2E",27
"6C206E",27
"797570",27
"536972",27
"C3BC20",27
"6D6961",27
"3A204C",27
"76696C",27
"747575",27
"6A2076",27
"C2BF53",27
"436F72",27
"732053",27
"50756E",27
"6E6F73",27
"6F6368",27
"6A2065",27
"2E2045",27
"62616C",27
"636564",27
"65646F",27
"6D6F74",27
"2C2046",26
"6F6E20",26
"696470",26
"626975",26
"C3A96E",26
"656C64",26
"696A63",26
"61693A",26
"746968",26
"656465",26
"6972C3",26
"62696D",26
"736162",26
"706F20",26
"733A20",26
"6F6265",26
"726561",26
"67613B",26
"20436F",26
"70756A",26
"697370",26
"692059",26
"6C7575",26
"70752C",26
"69736C",26
"736C61",26
"692049",25
"722061",25
"68756D",25
"6E6472",25
"706F75",25
"756E3B",25
"61204C",25
"677563",25
"752062",25
"70696D",25
"65206E",25
"7572C3",25
"507563",25
"646962",25
"205573",25
"757272",25
"436175",25
"6D7569",25
"746D61",24
"BA732C",24
"746168",24
"756775",24
"616A3A",24
"6A3A20",24
"612049",24
"62616D",24
"756979",24
"7365C3",24
"797563",24
"612054",24
"676F72",24
"656C6D",24
"646167",24
"7472C3",24
"6F6E76",24
"6E7669",24
"766972",24
"206865",24
"AD6361",24
"746F68",24
"6F726E",24
"696420",23
"726F6D",23
"6F6D6F",23
"204163",23
"69656C",23
"6F2044",23
"2E2042",23
"6CC3A9",23
"2C2048",23
"7361C3",23
"207472",23
"436163",23
"AD7368",23
"727569",23
"C2BFC3",23
"204C65",23
"72696F",23
"646F6D",23
"426574",23
"204C69",23
"707579",23
"65746D",23
"204C61",23
"636F69",23
"3B2069",23
"757273",23
"3F20C3",23
"69636F",23
"65736F",23
"666573",23
"2C204E",22
"6D6F6D",22
"616C6F",22
"6C6F6E",22
"746F67",22
"646169",22
"6CC3AD",22
"752076",22
"72656E",22
"696973",22
"737520",22
"747261",22
"636F73",22
"67616C",22
"6F692C",22
"736F63",22
"AD6368",22
"69756A",22
"726F67",22
"BC692E",22
"757669",22
"546961",22
"74C3AD",22
"6F2067",22
"617268",22
"6D6275",22
"6D6F20",22
"6E7569",22
"456665",22
"C3A120",21
"656875",21
"457374",21
"657265",21
"727175",21
"746F73",21
"697363",21
"557061",21
"6120C2",21
"696E3F",21
"3F2041",21
"61733B",21
"20536F",21
"BF5368",21
"752067",21
"692054",21
"766F20",21
"416C6C",21
"64613B",21
"6D693F",21
"6C6F69",21
"6E693F",21
"67613F",21
"737575",21
"207576",21
"7A7574",21
"72726F",21
"722044",21
"756572",21
"6162C3",21
"626179",21
"6A206A",21
"416E74",21
"636162",21
"692042",20
"6F6DC3",20
"696C6F",20
"3A2045",20
"7220C3",20
"75616C",20
"C3AD2C",20
"AD2C20",20
"4C6C75",20
"70693F",20
"B36E2C",20
"59616E",20
"6E2053",20
"204D69",20
"64613F",20
"69736E",20
"64756D",20
"726F2C",20
"204566",20
"733B20",20
"6A2067",20
"65C3B3",20
"204D65",20
"6A2043",20
"53696C",20
"6F2065",20
"477261",20
"747269",19
"626F20",19
"616A73",19
"73756A",19
"617267",19
"686375",19
"47656E",19
"204C75",19
"61C3BC",19
"75726C",19
"752065",19
"3B2074",19
"74756A",19
"692046",19
"732050",19
"656E65",19
"752043",19
"696D70",19
"746F2C",19
"497961",19
"506172",19
"686970",19
"417369",19
"696F71",19
"6F7175",19
"69746F",19
"612046",18
"205572",18
"692052",18
"20526F",18
"4A6F72",18
"A96E20",18
"612048",18
"AD6E61",18
"4C7567",18
"6C6971",18
"BFC391",18
"6F6C6F",18
"2120C2",18
"706F69",18
"4D6963",18
"73696A",18
"4E696E",18
"6E6968",18
"B1696E",18
"666173",18
"706975",18
"3B2068",18
"616C20",18
"2E2047",18
"C3BC6C",18
"204E69",18
"696F75",18
"64C3A1",17
"4D6174",17
"657420",17
"647563",17
"3A2051",17
"617065",17
"206473",17
"647361",17
"2C2066",17
"506973",17
"74C3BC",17
"6D6F73",17
"637570",17
"79756D",17
"6C6167",17
"732049",17
"727461",17
"204765",17
"6A2064",17
