"616920",17184
"206C65",13527
"206B61",10462
"6C6520",8853
"206169",7904
"20616E",7223
"746520",6697
"207361",6429
"207465",6353
"206D61",6338
"696120",6189
"616E64",5978
"6C6573",5879
"617320",5844
"6B6169",5739
"646961",5282
"2C2061",5158
"206B65",4751
"636869",4556
"207068",4457
"206F20",4454
"656C20",4383
"61206C",4346
"206368",4321
"6E6465",4307
"65736B",4181
"207475",4157
"646520",4092
"6C6120",4084
"6B6520",4064
"617220",4049
"652061",3973
"68656E",3908
"6E6765",3868
"65206B",3815
"692073",3802
"656E20",3781
"652C20",3747
"207369",3718
"686920",3699
"207061",3549
"6D616E",3546
"61206B",3377
"206176",3322
"692061",3261
"617665",3260
"69206B",3250
"652073",3220
"206469",3082
"204465",3069
"652070",3068
"656E64",3061
"206B6F",3055
"612C20",3043
"646F20",3035
"6E6120",2974
"74756D",2973
"706865",2858
"207065",2846
"736920",2834
"6D6120",2825
"6B6572",2805
"65206C",2783
"6D6520",2774
"756D65",2758
"656E67",2734
"756D61",2709
"206E61",2704
"612061",2693
"616E67",2668
"65206D",2623
"692070",2592
"757368",2544
"204F20",2534
"617368",2524
"736B65",2523
"692074",2477
"207A68",2465
"616E61",2427
"69206C",2416
"736172",2391
"652074",2370
"736173",2294
"657320",2267
"726961",2267
"6C656E",2227
"6F206B",2220
"68616E",2208
"6F646F",2195
"6F2073",2172
"69206D",2155
"6E6461",2138
"656C61",2130
"726469",2125
"6C6173",2121
"6E6173",2109
"736B6F",2098
"736120",2090
"636861",2074
"6F2C20",2071
"746172",2058
"652064",2038
"656B20",2031
"6F2061",2019
"706520",2017
"6E6469",2012
"6B6F64",1989
"616E75",1984
"6D6F73",1962
"657265",1931
"612074",1913
"6B6F20",1895
"732C20",1887
"6E7573",1856
"612070",1823
"206520",1810
"612073",1798
"6D656E",1796
"20616D",1795
"6C6961",1788
"617265",1772
"617620",1768
"2C2022",1764
"616368",1758
"207472",1756
"657264",1739
"76656C",1731
"6C6F20",1716
"206C61",1712
"2C206B",1688
"20736F",1638
"204A65",1634
"696D6F",1633
"732061",1621
"73206C",1615
"7A6861",1608
"44656C",1604
"757269",1599
"207368",1586
"617461",1584
"676520",1578
"617269",1577
"72656E",1560
"6F2070",1552
"6F6E20",1536
"206261",1535
"656E61",1521
"6E646F",1520
"616C61",1518
"737573",1498
"65766C",1496
"657375",1488
"446576",1488
"206D75",1480
"736820",1475
"736F20",1474
"4A6573",1474
"652044",1473
"646120",1440
"6D6172",1432
"766C65",1429
"692064",1421
"736865",1421
"206465",1417
"6F2074",1416
"206965",1415
"61726F",1396
"6B616E",1388
"617264",1378
"746F20",1363
"206275",1356
"416920",1352
"616E20",1348
"6D6169",1338
"73206B",1318
"69656B",1311
"757320",1302
"6F7320",1302
"732070",1302
"6F206C",1286
"652062",1283
"70616C",1283
"61206D",1267
"6F206D",1267
"6F6469",1246
"616C20",1231
"72656C",1230
"616469",1229
"617261",1205
"616B6F",1201
"4F2044",1193
"206265",1172
"6B6164",1167
"6B6174",1158
"726F20",1154
"736861",1144
"626172",1140
"69612C",1134
"686176",1128
"4F204A",1121
"6F6C61",1112
"6E676C",1110
"206475",1106
"616D65",1105
"726973",1102
"692C20",1101
"747261",1101
"20776F",1092
"6E206C",1080
"736874",1078
"692063",1075
"737461",1068
"692062",1068
"657374",1065
"732074",1056
"74686F",1052
"207661",1047
"6C2074",1046
"65207A",1039
"686520",1035
"6B6120",1033
"207468",1032
"65206E",1031
"612064",1026
"766F72",1021
"686F20",1016
"737465",1015
"6E206B",1010
"616C65",1008
"6C206C",1002
"726920",997
"6E2074",997
"6F736B",992
"616D61",992
"646965",991
"726865",980
"736875",970
"206E75",962
"73746F",961
"697374",957
"686172",950
"6E756D",946
"646172",945
"736B69",944
"76656E",943
"6F2064",938
"646F6C",938
"706163",937
"697361",933
"6E656E",929
"696173",919
"69206F",911
"6B6861",908
"20706F",906
"6E6F20",905
"652063",903
"692076",902
"2C206E",900
"696B68",899
"64696E",897
"67656C",896
"6B6865",895
"64656C",879
"6D6173",879
"696C6F",878
"207268",878
"726465",878
"676C61",876
"617361",871
"706573",869
"206461",864
"72686F",853
"657261",849
"6C2C20",848
"746120",847
"61206F",842
"6B6F6E",840
"67652C",832
"6E2061",830
"6B652C",818
"207669",816
"2C2073",816
"757268",814
"6C2061",812
"652076",811
"20766F",810
"206D65",808
"726520",794
"64696B",793
"736169",789
"204B72",788
"4B7269",788
"206D6F",788
"616B68",781
"68696E",777
"696C65",773
"206B68",770
"736869",763
"207261",761
"6E2C20",761
"706875",759
"69207A",758
"4E756D",755
"7A6875",754
"6E2073",746
"687576",738
"732073",736
"20676F",732
"6F7268",732
"68756E",725
"72616C",724
"617669",722
"646920",717
"6C206B",715
"6F2062",714
"617661",710
"726F64",708
"61696F",707
"696E20",706
"206D69",705
"6D6F74",702
"6C2073",695
"616E65",694
"657368",693
"686572",693
"6F7468",689
"656E65",686
"6D7572",684
"686964",681
"69656C",679
"726164",674
"6B6920",673
"656D20",673
"6E6169",672
"726169",669
"6E7361",667
"207861",667
"4B6520",665
"627574",664
"6E6368",662
"616D6F",659
"6E6176",659
"726573",658
"657361",657
"6E656C",657
"2C2074",656
"696172",655
"68616C",654
"69616D",650
"6F6C20",648
"686F6C",648
"76696C",646
"61732C",646
"6F2044",645
"747369",644
"657220",642
"652072",640
"63686F",640
"206173",635
"696E65",633
"73686F",633
"72206C",631
"64656E",631
"696E64",630
"206C75",627
"6C2070",626
"206472",626
"687469",623
"617374",615
"706120",615
"656C6F",610
"686163",610
"65732C",608
"6C6920",604
"757420",604
"69206E",600
"69616E",600
"726F62",599
"6B6172",599
"6F6275",597
"756C20",595
"206765",594
"776F20",593
"62756C",588
"6F2063",587
"726173",582
"652069",579
"686169",577
"74726F",577
"6F207A",575
"686F6E",569
"73612C",566
"766920",557
"676F20",554
"68206B",551
"64652C",550
"696573",550
"647569",549
"762074",549
"207374",548
"746861",547
"68696D",547
"706572",545
"61746F",544
"6F2067",542
"656C69",541
"726861",539
"207075",538
"646973",538
"64616C",538
"757675",536
"697368",536
"692069",534
"696C69",532
"696368",531
"65206F",530
"6B686C",529
"652067",527
"6F7262",526
"6E6520",525
"612063",525
"616C69",524
"722074",520
"756E74",519
"6F2072",515
"656E73",512
"76206C",511
"6F7374",511
"2C2070",510
"6D6973",509
"6E206D",508
"757469",506
"756368",505
"207072",504
"636865",504
"647261",502
"20616B",501
"64696C",498
"696E6F",496
"747520",495
"767269",492
"736176",490
"696C61",487
"61676F",487
"6B6F2C",484
"68656C",484
"205A68",484
"692065",483
"766572",483
"6F6C65",483
"69204F",483
"686120",482
"692072",481
"68616D",479
"616D20",479
"696E61",477
"686573",477
"696C20",477
"6E2070",474
"6F206E",474
"7A6869",473
"6E6172",471
"656C2C",470
"756469",470
"20656B",470
"617672",469
"73616E",465
"64756D",465
"73206D",465
"5A6869",464
"61766F",464
"6F6E6F",460
"766173",460
"206C69",459
"696D61",459
"4B616E",456
"697369",456
"6F7361",455
"206172",454
"692067",454
"61646F",451
"626573",450
"616D70",449
"726176",447
"6C656D",446
"706F20",445
"616B61",445
"612076",444
"612065",443
"746961",443
"722061",441
"207A61",439
"72696D",439
"6F732C",439
"722C20",438
"6F7274",438
"69612E",438
"747361",437
"646F73",437
"6D6961",437
"7A616B",436
"72206F",434
"732064",433
"766172",432
"72616B",430
"736970",430
"727461",429
"656C65",429
"726167",429
"776F6E",427
"6E676F",426
"657A65",426
"207675",424
"61204F",424
"6E6920",423
"62657A",423
"61696C",422
"7A6578",421
"646573",417
"74756E",416
"696B61",414
"73612E",413
"616465",411
"746F73",409
"207377",409
"612062",407
"73686B",407
"6C206D",406
"72206B",404
"722073",403
"6B6176",403
"77756E",402
"737761",402
"65732E",401
"74652C",401
"686173",399
"6C652C",398
"6C7572",398
"626920",398
"73206F",395
"206761",394
"687261",393
"206269",393
"756461",392
"616461",391
"706872",389
"6E7475",389
"692077",388
"64696F",385
"2C206D",385
"627563",385
"766169",384
"696D65",383
"617465",383
"726120",380
"756920",380
"696F20",380
"686B61",378
"2C206F",377
"696572",377
"64656D",375
"3B2061",372
"204461",371
"616C6F",371
"676572",370
"616E6F",370
"6E746F",370
"72616D",369
"696E67",368
"75786F",368
"706861",366
"686F64",366
"686C69",363
"67656E",363
"61207A",363
"6E6761",363
"6C206F",363
"2C2063",360
"656E2C",360
"676F64",357
"72696E",357
"696F6C",356
"6C616C",353
"20736B",353
"73696D",353
"65204F",352
"77616B",352
"646169",351
"656C2E",351
"756E63",350
"652E20",350
"6F2076",350
"69616B",348
"207A75",347
"6B6F74",344
"207473",344
"612044",344
"73616D",344
"67696E",343
"6C756D",343
"747269",343
"756D69",342
"6F6465",341
"2C206C",341
"2E2041",340
"747365",340
"6B7269",340
"4F2053",339
"72204F",336
"617420",334
"756B65",334
"726261",333
"617A64",332
"756769",332
"686C65",331
"737469",330
"652065",329
"6F726F",329
"746174",329
"612E20",328
"6D656B",327
"6C6F2C",327
"69706C",327
"206B72",325
"6E6720",325
"657269",324
"73696B",322
"61206E",320
"204169",320
"4C6520",320
"74696D",320
"746F2C",318
"626120",318
"616E74",318
"766120",317
"687564",317
"616969",316
"767572",316
"6B6F2E",315
"646174",314
"736F73",314
"687574",313
"726875",311
"6C2064",311
"6D7065",310
"6C7065",309
"205377",309
"65205A",308
"656B65",308
"706173",307
"726174",306
"537775",306
"65746F",306
"546520",306
"612069",305
"6C6176",305
"64652E",303
"65204A",302
"686F72",302
"746572",301
"6F6E69",300
"6D2074",300
"20696E",300
"756E64",299
"652078",299
"6C6174",297
"757261",296
"6F732E",296
"6F2050",294
"2C2076",293
"70656E",292
"6D652C",292
"6F206F",290
"617375",289
"727573",288
"61722C",287
"727469",287
"6F7473",285
"767564",285
"20646F",284
"6E206F",283
"616475",283
"204475",282
"6E7268",282
"2C2077",281
"6C696D",280
"205061",280
"447578",279
"697473",278
"576F20",278
"74656C",278
"766961",278
"757465",277
"207461",277
"722070",277
"6E6961",276
"205368",276
"612067",276
"706172",276
"707574",275
"206C6F",275
"746965",274
"207269",274
"73756C",274
"20736C",274
"204D61",273
"722065",273
"73616C",273
"6F6E67",273
"747572",273
"205361",272
"6C612C",272
"6E7065",272
"206961",272
"72206D",272
"756E65",272
"207672",271
"76616E",271
"612072",270
"20576F",270
"6B6C69",268
"6C7576",267
"6D756C",267
"666572",267
"647576",267
"6B2074",266
"696E69",266
"696475",266
"736963",264
"6C652E",264
"6E7473",263
"707265",262
"206665",262
"536861",261
"416E74",261
"75696D",261
"6B652E",261
"73686C",260
"616E6B",260
"6D7564",260
"6B6570",259
"657069",259
"6C696E",259
"747574",259
"62656E",258
"766C69",258
"766F20",257
"746F2E",256
"76206B",256
"692078",256
"20696C",256
"762C20",255
"4B6F64",255
"697320",255
"69646F",254
"6F2E20",254
"206769",254
"687567",254
"73204B",253
"737472",253
"767265",253
"6E2064",252
"6B6173",251
"2C2064",251
"416E64",251
"61732E",251
"617274",251
"61786B",251
"786B65",251
"6C656C",250
"72646F",250
"6F2069",250
"736178",250
"74652E",248
"202253",248
"64656B",247
"7A7572",247
"676C69",246
"726D65",245
"78616E",245
"6F726D",244
"757669",244
"657861",243
"74696C",243
"766C6F",243
"757A68",243
"6F7368",243
"617A6F",242
"68746F",241
"78616C",241
"566F72",241
"6D2C20",239
"20666F",239
"616B65",238
"20726F",238
"20786F",238
"6F2066",238
"666F72",238
"652E22",237
"706169",237
"6E6B65",237
"732065",236
"6D2061",236
"20224B",236
"756E69",236
"6B616C",236
"696D20",235
"653B20",234
"6B206B",234
"76696E",234
"20566F",234
"70726F",233
"757361",233
"6D7569",233
"627573",233
"6F7861",233
"20676C",232
"686972",231
"697661",231
"736C75",231
"6C7567",231
"6B206D",230
"6B692C",229
"736520",229
"68696C",229
"652077",228
"2E204B",227
"74612C",227
"6E6573",226
"6F2053",226
"766573",226
"4D6520",226
"6F6E61",226
"616C70",225
"6E7572",225
"4F204B",225
"506176",225
"61766C",225
"617065",224
"726869",224
"54756D",223
"67652E",223
"647572",222
"6E6F2C",221
"732062",221
"676172",221
"446174",220
"656E2E",220
"7A6461",219
"706C75",219
"747265",219
"726574",217
"6F6D65",216
"6F204A",216
"65204D",216
"74756B",216
"70656C",215
"6B6F6C",214
"205065",212
"75766C",212
"786F20",211
"612E22",211
"6E696B",209
"6D206B",209
"65204B",209
"656D6E",208
"726F66",206
"657461",206
"616E69",206
"6F6665",205
"6F6461",205
"6D612C",205
"766520",205
"676176",205
"6B2073",204
"6B2061",204
"746920",204
"732E20",204
"6C6973",203
"696F6E",203
"616961",202
"3B206B",202
"6B6F72",202
"617A68",201
"206E65",201
"2C204F",200
"696469",200
"613B20",200
"616E63",200
"737065",199
"687573",199
"617276",199
"676C65",199
"6F7665",198
"6F7661",198
"676F6A",198
"6F766F",197
"736961",197
"646F76",197
"436869",197
"706F72",197
"657472",197
"756C69",197
"75732C",196
"722063",196
"206A69",196
"576F6E",196
"74616E",196
"652053",195
"72617A",195
"727661",195
"202254",194
"206B75",194
"6F7220",193
"682C20",193
"6E616B",193
"616C2C",193
"6C6F2E",192
"6C6F6E",191
"646176",191
"617473",190
"206861",189
"506574",189
"204E61",188
"204261",188
"646976",188
"204B65",187
"756C61",187
"6F3B20",186
"61736B",186
"616E2C",186
"76616C",185
"696E75",185
"6C2062",184
"706869",184
"726269",184
"766F6E",182
"68656D",180
"6C7061",180
"746865",180
"706C61",180
"61736F",179
"666574",179
"742C20",179
"64696D",179
"69616C",178
"204520",176
"206F70",176
"6F7072",176
"6C6F73",175
"2E2057",175
"3B206E",175
"646173",174
"6D6E69",174
"6C616B",174
"207775",174
"616D69",174
"6D6E6F",174
"206174",173
"68756B",173
"732069",173
"6E7A68",173
"726F6D",172
"64726F",172
"616E73",172
"6E2062",172
"6D6F6E",171
"756C65",171
"207365",171
"636875",171
"206669",171
"6B2064",171
"657473",170
"6C2065",170
"762061",169
"20496F",169
"206772",169
"69746F",169
"686F6D",168
"756465",168
"2C207A",168
"496F76",168
"6D652E",168
"687572",168
"6D206C",167
"626F6C",167
"76757A",167
"68756C",167
"4A6572",166
"6F2E22",166
"697620",165
"61722E",165
"6E7569",165
"206E69",164
"736B61",164
"696B20",164
"536F20",164
"536172",163
"207375",163
"722064",162
"61726B",161
"6E6F73",160
"72696B",160
"6D696C",160
"204E75",160
"72696F",160
"657275",159
"6C6169",159
"205369",159
"7A6865",159
"6F7365",158
"697269",158
"65726F",158
"706F64",158
"696E6B",158
"20224D",158
"786173",158
"20756E",158
"762073",157
"4D616E",157
"2E204E",157
"6B692E",156
"6C2076",155
"4E6120",154
"64612C",154
"202241",154
"6F6C69",154
"426172",154
"646F2C",154
"6F6E2C",153
"616973",153
"6E6B6C",153
"732076",152
"682061",152
"706F73",152
"452056",152
"6B2070",151
"7A6F20",151
"612077",151
"72692C",150
"416D65",150
"20626F",150
"626178",150
"68692C",150
"617370",149
"6F2049",149
"6D6572",149
"652066",149
"706C6F",148
"70756E",148
"676F73",148
"6D6F6D",147
"7A6F72",147
"727368",147
"76206D",147
"6B2062",147
"4E6169",147
"733B20",147
"6E2067",147
"207A6F",147
"6F6D20",146
"766176",146
"696465",146
"646164",145
"722069",145
"73204F",145
"756E72",144
"4B6164",144
"746F72",144
"74696E",144
"6D6174",144
"61762C",142
"682073",141
"666961",141
"666965",141
"6F6A69",141
"20616C",141
"204761",140
"6C696C",140
"6D612E",140
"61204A",139
"6E2065",139
"616E72",139
"73656D",139
"506F72",137
"747275",137
"742061",137
"73616B",137
"4D7572",137
"6E6472",136
"20617A",136
"682074",136
"69696E",135
"68612C",135
"746973",135
"74616D",135
"656B6C",135
"692068",134
"2C2065",134
"696B6F",134
"696F2C",133
"6D706C",133
"732063",132
"732E22",132
"6E2076",132
"2E2053",132
"2E204F",132
"736573",131
"2E2220",131
"6F7269",131
"20416E",130
"696174",129
"612078",129
"506865",128
"696170",128
"746F6E",127
"6F6368",127
"657274",127
"6E2063",126
"74612E",125
"6C612E",125
"786F78",125
"6F6E65",124
"786172",124
"616B72",124
"22536F",124
"682070",123
"647578",123
"536176",123
"676574",123
"6F2041",122
"6E6164",122
"6B7572",122
"616764",122
"676461",122
"2C2069",121
"70652C",121
"696F73",121
"647265",121
"73696E",121
"204162",120
"692E20",120
"676120",120
"207665",120
"6B6574",120
"70696D",120
"6F204F",119
"5A6861",119
"73756D",119
"2C2062",119
"756C6F",119
"697261",119
"707261",119
"6A6920",119
"627261",118
"6A696E",118
"65736C",118
"686F2C",118
"756761",118
"6C692C",118
"6E612C",118
"616E2E",117
"6E6F2E",117
"6C204F",117
"20536F",116
"6D6F6C",116
"6B686F",116
"652041",115
"6F7264",115
"657276",115
"6C2E20",115
"204C65",115
"204D6F",115
"726168",114
"617268",114
"72656D",114
"737572",114
"657065",114
"756E67",114
"766974",113
"73682C",113
"656D2C",113
"757620",113
"732067",113
"65616E",113
"202244",113
"204B6F",113
"61742C",113
"47617A",113
"752064",113
"656D69",112
"6E656B",112
"204D65",112
"6C6164",112
"786F6C",111
"626572",111
"697A65",111
"76617A",111
"74206C",110
"687461",110
"616261",110
"7A756D",110
"6C2063",110
"676F2C",109
"3F2220",109
"67617A",109
"72652C",109
"652047",109
"6F6C2C",109
"6F7620",108
"752073",108
"4D6172",108
"224B61",108
"686F78",108
"687465",108
"204B61",108
"416272",107
"616861",107
"204A75",107
"652050",107
"20416D",107
"682075",107
"207520",107
"6E6974",107
"656B61",107
"676573",107
"4D6F73",107
"6F6920",107
"696167",106
"73207A",106
"686C6F",106
"656469",106
"75736F",106
"202243",106
"224368",106
"686967",106
"6C6F76",105
"6F6C70",104
"6B6F76",104
"4F2050",104
"65726E",104
"225475",104
"6B2063",104
"78616D",104
"74616B",104
"70652E",104
"686F73",103
"757461",103
"224E61",103
"726B61",103
"74206B",103
"68652C",103
"697069",103
"667461",103
"61762E",103
"72616E",102
"224F20",102
"652049",101
"204661",101
"466172",101
"726178",101
"74736F",101
"756973",100
"657273",100
"69696C",100
"206566",100
"656674",100
"50616C",100
"6D2073",99
"4A7564",99
"204A6F",99
"206875",99
"656E70",99
"766564",99
"6E6F72",99
"72696C",99
"61696D",99
"536F73",99
"73692C",98
"777573",98
"692066",98
"697265",98
"6B6C65",98
"72612C",98
"44696B",98
"4B6F6E",98
"67616C",98
"6F6D6E",97
"7A6561",97
"75206B",97
"20224E",97
"726F6E",97
"536120",96
"6F6C64",96
"656D61",96
"75696E",96
"204772",96
"616B69",95
"626173",95
"72766F",95
"68692E",95
"736167",95
"65722C",94
"53696D",94
"656669",94
"737775",94
"547520",94
"676920",94
"65766F",94
"73206E",93
"2E2054",93
"72697A",93
"6F7461",93
"6E2069",93
"616E70",93
"2C2027",92
"536920",92
"696F2E",92
"70696C",91
"786120",91
"646F2E",91
"706973",91
"205475",91
"6D696E",90
"742073",90
"2C2067",90
"6F2078",90
"612066",90
"676F72",90
"6E6973",90
"74656E",90
"6E6576",90
"686569",89
"6C207A",89
"726F2C",89
"204361",89
"417368",89
"653A20",89
"204973",88
"47616C",88
"222041",88
"20706C",88
"686576",88
"616965",88
"692E22",88
"616265",87
"6C2069",87
"617377",87
"204368",87
"782C20",87
"225361",87
"20224F",87
"6D206F",87
"656920",86
"706F63",86
"727574",86
"616C2E",86
"73682E",86
"204469",86
"696C70",86
"6E6972",86
"617A61",85
"224D65",85
"656C75",85
"77616C",85
"676F2E",85
"224B6F",85
"757374",84
"67206C",84
"61726E",84
"756E7A",84
"726B6F",84
"6F6E63",84
"6E207A",83
"75732E",83
"6C6F74",83
"696761",83
"224761",83
"6E6475",83
"747573",83
"205068",82
"737475",82
"74656D",82
"65722E",82
"652046",82
"756D75",82
"722062",82
"766C61",82
"6F204D",82
"4F2042",81
"657268",81
"6D206D",81
"6E7461",81
"207265",81
"6B6F3B",80
"6B2067",80
"676174",80
"61706F",80
"6F746F",80
"202247",80
"746F6C",80
"6E696E",79
"676F6E",79
"726974",79
"6F2077",79
"7A686F",79
"446176",78
"652045",78
"656C70",78
"617861",78
"6F6D61",78
"74206D",78
"746169",78
"6E2E20",78
"436861",78
"696765",78
"726F73",77
"756E6F",77
"657468",77
"6E3B20",77
"70656B",77
"75762C",77
"652068",77
"6B206E",77
"6C6F6D",76
"225465",76
"616C74",76
"75726F",76
"74206E",76
"686976",76
"6C617A",75
"6C6565",75
"657475",75
"69205A",75
"696176",75
"3A2061",75
"2E204C",75
"626961",74
"6B656C",74
"6F2042",74
"676173",74
"616D6E",74
"6D2070",74
"61696E",74
"4E6173",74
"20224C",74
"653F22",74
"68206D",74
"757665",74
"205069",74
"646569",73
"693B20",73
"617820",73
"69204E",73
"536173",73
"6E2120",73
"616B6C",73
"6D616C",73
"73746C",73
"6B7563",73
"686164",72
"49656B",72
"76756E",72
"417665",72
"6C756E",72
"6D7573",72
"762070",72
"69617A",72
"736C6F",72
"62756E",72
"50696C",72
"61692C",71
"65733B",71
"6C7461",71
"6B207A",71
"616269",71
"6F6D6F",70
"72692E",70
"726E61",70
"657820",70
"726967",70
"202250",70
"676C6F",70
"677265",70
"6E6F6E",69
"2E204D",69
"61786F",69
"72207A",68
"686973",68
"676973",68
"6F6E73",68
"696F72",68
"206170",68
"6B656E",68
"204961",68
"786F64",68
"416B61",68
"686962",68
"7A6172",67
"786F73",67
"736967",67
"6B206C",67
"696E2C",67
"613F22",67
"776F69",67
"21204B",67
"206672",66
"6C2E22",66
"616761",66
"727669",66
"657365",66
"613F20",66
"696E70",66
"72657A",65
"2C2072",65
"6D6972",65
"686F2E",65
"752074",65
"4C6573",65
"69613F",65
"742062",65
"68652E",65
"68206C",65
"656E69",65
"6F6C6F",64
"6F204B",64
"656D2E",64
"7A6E61",64
"756D6E",64
"667275",64
"726E6F",64
"746976",64
"653F20",64
"732072",64
"70616E",64
"224465",64
"766964",63
"6F6E2E",63
"696973",63
"204865",63
"6E206E",63
"6B6166",63
"666964",63
"6B657A",63
"75696C",63
"3F204B",63
"626169",63
"4D6169",63
"222061",63
"6F7261",62
"6F2045",62
"486572",62
"6E2E22",62
"616669",62
"6B616D",62
"6D756E",62
"657A68",62
"224C65",62
"2C2220",62
"6F2054",62
"697669",62
"6F3F20",61
"6D6E61",61
"6E6167",61
"726566",61
"446164",61
"757265",61
"69676F",61
"6F6961",61
"62616B",61
"757220",61
"696D69",61
"4E6F20",61
"6F3F22",60
"6D626F",60
"752061",60
"672061",60
"676F67",60
"616C75",60
"6E612E",60
"752070",60
"742064",60
"626963",60
"617477",60
"747765",60
"776574",60
"6D6963",60
"204173",59
"204265",59
"722E20",59
"202245",59
"4B6572",59
"786162",59
"73796E",59
"796E61",59
"69613B",59
"477261",59
"6E6F74",59
"752C20",59
"6F6A61",59
"6F2043",59
"556E69",59
"746163",59
"64616E",58
"6C6574",58
"707573",58
"6B7265",58
"742070",58
"767573",58
"6D6573",58
"207379",58
"526164",58
"757276",58
"49616B",58
"74752C",58
"206164",58
"646F6E",58
"4E6963",58
"6D2065",58
"736C65",57
"7A6469",57
"20225A",57
"225A68",57
"224B65",57
"6F6775",57
"6F7475",57
"777564",57
"646963",57
"7A6465",57
"707572",57
"6F2065",57
"20456C",56
"2E2050",56
"4B6169",56
"62616C",56
"762064",56
"6E696C",56
"6C6465",56
"6C206E",56
"613A20",56
"3F2053",56
"6C692E",56
"566920",56
"657370",56
"457461",55
"726F76",55
"62616E",55
"6C6170",55
"6F726B",55
"766F69",55
"707269",55
"65733F",55
"6F722C",55
"692053",54
"6B2066",54
"64757A",54
"786169",54
"205469",54
"766174",54
"4A6F73",53
"6C2067",53
"205465",53
"682064",53
"756B68",53
"6E6570",53
"6C3B20",53
"73656C",53
"7A686D",53
"686D61",53
"75692C",53
"736F64",53
"73692E",53
"73613B",53
"7A696C",53
"656B74",53
"616820",52
"686162",52
"656368",52
"456C69",52
"6F206A",52
"75762E",52
"766469",52
"726F70",52
"67616E",52
"652056",52
"4F2041",51
"6C2066",51
"756C2C",51
"727567",51
"6B6C75",51
"726F2E",51
"733F22",51
"747569",51
"736F2C",51
"64612E",51
"733F20",51
"6E692C",51
"54726F",51
"20697A",51
"616D6C",51
"652042",50
"68616B",50
"68612E",50
"682063",50
"6D6176",50
"677572",50
"6B617A",50
"786176",50
"6B2076",50
"736F6C",50
"212041",50
"72652E",50
"6E6769",50
"757273",50
"3A206B",50
"6E7472",50
"206B6C",50
"6B7469",50
"646561",49
"61692E",49
"616D62",49
"64756B",49
"616D2C",49
"6F6E75",49
"612120",49
"67726F",49
"4F206D",49
"547261",49
"6D6920",49
"73652C",49
"6C696F",48
"61656C",48
"69206A",48
"70696E",48
"6F7265",48
"61782C",48
"696E74",48
"64653B",48
"652120",48
"756B61",48
"76756C",48
"722072",48
"61742E",48
"6E2072",48
"736C69",48
"224D75",48
"61756C",48
"3F2041",47
"6E6B61",47
"6E7375",47
"6F766C",47
"65736F",47
"206661",47
"6F7465",47
"76652C",47
"3B2074",47
"6F6C2E",47
"61204B",47
"726570",47
"74696F",47
"6E6163",47
"205261",46
"722076",46
"722067",46
"766973",46
"726E65",46
"656E3B",46
"6A6976",46
"3B2073",46
"686167",46
"756C2E",46
"3A206E",46
"427574",46
"617A62",46
"65706F",46
"65696E",45
"64692C",45
"4D656B",45
"6F6D2C",45
"6A6176",45
"7A6261",45
"612053",45
"727475",45
"647A69",45
"4B6174",45
"692075",45
"617266",45
"657865",45
"6F2048",44
"6E204F",44
"736572",44
"72612E",44
"69732C",44
"61726D",44
"6F3A20",44
"706974",44
"6C6970",44
"20647A",44
"616573",44
"617475",44
"61696B",44
"786F2C",44
"696168",43
"506520",43
"2C2078",43
"6C6469",43
"6B6569",43
"652043",43
"657664",43
"207069",43
"6D2062",43
"746573",43
"4C656E",43
"706174",43
"22204F",43
"436165",43
"20526F",42
"6F626F",42
"736170",42
"723B20",42
"6D2064",42
"6D6164",42
"446520",42
"72206E",42
"6B6573",42
"616E21",42
"224D61",42
"7A6F6C",42
"6F706F",42
"656D65",42
"696C2C",42
"757472",42
"205472",42
"78206B",42
"6F6E74",42
"61733B",42
"677261",42
"205468",41
"61626F",41
"6B653B",41
"657669",41
"677565",41
"6C6F6C",41
"72746F",41
"206F72",41
"41706F",41
"72666F",41
"477265",41
"6E6162",41
"726165",40
"726B69",40
"786573",40
"62692C",40
"736162",40
"656E3F",40
"65206A",40
"756974",40
"617664",40
"696261",40
"497361",39
"497372",39
"737261",39
"6C2072",39
"6D6F76",39
"616720",39
"206775",39
"4F2062",39
"75742C",39
"733A20",39
"206162",39
"204E69",39
"67696D",39
"6B6669",39
"626973",39
"446965",39
"697573",39
"766461",39
"78612E",38
"65612C",38
"6E652C",38
"537472",38
"6C6F3B",38
"766F6C",38
"6F733F",38
"736F76",38
"6F204C",38
"6A696C",38
"6B6F73",37
"736F6E",37
"2E2045",37
"736566",37
"577573",37
"726368",37
"4B686F",37
"224169",37
"722E22",37
"75206D",37
"2C204D",37
"742074",37
"537761",37
"616E7A",37
"6F2122",37
"526F6D",37
"6B6F3F",37
"3F204E",37
"686961",37
"652122",37
"6F2120",37
"225369",37
"6B616B",37
"67696C",37
"696B66",37
"417261",36
"726461",36
"61204D",36
"22416E",36
"706F6E",36
"54686F",36
"2C2066",36
"202257",36
"692045",36
"756C75",36
"762E20",36
"6B6820",36
"65782C",36
"757475",36
"732078",36
"6F7874",36
"686F76",36
"206976",36
"656E7A",36
"652054",35
"65646F",35
"657068",35
"222057",35
"69204A",35
"67206F",35
"692047",35
"616B73",35
"6B7361",35
"62612C",35
"536F64",35
"707275",35
"757264",35
"672C20",35
"74752E",35
"6E3F20",35
"66616D",35
"75676C",35
"656961",35
"682062",35
"746C75",35
"6F733B",35
"536175",35
"616C6D",34
"73652E",34
"78612C",34
"697461",34
"76206F",34
"726D61",34
"682E20",34
"6E6F3B",34
"682067",34
"2C2053",34
"787461",34
"786F2E",34
"53616D",34
"6C6162",34
"6C6F62",34
"204D75",34
"756765",34
"666F73",34
"646566",34
"6E7469",34
"616D2E",33
"3B204F",33
"4F2049",33
"65204E",33
"426574",33
"726572",33
"656120",33
"224176",33
"2E2043",33
"69732E",33
"6D653F",33
"207275",33
"727569",33
"212054",33
"20686F",33
"6F7275",33
"626F64",33
"6B7275",33
"762E22",33
"692041",33
"42616B",33
"6F6420",32
"416D70",32
"657A6E",32
"6E652E",32
"69766C",32
