"67CC87",20051
"CC872D",7605
"2067CC",6441
"206E2D",6312
"616E20",5532
"20612D",5482
"6C6C69",5296
"68CCA3",4510
"CC8720",4419
"64CCA3",4003
"696E20",3726
"20732D",3716
"6967CC",3530
"207961",3414
"CCA361",3394
"61722D",3332
"7ACCA3",3281
"6E2061",3274
"75722D",3272
"61642D",3268
"626269",3006
"206172",2978
"726262",2933
"2D6E73",2932
"612D74",2925
"612D69",2805
"6E2069",2731
"77616C",2708
"68CCAC",2645
"696E69",2634
"6C6120",2578
"6C6C61",2520
"61C5A1",2493
"6E6920",2483
"206D61",2446
"6C692D",2423
"206C6C",2415
"2D6173",2404
"6E2C20",2357
"C5A16B",2329
"6E2D69",2259
"206973",2219
"72612D",2195
"20642D",2181
"6E696E",2175
"6E6E61",2115
"207572",2072
"20662D",2058
"722D74",2051
"6E6E69",2017
"CC8761",2008
"6E2067",2001
"6C6920",1975
"696C6C",1934
"6D612D",1921
"6E67CC",1908
"6968CC",1888
"2D6973",1863
"626920",1848
"756C6C",1847
"20C2AB",1840
"6E2D74",1813
"20692D",1809
"617220",1800
"79616E",1800
"616C61",1752
"6C6C75",1749
"726120",1739
"2C2069",1733
"3A20C2",1717
"2C2061",1714
"616420",1711
"796173",1701
"6B756C",1693
"206967",1690
"2D7961",1689
"61206E",1688
"CCA320",1661
"2D7261",1635
"756C61",1629
"2D7761",1624
"2D696E",1617
"2D7572",1594
"20756C",1594
"6D6120",1593
"6D6D61",1592
"617375",1568
"206164",1557
"7A67CC",1553
"2D6967",1540
"64646E",1530
"73CCA3",1529
"642D61",1521
"6167CC",1503
"75C99B",1499
"692069",1499
"206B75",1495
"736E20",1483
"6C6179",1475
"207A67",1474
"207262",1472
"2D7474",1467
"7375C9",1466
"726164",1466
"61796E",1458
"2D6E6E",1451
"726E20",1448
"2EC2BB",1436
"207461",1430
"61736E",1429
"872D74",1422
"CCA372",1416
"74CCA3",1403
"2D7262",1377
"6B7261",1375
"61776E",1374
"6E2073",1369
"692061",1348
"61726E",1346
"20696D",1343
"2D642D",1336
"207761",1333
"6B7520",1328
"732D74",1326
"6E206E",1326
"74206E",1325
"646E20",1322
"A16B75",1316
"2D7467",1312
"732D69",1297
"69732D",1289
"6E2D61",1276
"642D69",1273
"207261",1267
"6E2D6E",1266
"796E6E",1263
"612D79",1253
"646172",1252
"696761",1248
"692D61",1245
"747469",1244
"617320",1242
"2D6461",1239
"6D6464",1236
"C99B20",1231
"6164CC",1226
"6C7520",1220
"696D6D",1210
"612D6E",1209
"6E2D72",1204
"697373",1204
"206261",1203
"757320",1201
"6E6E67",1196
"2D6974",1189
"6E2D75",1182
"872D69",1178
"CCA36E",1178
"722D69",1171
"612069",1168
"6C6967",1167
"796164",1161
"617974",1156
"6E7320",1153
"646461",1145
"692D74",1131
"2D746D",1130
"6C68CC",1129
"207469",1129
"756E20",1128
"612D73",1127
"6E6120",1117
"2D6420",1111
"6E206C",1099
"74696E",1091
"79696E",1084
"612067",1081
"2D746E",1075
"617420",1075
"776E2D",1068
"2D7461",1067
"6C6D61",1064
"692C20",1062
"CC8769",1057
"2D742D",1057
"617961",1051
"67616E",1051
"CCA364",1048
"617761",1036
"6E2E20",1029
"616E2D",1026
"642069",1022
"642061",1021
"6E2D64",1016
"692D69",1015
"206B72",1009
"2D7373",1002
"2061C5",996
"2D6D61",995
"2D696D",994
"A36172",992
"737361",986
"206179",984
"617369",973
"6B6172",973
"A364CC",968
"616E6E",964
"742D69",959
"207969",958
"6C2D6C",957
"20696C",955
"2D7473",955
"666C6C",953
"2D7975",945
"CC876D",937
"77696E",931
"697420",924
"6E692D",923
"6168CC",920
"77616E",919
"736B61",913
"6E7420",908
"646475",899
"67CAB7",891
"7568CC",888
"6D6173",885
"206E74",885
"6D67CC",884
"6E206D",883
"876D6B",881
"617261",880
"872D75",880
"612061",877
"61732D",874
"2D612D",872
"696E2D",872
"6E2064",870
"206C2D",865
"6C616E",864
"6D6179",864
"612D64",860
"612C20",857
"747461",857
"6BCAB7",856
"616D20",855
"2D6C6D",849
"616E2E",846
"6E2079",843
"696469",842
"69206E",831
"696E6E",830
"2D696C",827
"722D61",825
"2D6177",819
"20696E",818
"742069",818
"206966",807
"676120",801
"206D64",796
"2D6164",787
"616E2C",786
"73616E",785
"2E2069",784
"696C69",783
"206C6D",777
"876172",775
"2D616E",775
"7567CC",769
"737369",769
"2D732D",765
"207975",762
"616C20",762
"742061",761
"79742D",756
"872D64",751
"2D6964",748
"CCA375",748
"20697A",748
"616D61",746
"69736B",739
"727420",738
"616C6C",737
"73206E",736
"736964",735
"736B72",734
"736E2D",734
"75206D",733
"CCA369",731
"2D6464",724
"77696C",724
"732D75",724
"736177",718
"872069",713
"742D6E",713
"676973",713
"736968",712
"6E2074",712
"75746E",710
"6E3A20",708
"CC8775",706
"73736E",706
"64756E",700
"872061",699
"CC8777",699
"797961",695
"692067",692
"646964",690
"CAB76E",681
"61206C",680
"796174",677
"6E206B",676
"6E736E",676
"6E2075",676
"742C20",676
"616D6E",676
"C5A120",675
"C5A1C5",674
"A1C5A1",674
"676775",674
"697979",671
"2D7577",671
"6E6B6B",671
"69206C",671
"2D7469",670
"746E69",668
"A3616C",665
"206964",665
"6E756E",662
"72616E",661
"2C2075",659
"6D616E",656
"2D6769",656
"74616D",655
"74206C",655
"732069",652
"6E6E75",650
"64616D",649
"2D6179",646
"73696E",645
"732C20",645
"612079",643
"872D6C",642
"617964",642
"612D72",642
"6D6E20",641
"756461",640
"692075",638
"697ACC",637
"6E207A",635
"6D6920",633
"697969",632
"746E20",630
"746E6E",629
"646974",624
"2C2074",621
"CCAC66",619
"6C6173",614
"2D7369",611
"696C61",610
"73666C",607
"722069",607
"746D61",604
"C99B61",603
"696420",603
"206E6B",603
"742D74",603
"206968",602
"722D73",602
"6D7ACC",601
"72696E",600
"2D6966",599
"726920",599
"2D6968",599
"732061",598
"612D75",597
"2D6E2D",595
"642D73",595
"6B6B69",592
"6D2069",590
"747961",588
"6E2066",587
"6D6D69",585
"692073",585
"612D66",585
"6E7474",583
"676D6D",583
"CCA374",581
"757420",578
"6E6974",577
"726174",575
"A12061",574
"206974",574
"6E2D79",571
"61742D",571
"79692D",571
"692074",570
"207769",570
"692D6E",569
"2D6B75",569
"62692E",568
"E280B9",568
"E280BA",568
"742D61",567
"6261C5",567
"616E69",567
"742067",566
"626168",565
"626172",564
"6B7564",560
"6B6B61",558
"2E2061",558
"617373",555
"2D6972",553
"206C68",552
"733A20",548
"A3616E",548
"61776C",548
"6C6B69",548
"2D697A",547
"206769",546
"732D64",543
"6B616E",543
"732D61",541
"797573",540
"66756C",540
"61206B",538
"6D68CC",538
"20E280",535
"687261",535
"616872",534
"CC872C",533
"2C2077",533
"6B6120",533
"6E6E20",533
"74676D",532
"6E732E",532
"64206E",531
"6D6164",529
"2D67CC",528
"2D6C68",528
"2D662D",528
"6CC99B",524
"756E6E",523
"756E69",521
"732D6C",521
"692D64",520
"2D7420",519
"697261",518
"642C20",518
"61796C",517
"696767",517
"717161",516
"6E2D6D",515
"75C5A1",514
"756C6B",514
"872C20",513
"6B6920",513
"7A756E",513
"20666C",513
"616B75",511
"737273",511
"756E64",511
"662D6E",510
"207A75",510
"796C6C",509
"2D6167",508
"6E6420",508
"AC662D",507
"612072",507
"696E2E",504
"616C69",503
"2D7567",502
"697320",502
"6C6164",501
"74616E",500
"207369",500
"696E75",500
"697361",499
"6E6967",498
"616261",497
"727261",496
"872D61",494
"C5A161",493
"7468CC",493
"2D6979",493
"612074",492
"206972",492
"6D6B61",489
"642D64",489
"87696C",488
"752069",485
"CC872E",485
"6D7574",485
"2D756D",484
"642D79",483
"697474",481
"6E2D73",480
"87616B",480
"2D666C",480
"746E2D",479
"727568",479
"642079",477
"722D6E",477
"6E2D77",476
"612073",475
"662D69",475
"6E612D",475
"6767CA",474
"756D6E",474
"696D20",473
"692064",473
"742074",472
"6D2061",471
"617274",470
"7267CC",470
"64696E",469
"726E2D",468
"CCA373",466
"676967",466
"642067",464
"797969",463
"207373",463
"6B7220",462
"206464",462
"2D7769",462
"62692C",460
"6E6B20",459
"697269",458
"696E74",458
"2D6469",456
"666C64",455
"736E3A",455
"692072",453
"617769",452
"746967",452
"6C6E20",452
"677574",452
"696E2C",451
"6B2061",451
"722061",450
"872D77",448
"69746E",444
"612064",442
"727269",442
"6E746E",442
"2D6BCA",441
"612066",440
"626162",439
"6B696E",439
"747ACC",438
"61746E",438
"C5A16D",437
"796177",436
"2D7979",436
"872D67",435
"612D6B",435
"6E6B72",433
"6E2072",432
"777272",431
"6964CC",430
"73756C",428
"6D7420",428
"696464",428
"2C2079",427
"796120",425
"697479",425
"722D72",425
"CCA36C",425
"20616D",424
"2D747A",424
"616C2D",423
"CC8772",423
"617269",421
"676761",421
"206461",419
"61733A",417
"877769",414
"64612D",411
"6D756E",410
"776172",410
"CAB761",410
"747373",410
"A374CC",408
"726420",407
"877572",405
"6BC5A1",405
"722D64",404
"642D74",404
"2C206E",403
"206E67",402
"6D6B6C",401
"6C6D6D",401
"6D2067",400
"6B6C6C",400
"75726E",400
"6C67CC",400
"6B756E",398
"2D7969",398
"2D6D64",398
"A373CC",397
"2D6261",396
"776E20",396
"677261",395
"756767",395
"757264",394
"747420",394
"6E2062",394
"662D73",394
"6D2C20",393
"726D20",393
"6E6E6B",392
"CC876E",392
"667567",391
"6E6164",390
"69736D",389
"C2BB20",387
"617273",385
"872073",385
"746920",385
"727275",384
"732079",384
"2D7475",380
"692079",380
"692E20",379
"A36E69",378
"796920",378
"6D616C",377
"69666B",377
"726172",376
"696274",376
"A36E20",375
"776177",375
"61642C",375
"726761",374
"696C6D",374
"692D73",373
"206E6E",373
"742E20",373
"2C2072",372
"872067",372
"642073",372
"72206E",372
"67617A",371
"CCA36B",371
"69676E",371
"64616E",370
"79696C",370
"732D6E",369
"206861",369
"686174",369
"697220",369
"642D75",368
"6D6469",368
"CCA32E",367
"6C2D6E",367
"736962",367
"796420",364
"732073",364
"6D6174",362
"B76E2D",362
"6B6164",361
"2DC5A1",361
"746172",360
"69206D",360
"742073",360
"2D7372",360
"617469",359
"2D7566",358
"6C612D",358
"73206C",358
"6E7520",356
"732D72",356
"207475",355
"776173",355
"732E20",353
"722079",352
"6D6D75",352
"206167",351
"6DC99B",351
"726173",351
"61646D",351
"CCA32D",349
"756420",348
"64206C",348
"C5A16E",348
"666675",347
"696661",347
"616B61",347
"2D6E74",347
"647573",346
"646174",345
"206962",345
"642D6D",344
"6B6BCA",344
"CCA371",343
"A37171",343
"2D736B",343
"6C7574",342
"617474",341
"612E20",340
"69642D",340
"692066",339
"A16B61",339
"3FC2BB",338
"797564",337
"616D7A",337
"646D20",336
"61206D",335
"6D206E",334
"77612D",334
"756675",334
"7467CC",333
"6D2073",331
"616767",331
"74736B",330
"642074",330
"752061",329
"736120",329
"692D79",329
"61726D",329
"776C20",329
"6C7573",329
"206177",325
"746173",325
"697A64",324
"73736C",324
"696D68",324
"A3206C",323
"642D77",323
"79746D",322
"2C2073",322
"6D692D",322
"2D7468",322
"612D67",322
"A37261",321
"74C99B",321
"6E2D62",320
"7268CC",318
"697769",317
"CCA36D",317
"616E74",317
"696675",317
"2D616B",316
"CC8764",316
"69C5A1",315
"6E2EC2",315
"71616E",315
"626E61",315
"6E2077",315
"CCA37A",315
"662D6D",315
"742D79",314
"756475",314
"7A6972",313
"A37ACC",313
"6D617A",312
"626464",312
"876420",311
"692D6D",310
"676174",309
"6E732C",309
"696473",308
"662D75",308
"732067",307
"6C616D",307
"CCAC64",307
"206469",306
"6E6D20",306
"736C6D",305
"C5A172",304
"727320",304
"697A61",304
"627420",304
"777373",303
"727761",303
"2D7472",302
"2D6E67",301
"69736E",301
"207467",300
"726179",300
"697171",300
"646179",299
"696D7A",299
"736E2E",298
"2D6962",297
"746761",297
"617267",297
"617275",296
"757773",296
"696720",296
"72C99B",296
"732D77",296
"726168",294
"617A69",293
"746D64",293
"697274",292
"696D69",292
"6B2D69",291
"726967",291
"6C6964",290
"2EE280",289
"CAB768",289
"B768CC",289
"CCACC5",289
"ACC5A1",289
"C2AB69",289
"612075",289
"6D7261",288
"6B616D",288
"646E2D",287
"2E2075",287
"727573",286
"746177",285
"877761",285
"6E742D",285
"A172C9",284
"726177",283
"7264CC",283
"756C2D",283
"7A6420",281
"61792D",281
"2D7573",281
"72732D",281
"666B61",281
"61C99B",280
"20696B",280
"6C696D",279
"642D6E",279
"617773",279
"746973",279
"746972",279
"207473",278
"2E2067",278
"732D73",278
"756E2E",277
"2D7375",277
"74696C",277
"756E2D",277
"692D75",276
"696475",276
"2D6B72",274
"646120",273
"697369",273
"742064",273
"69C99B",272
"C2AB77",272
"6D2D6E",271
"2D6264",271
"2D7477",270
"696769",269
"872D6B",269
"206767",269
"752067",268
"7A6179",268
"2C2067",268
"692D77",268
"6D6E61",268
"627272",265
"6C2069",265
"2D6D69",264
"2D6E20",264
"AB7761",264
"6467CC",264
"2D6CC9",264
"616B6B",264
"796172",262
"732D79",262
"642D67",262
"61642E",262
"A37275",261
"6B726E",261
"616C62",261
"2D696A",261
"6C206E",261
"692D67",260
"72742D",259
"7A7269",259
"6D616D",259
"746167",259
"206971",259
"617ACC",259
"776179",259
"662D61",259
"626C61",259
"746120",257
"876E20",257
"CCA32C",256
"757220",256
"64692D",256
"72736E",256
"69742D",256
"696E67",255
"752074",255
"796E20",255
"72756E",254
"2D6977",254
"6E7562",254
"207272",254
"73736D",253
"2D6971",253
"737320",253
"696D61",252
"6C6177",252
"6973CC",251
"74742D",251
"72612E",251
"6D206C",250
"206C71",250
"872079",250
"20C5A1",249
"757267",249
"62756C",249
"2C206D",248
"777572",248
"CCAC61",248
"2D6772",248
"646E75",247
"C2AB6D",247
"CAB772",247
"6E6167",247
"692062",247
"737375",247
"756C75",246
"6D6E6B",246
"74756E",245
"A32C20",243
"722073",243
"72206C",242
"207372",242
"C2AB61",242
"2C2062",241
"617967",240
"792D61",240
"7A6761",240
"722067",239
"732064",239
"876972",239
"206CC9",239
"6D6E6E",239
"6B612D",238
"6E6D67",238
"7367CC",238
"6174CC",237
"742079",237
"776164",236
"616B20",236
"736E2C",236
"647520",236
"717120",236
"6C616B",235
"676172",235
"752073",234
"6C6D75",234
"CCA362",234
"876179",234
"6C6DC9",234
"6E616E",234
"616D74",234
"6C2061",233
"642D62",233
"2D626E",233
"2D7361",232
"747564",232
"757275",231
"2D6C67",231
"74692D",231
"87696E",231
"756472",231
"6C7175",230
"717361",230
"71616D",229
"A16E6E",229
"7A7A61",229
"69207A",229
"752075",228
"796761",228
"696775",227
"A32069",226
"776168",226
"61646E",226
"2D7ACC",225
"722C20",224
"872074",224
"6274CC",224
"69776E",224
"872D72",223
"617277",223
"7564CC",223
"A36B61",223
"74206B",222
"756D20",222
"61207A",221
"2E2077",221
"616675",220
"CAB76D",220
"6D7573",220
"647274",219
"697366",218
"692D72",218
"6E692C",218
"776979",218
"6B6979",218
"746D67",218
"2D7374",217
"676C64",217
"69742E",217
"616C6E",216
"69206B",216
"696D67",216
"C5A174",215
"68612D",214
"2E2072",214
"617A6E",214
"79CAB7",214
"693A20",214
"A16B69",214
"6D2074",213
"872075",213
"67756E",213
"626964",212
"676E6E",212
"752077",212
"AC6464",212
"727520",211
"752C20",211
"64206B",211
"737173",211
"AB6D61",210
"696B6B",210
"72692D",209
"697761",209
"616D6D",208
"667268",208
"732D6D",208
"74616C",208
"697961",208
"B76E69",208
"617774",207
"2D7272",207
"6C2073",207
"206275",206
"642D6C",206
"C99B2E",206
"756C20",205
"696261",205
"662D74",205
"696D6E",205
"757269",205
"2D696B",204
"6E6772",204
"7A7761",203
"6C2079",202
"9B2069",202
"666177",202
"75776C",202
"79616C",201
"2D7466",201
"717175",201
"206173",200
"646920",200
"696E6D",200
"6C6D64",200
"6C6B6D",200
"617979",200
"736920",199
"7573CC",199
"6A6469",199
"697772",198
"74696D",198
"B76172",198
"6C6977",198
"6C6764",197
"676464",197
"6B616C",197
"696D6C",197
"776C2D",197
"79616D",196
"6A6A75",196
"A37220",196
"742075",196
"872D6E",196
"616C67",196
"77616D",195
"742066",195
"A36C61",195
"737474",194
"612077",194
"697264",194
"872D6D",194
"667573",194
"642066",194
"617720",194
"7464CC",194
"206B69",194
"2C2068",193
"6E6979",193
"87206E",193
"612062",193
"6D2E20",193
"616B2D",193
"717572",193
"646167",192
"CCA367",192
"6C2D61",191
"736164",191
"796167",191
"206166",191
"736E74",191
"206977",190
"696D74",190
"62616E",190
"74206D",190
"742EC2",190
"717564",189
"757777",189
"732066",189
"876177",189
"732074",188
"697161",188
"6C6974",187
"9B206C",187
"696272",187
"CCAC62",187
"6B6967",187
"AC6261",186
"692EC2",186
"616D2D",186
"61726B",186
"87206C",186
"757ACC",185
"6974CC",185
"2E2074",184
"697275",184
"6C6469",184
"64206D",184
"7A6172",183
"642D6B",183
"6B6D20",183
"72612C",183
"666173",183
"736977",183
"A36164",182
"6E2D6B",182
"6D7564",182
"6B696D",181
"776120",181
"6E7761",181
"2D757A",181
"726E69",181
"9B2079",181
"626174",181
"617A20",180
"616E61",180
"646E2E",180
"736D20",180
"872064",180
"6E6177",180
"736B69",180
"6E6A6D",179
"697461",179
"617272",178
"6C2C20",178
"777761",178
"617475",178
"73206B",178
"A36120",178
"617361",177
"6E692E",177
"C99B2C",177
"722D67",177
"642064",176
"757A6E",176
"79616B",175
"A32061",175
"C99B7A",175
"9B7A7A",175
"2D6D72",174
"6C646E",174
"7A616E",174
"692D6B",174
"20736B",173
"677220",173
"746D69",173
"6C696E",172
"872E20",172
"752072",171
"746E2E",171
"6B6D75",171
"74736E",170
"756E2C",170
"87207A",170
"696666",170
"2D746C",169
"616B6D",169
"2D7462",169
"642D66",169
"6D6172",168
"746E74",168
"74207A",168
"776920",168
"7275C5",168
"7961C5",168
"626164",168
"2D746B",168
"662D6B",168
"C99B6D",168
"6D2079",167
"69646E",167
"67616D",167
"A1616C",166
"A16B20",166
"6A6A61",166
"61742E",166
"736D2D",166
"9B2C20",166
"61732E",165
"616D67",165
"612D62",165
"696E6B",165
"6D2066",165
"A3696E",165
"CCAC68",165
"AC68CC",165
"666172",164
"2D6C6C",164
"872072",164
"676920",164
"722074",164
"872066",164
"2D6761",164
"2D7464",164
"A32079",163
"79612E",163
"77616B",163
"6E7373",163
"6E752E",163
"A16D20",162
"756D64",162
"712061",162
"696BC5",162
"797568",161
"646472",161
"726675",161
"667566",161
"6C6261",161
"696D75",161
"A3206E",160
"75732E",160
"6D206B",160
"206274",160
"742D73",160
"732075",160
"C99B6A",160
"67696D",159
"6D206D",159
"6D2075",159
"6D6A64",159
"2E206E",159
"627261",158
"747761",158
"2D7A67",158
"75206C",158
"2D756E",157
"6D7572",157
"75732C",157
"74617A",157
"C99B3A",157
"6A6A69",157
"3A20E2",157
"80BA20",156
"747475",156
"6E6E2E",156
"2C2064",156
"646E2C",156
"72206D",155
"756220",154
"207375",154
"9B3A20",154
"87206D",154
"692D66",154
"747567",154
"616E6D",154
"696A6A",153
"6E6761",153
"206761",153
"747261",153
"6B6972",153
"666C69",153
"617473",152
"6E6173",152
"7975C5",152
"2C206C",152
"612EC2",152
"75732D",152
"9B6177",152
"6D6168",152
"642075",152
"207ACC",152
"752079",151
"2E2079",151
"6E6769",151
"696A72",151
"696E3A",151
"736C61",151
"6D7171",151
"642062",150
"6E693A",150
"2069C5",150
"2D6B2D",150
"74C5A1",150
"20617A",149
"676C6C",148
"A36B69",148
"C2AB68",148
"727ACC",148
"746272",148
"6E612E",148
"716172",148
"726974",148
"752D74",148
"6C752D",148
"726E2E",148
"642072",148
"67696E",147
"6D736C",147
"A17474",147
"746769",147
"2E206D",147
"746C6C",146
"75666E",146
"746A68",146
"6A6868",146
"686864",146
"736967",145
"69742C",145
"756B6D",145
"20626C",145
"3F2069",145
"6E6174",144
"73696D",144
"C99B71",143
"757261",143
"737364",143
"61722E",143
"6C6D6A",143
"756E74",143
"75736E",143
"72616B",143
"736E61",143
"206162",142
"A36979",142
"A3726E",142
"6D6D20",142
"696674",142
"6EC5A1",142
"777369",142
"9B7175",141
"696C20",141
"67612D",141
"6C7420",141
"6C2067",141
"74676C",141
"B76D61",141
"75742E",141
"2D6C6A",141
"6E2DC5",140
"64207A",140
"6B6973",140
"2068CC",139
"75206E",139
"616269",139
"737367",139
"6C7568",139
"68616E",139
"79756D",139
"662D77",139
"C99B74",139
"BB2069",139
"737769",138
"A36D20",138
"7A6E20",138
"CCAC6C",138
"6D6461",138
"642E20",137
"6E6162",137
"AB6861",137
"9B2067",137
"6C6174",137
"676E20",137
"A36E6E",137
"CCAC20",137
"6D697A",137
"68696D",136
"2D69C5",136
"617264",136
"722072",136
"2D6A6A",136
"6D7A77",136
"697A72",135
"207366",135
"2D6E75",135
"746966",135
"626120",135
"6C2D69",134
"206D75",134
"2064CC",134
"2069C9",134
"61626C",134
"C2AB75",134
"74756D",134
"79612C",133
"C99B6E",133
"732062",133
"CCAC73",133
"2D74C9",133
"2E2068",133
"2D73CC",133
"73612D",132
"206C61",132
"722D6B",132
"6D6E2E",132
"642D72",132
"676974",131
"2D6E6B",131
"2D7366",131
"A32E20",130
"C99B69",130
"736D75",130
"6B6D6D",130
"72696D",130
"CC876C",130
"732D67",130
"757361",130
"666B20",130
"68646E",130
"872D79",130
"206D69",130
"616E75",129
"6B6977",129
"626179",129
"73206D",128
"207474",128
"6E7ACC",128
"A367CC",128
"747366",128
"722D62",128
"726973",127
"746B6B",127
"A16B2D",127
"732D6B",127
"20616E",127
"877573",126
"72206B",126
"64756D",126
"717562",125
"616220",125
"74612D",125
"692D6C",125
"6B6173",125
"716173",125
"20616C",124
"2C2066",124
"617920",124
"61716C",124
"6B6174",124
"6E742E",124
"2E2073",124
"2D616D",124
"676769",123
"626173",123
"736974",123
"75742D",123
"AC2061",123
"69746A",123
"A37269",123
"6D6D74",123
"62696C",122
"6B6B75",122
"777420",122
"746174",122
"B77261",122
"A16D6E",122
"87206B",122
"872D73",122
"A32067",122
"676E77",122
"6D207A",122
"79642D",122
"20696A",121
"796461",121
"757764",121
"7361C9",121
"6D6E2D",121
"6C6D20",120
"697A77",120
"64692C",120
"737566",120
"69796E",119
"6C6A6E",119
"877261",119
"727171",119
"72616D",118
"6E752C",118
"206C75",118
"616C2E",118
"9B2073",118
"797574",117
"72756D",117
"696D71",117
"746168",117
"6E736B",117
"A37520",116
"7A7775",116
"776174",116
"6C2D64",116
"6C6E2D",116
"61742C",116
"742062",116
"6B2069",115
"722D7A",115
"A36E61",115
"6D696E",114
"622D6E",114
"742D72",114
"6B67CC",114
"616D64",114
"666E20",114
"9B6D6D",114
"697267",113
"64736E",113
"616869",112
"722062",112
"207466",112
"9B6171",112
"79757A",112
"6E20E2",111
"6D612C",111
"722E20",111
"752E20",111
"872062",111
"696461",111
"697A7A",111
"616D75",110
"C2AB67",110
"6E696D",110
"646D2E",110
"61796B",110
"C99B62",110
"A3756B",110
"6E6E2D",109
"2C206B",109
"2D6C61",109
"662D6C",109
"2D6275",109
"6E6E2C",109
"A36179",109
"732072",108
"737761",108
"616E67",108
"742D75",108
"613A20",108
"737362",108
"9B616E",108
"722D75",108
"61732C",108
"757171",108
"2C207A",108
"732EC2",108
"206269",108
"736E67",108
"6D6C61",107
"6D6D72",107
"697472",106
"2079CA",106
"6D6D6C",106
"756D7A",106
"2D69C9",106
"742D64",106
"756661",105
"617772",105
"696772",105
"746E2C",105
"727572",105
"20747A",105
"A36166",105
"6B7267",105
"61676C",104
"6D2D74",104
"9B2061",104
"73756E",104
"207567",104
"6DC5A1",104
"7A6769",104
"6D6177",104
"206E73",104
"757375",104
"2D6E7A",104
"6B7361",103
"6B2C20",103
"6A616C",103
"726E2C",103
"A1616E",103
"6C6973",103
"2D7564",103
"6D2064",103
"207464",103
"692D62",103
"6A6420",103
"6173CC",102
"CCAC69",102
"737574",102
"2D6B6B",102
"6C2D74",102
"662D72",102
"666B2D",102
"6E2D67",102
"61646A",102
"617A2D",102
"62742D",102
"7AC99B",102
"9B6E61",101
"2D79CA",101
"696262",101
"797420",101
"697773",101
"667475",100
"752D6E",100
"67676A",100
"746767",100
"206C62",100
"756E66",100
"A36920",100
"722D66",100
"626E20",99
"696B73",99
"6A6E6A",99
"7567CA",99
"75206B",99
"6B722D",99
"616C2C",99
"80B961",99
"AC6120",99
"697A67",99
"6D64CC",99
"736D6D",99
"A36C69",99
"206168",98
"2073CC",98
"722064",98
"696D73",98
"697371",98
"207472",98
"747367",98
"616620",98
"74666B",98
"647275",98
"6C6A64",98
"7A6E6E",98
"696D2C",97
"872D62",97
"6E6B2E",97
"77692D",97
"A32D6E",97
"726B69",97
"642D7A",96
"20C99B",96
"752064",96
"676D20",96
"742072",96
"642EC2",96
"6C696C",96
"756A61",96
"61722C",96
"CCA366",96
"A3616D",96
"206C6A",96
"6C6C6E",96
"6E6675",96
"6267CC",96
"696269",95
"616D2E",95
"77206E",95
"612D6D",95
"6A756A",95
"2D7471",95
"736172",95
"676177",95
"79796E",95
"AB7572",95
"676A64",95
"C5A171",95
"677567",95
"72742E",95
"646E69",95
"A36162",94
"6B757A",94
"746166",94
"73207A",94
"C2AB72",94
"696DC9",94
"737372",94
"722066",94
"69726E",94
"746D75",94
"7368CC",93
"696672",93
"747269",93
"6C6420",93
"612D7A",93
"736464",93
"796B61",93
"2E206C",93
"72C5A1",93
"6D2072",93
"2D6D75",93
"647320",93
"6D6167",93
"737564",93
"AB6973",93
"626261",92
"2E206B",92
"696C75",92
"6C756C",92
"6A6D20",92
"75622D",92
"6A7261",92
"AB67CC",92
"6D6D6E",92
"6E742C",92
"6B2D74",92
"6667CC",92
"617764",91
"726979",91
"6B692E",91
"7A6467",91
"9B6261",91
"716C20",91
"2D756C",91
"61643F",91
"2D7A7A",91
"696D2E",90
"626979",90
"736767",90
"6A6164",90
"746164",90
"736761",90
"746D6D",90
"77646D",90
"722D6A",90
"A37573",90
"616661",89
"6C206C",89
"6C6162",89
"2D6E61",89
"67752D",89
"726469",89
"CCACCA",89
"ACCAB7",89
"6B2D61",89
"6E612C",89
"6C2E20",88
"697720",88
"722D79",88
"747520",88
"20CAB7",88
"616D68",88
"736261",88
"6167CA",88
"7473CC",87
"726964",87
"2D74C5",87
"662D79",87
"796166",86
"B76173",86
"662D64",86
"6C6C74",86
"646D2C",86
"746672",86
"A3722D",86
"6D2D61",86
"7A2D61",86
"697271",86
"2D7269",86
"697377",85
"79617A",85
"747772",85
"20626E",85
"AC6172",85
"87616C",85
"6E2D66",85
"752066",84
"9B616D",84
"C5A169",84
"6D646E",84
"756E6D",84
"6D2D69",84
"757772",84
"777320",84
"666974",84
"A32073",84
"A3756E",84
"747775",84
"66616E",84
"7173CC",84
"6E3F20",84
"2D64CC",84
"6D742E",84
"776964",84
"C2AB73",84
"206B6B",83
"2D7568",83
"6D6E2C",83
"67757A",83
"6B2073",83
"A37420",83
"616D69",83
"726E6E",83
"6A6A6E",82
"206D6D",82
"74616B",82
"20746C",82
"726B61",82
"2D7161",82
"C99B72",82
"756B6B",82
"69746D",82
"206D6E",82
"62752D",82
"69676D",82
"75733A",82
"646420",82
"6E676D",81
"696C6B",81
"6C7361",81
"9B6166",81
"617A7A",81
"697374",81
"2D68CC",81
"C99B73",81
"677564",81
"2D6C69",81
"64732D",80
"626974",80
"2D6C66",80
"756A6A",80
"6E6269",80
"616D73",80
"616669",80
"74686C",80
"6E2D6C",80
"2D6C75",80
"72742C",80
"CAB72D",80
"797566",80
"AC73CC",80
"696D64",80
"746D6E",80
"6D6C20",80
"66696C",80
"616D2C",79
"616E62",79
"66206E",79
"64646D",79
"6D7220",79
"747468",79
"756E75",79
"6A752D",79
"61666E",79
"776973",79
"206C6B",79
"67612E",79
"776167",79
"797572",78
"CCA3C5",78
"A3C5A1",78
"2074CC",78
"7A6E2D",78
"797975",78
"A32075",78
"736E6D",78
"757474",78
"74616A",78
"6D2EC2",78
"2D666B",78
"69666C",78
"736D61",78
"876173",78
"69626E",78
"20746E",78
"C5A177",78
"206775",78
"676972",77
"727961",77
"672061",77
"C2AB74",77
"6E2D7A",77
"756D61",77
"75742C",77
"667261",77
"7461C5",77
"686C6B",77
"716179",77
"69642E",76
"2E2064",76
"626275",76
"C2AB6E",76
"62206E",76
"CAB7C5",76
"B7C5A1",76
"6B6D2D",76
"647574",76
"B76D6D",76
"676D6E",76
"746B72",76
"6E616D",76
"6D742D",76
"CC877A",76
"6E7461",76
"697468",76
"6C692E",75
"20756D",75
"2D61C5",75
"6A6E75",75
"6B7269",75
"726767",75
"7961C9",74
"732D62",74
"A32D74",74
"A36974",74
"692077",74
"62692D",74
"6D6C73",74
"2D74CC",74
"736E6E",74
"617461",74
"2D6E69",74
"74736C",74
"6C6267",74
"617279",73
"75676C",73
"616E3A",73
"757367",73
"6C6D68",73
"696B6D",73
"207772",73
"206D72",73
"6E6261",73
"6767CC",73
"616C6D",72
"666B69",72
"B76E20",72
"2D75C5",72
"7A7A75",72
"2D742E",72
"7A7A6E",72
"6C6861",72
"9B7420",72
"74746D",72
"747573",72
"7A2069",72
"737420",72
"6C616C",71
"646177",71
"6C6168",71
"757369",71
"80BAC2",71
"BAC2BB",71
"872EC2",71
"2D6A61",71
"AB7261",71
"647220",71
"667572",71
"746974",71
"64692E",71
"776C6E",71
"6B6E20",71
"737269",71
"6D2D64",71
"686979",71
"69672D",70
"69732E",70
"877275",70
"64612E",70
"697974",70
"6D2077",70
"727574",70
"643A20",70
"696472",70
"736B6B",70
"6E7577",69
"746E67",69
"6B206C",69
"646973",69
"A3616B",69
"20616B",68
"667520",68
"727564",68
"2D7772",68
"736166",68
"737368",68
