"6F6F20",54798
"207761",45124
"206F6F",41608
"617920",40643
"616E20",38961
"61616E",37395
"616120",35423
"696920",34412
"206B75",26373
"6B6120",25797
"616164",25324
"757520",24762
"206468",24424
"206979",23294
"6E6120",22988
"206B61",22735
"796F20",22709
"616861",22684
"69796F",22546
"617861",22437
"6B7520",21382
"616461",21278
"776178",20946
"206D61",20479
"676120",19725
"6B6969",18652
"206168",18252
"6E6161",18057
"2C206F",17879
"646861",17857
"646F6F",17796
"612077",17425
"6F6F6E",17379
"616173",17261
"206C61",17142
"646120",17044
"696973",16734
"20696E",15596
"776161",15561
"796161",15336
"206461",15154
"612061",15116
"206261",14913
"65656E",14793
"646969",14587
"616420",14540
"61206B",14404
"612069",14386
"612C20",14301
"6C6161",14134
"686161",13884
"69696E",13695
"677520",13665
"616761",13494
"207520",13356
"20646F",13208
"786161",13192
"617961",13046
"612064",13014
"646869",12871
"696E20",12858
"6F2077",12728
"697361",12479
"206861",12407
"6F2064",12231
"6E2C20",12222
"616464",12090
"61726B",11850
"616E61",11786
"4F6F20",11738
"697961",11690
"696761",11548
"207775",11348
"6B6161",11253
"686179",11230
"61616C",11120
"616261",11045
"616262",11038
"612073",11036
"207361",10921
"696E61",10884
"207369",10781
"206179",10773
"616168",10758
"646161",10722
"206161",10654
"746161",10624
"2C2069",10543
"6F2061",10518
"726B61",10362
"6F6E61",10078
"792C20",10077
"6E2064",9771
"757875",9750
"787575",9744
"616820",9735
"626161",9680
"626269",9480
"6F6F64",9424
"726565",9278
"777578",9248
"6C6120",9240
"736161",9128
"686969",9106
"61792C",9061
"656572",8937
"626967",8932
"736F6F",8927
"20736F",8838
"656564",8667
"752064",8658
"752077",8646
"626120",8553
"6F2C20",8542
"736969",8464
"786179",8454
"617261",8406
"686120",8335
"726161",8284
"692064",8264
"616C61",8226
"206973",8186
"6E6179",8028
"696468",7988
"752073",7978
"526162",7904
"616469",7903
"736861",7899
"6D6161",7760
"207161",7743
"6E2069",7714
"61206C",7696
"6E7461",7692
"616179",7669
"646461",7638
"6F206B",7591
"616162",7583
"686164",7525
"646565",7447
"207969",7380
"61206D",7370
"205261",7292
"6E6E61",7290
"656E20",7214
"75206B",7182
"6E206B",7172
"746969",7120
"2C2077",7105
"206361",6957
"6D6172",6951
"657220",6913
"696461",6882
"6C6B61",6857
"612062",6821
"617361",6777
"676161",6665
"207461",6581
"726179",6576
"73616E",6575
"6F2069",6529
"646179",6483
"207265",6469
"68616E",6461
"61796E",6392
"656579",6389
"616167",6336
"612068",6313
"692C20",6300
"206A69",6288
"676969",6272
"696469",6238
"626164",6228
"752079",6215
"69696C",6181
"6C6179",6131
"616E2C",6087
"746179",6077
"6F716F",6057
"61206F",6032
"796964",5995
"206761",5991
"617973",5987
"796565",5975
"612075",5946
"616D61",5910
"6D6120",5880
"746120",5857
"617320",5848
"61796F",5808
"736964",5796
"796579",5763
"206269",5647
"696E6B",5597
"692061",5516
"752061",5511
"207368",5508
"6D6565",5474
"6E7520",5451
"616361",5448
"736520",5419
"617368",5397
"616C6B",5395
"696775",5381
"61646B",5357
"6F206D",5220
"64616E",5192
"646164",5192
"792069",5169
"696E74",5150
"796F2C",5073
"616172",5058
"207861",4928
"697965",4920
"61612C",4831
"6F2073",4818
"796164",4813
"6F2062",4803
"716F72",4800
"616127",4790
"6A6972",4745
"207765",4743
"617964",4705
"20686F",4668
"696E75",4658
"616B69",4606
"6E2061",4604
"736167",4604
"757573",4589
"736120",4587
"656C69",4555
"646B61",4548
"61616B",4542
"756E61",4540
"20626F",4514
"79206B",4512
"496C61",4476
"776164",4458
"207567",4456
"616E6E",4454
"616775",4442
"65656C",4432
"6D6964",4375
"206E61",4355
"4D6172",4338
"6E2077",4321
"696869",4299
"612071",4289
"756775",4278
"6E6B61",4271
"646865",4264
"6F6F67",4261
"676F6F",4257
"617820",4256
"617220",4251
"616C20",4251
"20496C",4238
"6B7577",4190
"6E206F",4182
"736869",4174
"206D69",4170
"6C6F6F",4161
"206964",4148
"697261",4141
"6D6164",4126
"616468",4108
"68692C",4107
"64696E",4086
"617461",4082
"73616D",4043
"6B616C",4033
"657920",4021
"696E6E",3995
"206775",3994
"646162",3983
"796167",3975
"626F71",3962
"206C65",3950
"616C65",3944
"612067",3916
"204F6F",3903
"612063",3874
"682C20",3863
"61646F",3855
"617269",3789
"696D61",3771
"6F6461",3765
"20616D",3760
"207175",3759
"676179",3753
"61792E",3751
"736179",3736
"726B69",3715
"776179",3714
"752069",3702
"616D6D",3694
"206E6F",3693
"616E74",3690
"616E2E",3680
"697369",3670
"686F6F",3664
"206469",3640
"616C69",3629
"69206B",3628
"727461",3623
"206465",3623
"796168",3616
"6E2073",3615
"792061",3607
"737461",3601
"626179",3595
"207961",3573
"696420",3570
"206E69",3539
"6B6179",3527
"207575",3504
"616465",3502
"6C6168",3501
"204D61",3497
"797361",3469
"696C61",3468
"757572",3467
"616C6C",3437
"796179",3425
"6F6F79",3407
"757564",3406
"61206A",3385
"757761",3359
"792064",3354
"206164",3343
"756D61",3341
"626172",3333
"686565",3332
"204973",3332
"64616C",3319
"656E2C",3316
"206275",3316
"627575",3306
"676761",3291
"79206F",3288
"716161",3283
"6E696E",3283
"697869",3257
"752062",3239
"617967",3226
"6C6167",3188
"612769",3185
"686F72",3173
"61682C",3164
"206D65",3162
"6D6D61",3162
"727575",3150
"6E7575",3143
"6C6C61",3133
"752068",3129
"612074",3118
"692077",3091
"752074",3083
"656573",3072
"6C6565",3069
"696769",3046
"6D6179",3045
"656567",3014
"657961",2990
"6E7469",2961
"676565",2946
"61206E",2927
"642069",2926
"206661",2918
"612072",2915
"2C206D",2914
"612079",2895
"62696E",2895
"207469",2880
"617761",2867
"276969",2866
"656420",2862
"612078",2857
"752075",2854
"736164",2854
"6C696E",2846
"776969",2844
"6E206D",2842
"647575",2828
"64206B",2818
"6F7274",2814
"61616D",2813
"6F6E20",2809
"646B69",2800
"6F2068",2797
"722062",2792
"646469",2789
"686578",2779
"206B69",2779
"737261",2777
"6F206C",2767
"656C61",2761
"646465",2742
"497372",2727
"6E7365",2723
"696E73",2721
"576161",2718
"6C6162",2707
"616177",2691
"676163",2691
"657368",2680
"61612E",2676
"616E6B",2674
"696261",2668
"696C20",2657
"686172",2655
"206565",2641
"616174",2638
"6D6167",2633
"75206C",2632
"206475",2631
"207965",2631
"646172",2631
"64646F",2628
"646875",2620
"792077",2620
"205761",2615
"6F2067",2612
"796E20",2612
"6B6565",2578
"746F6F",2577
"68616D",2574
"6F7220",2567
"612049",2555
"75206A",2555
"736172",2543
"636161",2533
"75206D",2522
"642C20",2505
"68616C",2494
"2C204F",2488
"642061",2483
"687575",2475
"4C6161",2462
"6C6B69",2461
"657965",2459
"6F6E74",2459
"616767",2456
"752071",2447
"612052",2447
"75756E",2442
"6B616E",2442
"792073",2441
"697269",2435
"6C6164",2434
"646168",2429
"63616E",2427
"757269",2424
"6E6F71",2410
"796E61",2407
"692069",2398
"207769",2384
"6E6B69",2383
"6E206C",2379
"2C2061",2374
"666172",2372
"726967",2353
"6F6420",2340
"6B6F6F",2339
"776120",2337
"6F2071",2335
"6F2063",2331
"6F772C",2331
"69736B",2326
"6A6F6F",2323
"772C20",2322
"736B61",2319
"617375",2299
"626565",2298
"6E2062",2296
"6F6761",2293
"656461",2287
"6F2072",2284
"64612C",2282
"617374",2280
"74616E",2273
"726164",2273
"686967",2264
"616769",2256
"692073",2251
"737575",2250
"626979",2241
"752049",2240
"6F2075",2236
"486164",2224
"617965",2223
"616875",2219
"796120",2207
"736865",2206
"206B6F",2190
"206369",2189
"6E2075",2186
"61676F",2185
"206A6F",2181
"657820",2176
"6F726B",2170
"616D65",2158
"696972",2158
"20716F",2156
"626978",2151
"696964",2142
"75206E",2138
"777575",2132
"776579",2131
"746565",2129
"206172",2118
"6F206E",2108
"20696C",2101
"206969",2078
"2C2057",2068
"656520",2054
"646E61",2054
"6F6F72",2054
"576178",2048
"647520",2043
"77656C",2041
"205961",2027
"207875",2025
"6E6164",2024
"696979",2019
"79206D",2009
"697375",2007
"6C6920",2006
"6F2074",2005
"69646B",2004
"6D616E",2003
"727261",2002
"692062",1994
"206375",1990
"6F6261",1990
"616E69",1989
"617272",1989
"752067",1981
"792075",1976
"726979",1972
"736920",1967
"692075",1952
"77616E",1932
"20616E",1926
"206765",1920
"6F7969",1919
"727469",1918
"6C6979",1916
"796761",1915
"206C6F",1910
"697320",1909
"797575",1907
"205965",1907
"636164",1905
"642075",1902
"67616E",1899
"6C6568",1897
"207261",1896
"20746F",1893
"6E6967",1890
"6F2078",1889
"2C206B",1888
"6D6178",1864
"69692C",1860
"737520",1857
"636179",1853
"69206C",1853
"696E2C",1850
"79696E",1849
"6E6B75",1849
"656761",1843
"642077",1839
"68206F",1836
"2C2073",1836
"717572",1833
"756C61",1829
"616C62",1821
"726920",1818
"616C6F",1818
"657261",1813
"757361",1808
"616864",1805
"6B7575",1803
"2C206C",1797
"677572",1791
"204261",1787
"756E20",1784
"617265",1784
"20616C",1782
"79696D",1782
"205361",1776
"696464",1770
"612066",1760
"64616D",1759
"6B6173",1756
"716162",1754
"206265",1750
"786969",1747
"646967",1737
"796461",1735
"206B65",1731
"756475",1729
"646567",1728
"65796E",1718
"642062",1718
"677461",1713
"69206D",1696
"617274",1691
"616220",1690
"752063",1690
"756C6B",1685
"786F6F",1681
"62616C",1669
"612059",1668
"71616C",1663
"6E6E75",1657
"6F6F73",1650
"626178",1644
"6E696D",1636
"67612C",1630
"757275",1627
"646F20",1625
"6F6F6C",1623
"696962",1612
"646C61",1607
"64686F",1605
"626920",1604
"617161",1597
"656E2E",1597
"6E6F6F",1593
"736875",1591
"77616C",1584
"204861",1583
"204461",1581
"642064",1580
"746964",1579
"692072",1574
"612775",1572
"617975",1566
"207275",1563
"696D69",1562
"6B6172",1559
"716179",1557
"6F6469",1557
"277575",1551
"656C20",1548
"72696E",1545
"206A65",1544
"677361",1527
"616720",1526
"616D69",1520
"756761",1518
"756261",1517
"732064",1517
"20676F",1509
"72616E",1501
"6D6171",1497
"20786F",1494
"61646C",1490
"206967",1487
"752078",1475
"786167",1474
"617969",1469
"616273",1464
"616869",1464
"68756C",1461
"696C6B",1458
"207869",1457
"687520",1455
"636969",1450
"676172",1446
"786120",1445
"6C6967",1443
"616E75",1435
"756461",1434
"677564",1433
"616269",1433
"616774",1427
"6E6162",1423
"6E206A",1418
"727961",1417
"697374",1416
"68696E",1411
"4D6173",1402
"627361",1396
"3B206F",1387
"717564",1385
"6F206F",1384
"792062",1382
"747575",1382
"6C6962",1377
"64206F",1371
"61682E",1369
"732061",1368
"6C6520",1367
"6B756C",1367
"206166",1360
"446161",1360
"696E2E",1356
"757261",1354
"616274",1353
"757769",1351
"536964",1349
"617879",1346
"726261",1345
"61686F",1341
"64756E",1341
"626261",1341
"646979",1339
"2C2049",1337
"206A61",1330
"752066",1329
"616D62",1323
"726167",1322
"736E61",1322
"6D6969",1321
"6C6173",1319
"652C20",1318
"6E2068",1313
"65792C",1312
"682069",1309
"786979",1306
"726969",1297
"616661",1294
"6D6168",1290
"69206F",1290
"69206A",1288
"6E2074",1286
"6C206F",1285
"756468",1285
"61716C",1282
"6D6F6F",1281
"652077",1280
"206669",1276
"6C2C20",1276
"697368",1275
"646972",1268
"207475",1266
"2C2068",1264
"787961",1262
"656269",1253
"686162",1247
"636172",1243
"79206E",1241
"6F6C6B",1239
"6F6F62",1232
"63756E",1229
"206920",1225
"636162",1217
"207465",1215
"616B68",1215
"757262",1210
"6C6C69",1208
"626B61",1204
"6F7961",1201
"6A6964",1199
"6E746F",1198
"657864",1197
"72746F",1195
"756E74",1194
"626969",1191
"205369",1191
"796172",1185
"617279",1184
"617369",1182
"697365",1171
"692052",1170
"2C2052",1170
"6E2063",1169
"6E2079",1168
"6C6F20",1167
"6B756E",1163
"656469",1163
"726F6F",1159
"69676F",1157
"61726F",1156
"636565",1154
"652061",1150
"792067",1149
"72206B",1143
"686163",1143
"616475",1140
"696369",1140
"61736F",1133
"78206B",1133
"596572",1133
"204161",1131
"697274",1130
"6E2078",1128
"6C6269",1127
"746168",1126
"672C20",1126
"6E2067",1126
"206865",1126
"68696D",1121
"42616C",1120
"757365",1120
"62616E",1119
"206572",1119
"776172",1117
"6D6D75",1114
"6E6F20",1108
"612E20",1107
"79612C",1106
"73686F",1105
"206F67",1103
"61626B",1101
"797374",1099
"617864",1094
"6E206E",1092
"616163",1089
"736565",1088
"6F6C20",1088
"6E2071",1088
"676920",1087
"6C2069",1086
"757578",1085
"64612E",1083
"796E75",1079
"75756C",1079
"657275",1076
"796420",1072
"642073",1072
"6F7164",1071
"204C61",1071
"696269",1069
"656D62",1068
"6F6464",1067
"757274",1065
"796F77",1062
"746167",1056
"61646E",1052
"6B756D",1050
"73206F",1050
"2C2064",1047
"796968",1044
"69726B",1044
"692071",1043
"792074",1042
"74616C",1041
"79616E",1040
"68206B",1038
"6E6167",1038
"436969",1035
"646261",1034
"726B75",1033
"722C20",1033
"756420",1032
"752072",1031
"656E61",1030
"616D72",1028
"692068",1025
"792063",1021
"6F7320",1021
"726520",1017
"79206C",1016
"6C2065",1014
"676162",1014
"2C204D",1012
"786171",1007
"65206B",1006
"68656C",1006
"64656D",1006
"786164",1004
"716F6C",1002
"746F20",1001
"686973",1001
"6E6468",997
"6E2E20",996
"736F63",996
"616773",995
"6B6F72",995
"205368",995
"67656C",993
"696967",990
"726F20",990
"656820",987
"6F6F6D",987
"792071",987
"682061",985
"726964",980
"756C20",979
"676769",975
"206675",974
"78616E",974
"612053",974
"686177",972
"6E616E",971
"206D75",970
"646962",968
"627461",966
"6E612C",962
"686972",961
"732077",959
"682077",958
"6F6E6F",957
"636964",957
"736B75",955
"204369",954
"64686B",952
"652069",950
"686F77",950
"616171",946
"6F7261",945
"73612C",944
"67616C",944
"796769",937
"792072",936
"6F2066",931
"656767",929
"2C2053",927
"596168",927
"612065",926
"6B6874",925
"716F6E",923
"667572",922
"6D6269",921
"6B6861",920
"687469",919
"626F6F",918
"727361",917
"204361",916
"6F7761",915
"6F2059",914
"6C206B",913
"786469",911
"204D75",909
"6E6565",908
"612041",907
"776978",903
"276161",900
"692067",899
"61204D",899
"4D7575",899
"64206D",894
"666161",893
"757562",891
"204B61",890
"732C20",886
"206B68",881
"636461",880
"65682C",879
"6F2052",878
"616674",878
"746567",875
"6C656D",875
"716461",874
"2C2041",873
"617365",871
"786461",871
"692769",869
"6D6173",869
"726120",868
"722061",868
"6E2072",867
"20696D",867
"757368",866
"2E204F",865
"756C6C",863
"656765",862
"207375",856
"67756E",851
"6F6720",849
"6E6969",846
"2C2062",845
"686465",845
"642074",843
"6F6475",841
"617273",841
"646178",839
"656769",839
"69206E",837
"6D6F20",836
"63616C",833
"636167",833
"792068",832
"726168",829
"73206B",827
"6A6565",824
"6F6767",816
"6F2053",816
"613B20",814
"69696D",812
"6F6C61",811
"657964",811
"6F206A",811
"2C2042",810
"786964",806
"617263",806
"716F6F",803
"656566",802
"6C6969",802
"686167",801
"746F62",799
"667461",798
"626927",797
"64206C",795
"782062",794
"206365",794
"697220",794
"617278",791
"6F7272",787
"6D7575",783
"646F62",782
"796E2C",781
"722069",781
"757220",778
"69736E",776
"646F2C",775
"726E61",774
"206E65",774
"67612E",771
"792078",770
"6D6261",769
"616A69",769
"77616B",769
"757375",767
"6C2077",765
"6C2061",765
"6E7475",765
"686168",764
"204265",764
"736174",757
"65792E",755
"596F6F",755
"677575",754
"6E3B20",753
"6B6163",750
"656A69",748
"616166",748
"686461",748
"692063",747
"6F7265",745
"2C2048",744
"20596F",742
"6E6166",737
"6E6920",735
"65796F",735
"677469",734
"796469",734
"617275",732
"722064",732
"686E61",731
"6B612C",731
"756B75",730
"20666F",729
"696C6F",728
"206C69",728
"6F6F78",728
"61796C",727
"746F64",726
"65206D",726
"75756D",726
"696774",726
"756E69",724
"75726B",722
"737469",722
"646578",720
"6A6979",720
"717575",717
"78756D",716
"61616A",711
"4B7577",710
"657265",710
"616265",709
"716172",709
"69692E",708
"6D7520",707
"616275",706
"62612C",705
"756875",703
"686979",703
"716C61",703
"6D6979",702
"692049",700
"6D7261",700
"692059",699
"6A6177",695
"656E6E",694
"666969",692
"6C6261",692
"64696C",692
"6F2079",691
"65672C",691
"656D20",691
"786565",690
"746967",689
"746972",689
"6F7720",688
"626168",687
"536179",686
"64206E",683
"6E6B6F",682
"6C6968",682
"692078",681
"206F64",680
"206162",678
"617962",675
"6F646B",675
"71756C",669
"78756B",668
"796F2E",668
"61613F",667
"797369",667
"626973",667
"696978",666
"646920",666
"677562",666
"6B6167",664
"75736B",664
"612043",663
"205975",662
"61626F",661
"617769",660
"792E20",660
"486161",659
"6F6C6F",657
"6E6E69",655
"6E6964",653
"612042",653
"6A6161",653
"536161",651
"64756C",650
"686171",650
"6D616C",647
"61726E",646
"61666B",645
"757567",644
"697272",644
"716969",644
"696C6C",643
"62612E",642
"732069",641
"616364",641
"73746F",640
"72756D",640
"757175",639
"656468",638
"692074",637
"79612E",637
"72206F",636
"676579",636
"6E7961",635
"792079",635
"682062",634
"782061",633
"652062",633
"687571",632
"61642C",632
"74612C",631
"6B7567",631
"6C616E",631
"686920",629
"6D6265",628
"686F20",626
"6F7368",626
"2C204B",623
"652075",623
"726172",622
"616C6D",618
"636120",618
"6E6163",618
"6F6364",615
"6F6468",615
"78696E",614
"6C6C6F",613
"666164",611
"2E204D",610
"696D6F",610
"204D69",606
"61746F",604
"722075",604
"696220",603
"75206F",603
"617862",602
"686173",602
"726178",602
"696E64",601
"613F20",601
"656578",601
"207365",599
"616462",599
"6C2062",596
"796F6F",596
"6D6163",594
"6E6178",593
"6A6563",592
"73756E",590
"786261",588
"6F6E69",587
"576969",585
"726B65",583
"6F6D6D",583
"68756E",581
"636F64",581
"6E6F2C",579
"793B20",578
"657269",578
"616178",578
"646167",577
"426F71",576
"20636F",575
"2C2074",575
"646475",574
"69642C",574
"616865",574
"204661",574
"6F6E2C",571
"4B6F6C",571
"6C206D",571
"726973",571
"206177",570
"696765",570
"626E61",570
"616D6F",569
"6F6E6E",569
"6F7461",568
"6C6E61",566
"61686E",563
"697265",563
"206167",562
"786172",562
"205861",560
"69726F",560
"207572",559
"63656C",559
"6F2761",556
"727572",554
"697969",553
"636F6F",553
"4B616E",551
"2E2057",549
"6C2064",548
"657274",548
"20426F",547
"696C69",546
"722053",546
"416E69",546
"6A696E",545
"616D20",544
"6D2C20",543
"667469",541
"617264",541
"276565",541
"686962",540
"627469",540
"656562",540
"6E2052",538
"6F6E6B",538
"65726B",537
"69646C",537
"696A61",537
"61793B",536
"642068",536
"617772",536
"6E6261",535
"69204D",534
"61776F",534
"687562",533
"6F6F27",533
"6E6168",532
"676178",531
"626B69",531
"757320",531
"206972",531
"6C6163",530
"727861",530
"757571",529
"6F2042",529
"756464",528
"65642C",526
"657861",522
"204979",522
"205375",521
"6B656C",520
"206875",519
"646B6F",519
"726173",519
"6C652C",518
"207865",517
"786967",516
"616E6F",515
"20456C",515
"6F642C",513
"6E6E6F",513
"757861",512
"646F77",512
"6D7269",511
"61636D",511
"617120",511
"6C6F77",510
"676168",510
"6B6F6C",510
"686567",510
"426161",510
"73612E",509
"6F204D",509
"786174",507
"796969",506
"6E612E",506
"682075",503
"69646F",503
"732075",502
"62696C",501
"204761",501
"205275",499
"6F2049",499
"6D6968",499
"20416E",499
"796775",494
"2C206E",493
"727275",493
"746162",493
"204E61",492
"6F2041",492
"6D6920",491
"642071",491
"61793F",491
"73616C",491
"6D696E",489
"207269",488
"6E6F2E",488
"776565",488
"617469",486
"656C6F",483
"626F20",482
"596163",482
"6C6F73",481
"617169",480
"6F7767",479
"206171",479
"72756E",478
"6F6775",478
"205365",478
"686B61",478
"776F77",478
"756220",478
"722059",477
"74696D",477
"69732C",476
"736F20",476
"716164",476
"626520",476
"652068",476
"6B616D",476
"497361",475
"716F74",474
"6C6D6F",472
"616365",472
"736162",472
"746920",471
"6C616D",471
"642067",471
"697461",471
"68696C",470
"796464",469
"796E2E",469
"752052",468
"652064",466
"416162",466
"792052",465
"646B75",464
"727269",463
"6A6969",463
"726369",463
"746172",461
"6B6962",460
"736B69",460
"646572",460
"65206F",459
"756C6F",459
"726B6F",458
"622061",458
"636920",456
"646968",455
"676F20",455
"682064",454
"792059",454
"647562",452
"752065",451
"692053",450
"72206C",449
"78646F",448
"3B2077",448
"696D20",448
"756D6D",448
"786572",448
"205461",446
"6F6773",445
"576172",445
"612761",444
"636173",444
"6E696A",444
"536865",443
"616320",443
"656365",443
"737562",442
"686178",442
"676D61",441
"6F2E20",440
"204162",440
"756D69",440
"61722C",440
"642063",439
"616C2C",439
"782064",438
"672062",438
"697820",438
"616669",438
"616371",438
"637175",438
"6F636F",437
"622C20",437
"666B61",436
"612044",436
"792053",434
"746F2C",434
"66616C",433
"79206A",433
"62756C",433
"727265",431
"787361",431
"627572",431
"6E6562",429
"204B75",428
"656475",427
"627261",426
"716979",426
"527575",425
"626968",425
"4D6178",425
"6E2065",424
"6C6D61",424
"6C2075",424
"656361",424
"636967",423
"68206D",422
"666F6F",421
"204E65",421
"69676D",421
"616765",420
"796920",419
"6C6127",419
"696475",418
"6D6174",418
"6C652E",417
"746164",417
"20756D",414
"207169",414
"736979",413
"617869",413
"6B6963",412
"6C2079",410
"204669",409
"6B6178",408
"657361",408
"2C204C",408
"676E61",407
"78206D",407
"67696E",407
"6F2043",407
"72204D",407
"732062",406
"746F2E",405
"2C2044",404
"72616B",404
"696E69",403
"716120",403
"6F7861",403
"627564",402
"656720",401
"756E6B",401
"786920",401
"782077",401
"6F676F",401
"2C2078",400
"637572",399
"726166",398
"757273",397
"722046",397
"4E696E",395
"6D6D6F",394
"204365",394
"616264",393
"204275",392
"596161",391
"616E65",391
"61736E",391
"4B6969",391
"696C2C",389
"786973",388
"61716E",388
"726D61",387
"737465",386
"65206C",386
"692079",386
"62206B",385
"204769",385
"656C65",385
"72204C",385
"61716F",384
"782073",384
"626572",383
"6E3F20",383
"61736B",383
"4D6161",382
"727465",382
"73206D",382
"617773",381
"636C61",381
"77656A",380
"782069",379
"722077",379
"652073",377
"65636C",377
"68612C",376
"2C204E",376
"616D75",376
"78616C",376
"646F2E",375
"6E2049",374
"726361",374
"716173",374
"616E3F",374
"75626B",374
"616B61",373
"6F7361",372
"6E7465",371
"682073",370
"205769",370
"49796F",370
"72206D",369
"696767",369
"696966",369
"53616D",368
"75204D",367
"676167",367
"756361",367
"617873",365
"656774",365
"716C69",364
"65646E",364
"627369",364
"697161",363
"6B612E",362
"27696E",361
"787573",360
"782075",359
"597568",359
"626972",358
"692066",358
"656464",357
"205765",356
"577578",356
"666F67",356
"726162",355
"6C2073",355
"617765",354
"657279",354
"616E3B",354
"204D65",353
"20726F",353
"75626F",353
"656B61",352
"206178",351
"686964",350
"656C2C",350
"647572",350
"6D2069",348
"72736F",348
"6E6173",347
"456C69",346
"6C6978",345
"642078",345
"6D756E",345
"73696E",345
"676963",344
"617865",344
"6E6B65",343
"656E64",343
"78206C",343
"446164",343
"3F204F",343
"726461",343
"69736F",342
"206869",341
"793F20",339
"6C616C",338
"616620",337
"686572",337
"2E204B",337
"3B206D",336
"20416D",336
"756E2C",335
"6F726F",335
"756B61",335
"6E2066",333
"205265",333
"46616C",332
"497961",332
"2C2063",331
"276979",330
"61796D",330
"626468",329
"72796F",329
"786162",329
"78206A",328
"622069",328
"726E69",328
"626173",328
"726F2C",327
"6F726E",326
"796D61",326
"79204D",325
"716E69",325
"6A6967",324
"646820",324
"727368",324
"72726F",324
"716F66",324
"622062",323
"2C2071",321
"6F6765",321
"646873",320
"73206C",320
"2C2067",319
"792066",319
"757265",319
"686963",318
"6D7961",318
"696465",317
"667261",316
"672061",316
"6E6979",316
"53756C",316
"792042",315
"617173",315
"682049",315
"6B6972",314
"722073",314
"692042",314
"796520",314
"736F64",313
"757369",313
"6C6B75",311
"597575",311
"20756C",311
"6F6E64",311
"65642E",310
"722041",310
"726475",310
"204178",310
"68206C",309
"756C75",309
"667575",308
"6F642E",308
"672069",308
"696720",307
"756E6E",307
"737567",305
"6C7575",305
"205865",305
"696E6F",304
"536861",304
"616369",304
"616E62",303
"68646F",303
"686968",303
"656261",303
"697263",303
"686B69",303
"2E2049",303
"204D6F",302
"75646B",302
"616479",301
"796475",301
"6B696E",301
"6B6164",301
"466972",301
"596568",301
"757563",301
"616A61",301
"204E69",300
"63696E",300
"65686F",300
"72646F",299
"61676E",299
"73696C",299
"65204D",299
"64756D",298
"6E646F",298
"6F6F63",297
"6F3B20",297
"74612E",297
"6F2044",297
"2E4F6F",296
"722043",296
"682068",296
"666B69",296
"6E2059",296
"69626B",295
"72636F",295
"612045",295
"2C2072",295
"206D6F",294
"20496E",294
"204B6F",294
"687361",294
"692043",294
"696971",294
"616E64",294
"6F6774",293
"756469",293
"777261",293
"616879",293
"622075",292
"697273",292
"6E616D",292
"616C75",291
"692041",291
"746979",291
"726F73",291
"736C61",290
"726468",289
"616379",288
"636D61",288
"687564",288
"6E6F6C",287
"6D6973",287
"2E2048",286
"646F6E",286
"6D6E61",286
"6C656E",285
"736F2C",285
"78756E",285
"656620",284
"6C696D",284
"6E6C61",283
"752059",283
"42656E",283
"3F204D",282
"667361",282
"616467",282
"636979",282
"6F6269",281
"4E6562",281
"637573",280
"637961",280
"6E6765",279
"6D7573",279
"61726D",278
"796C69",278
"75776F",278
"576562",277
"756462",277
"6C206C",276
"617465",276
"616E79",276
"79646E",275
"69732E",275
"626162",275
"726972",274
"716565",273
"526565",273
"747520",272
"6F7269",272
"697264",272
"756A69",272
"647573",271
"626F77",271
"426579",271
"776F20",271
"6F2065",270
"204173",270
"61204E",270
"62656C",270
"43616D",270
"61613B",269
"6C6F2C",269
"792049",269
"6F6E2E",268
"205161",268
"6C6B6F",268
"642072",268
"676173",268
"436565",267
"4E6161",267
"696661",267
"657974",267
"736820",266
"4D6120",266
"79736F",266
"646775",266
"697861",265
"204164",265
"796261",265
"72204B",265
"3F2057",265
"69642E",265
"757279",265
"726269",265
"756C6D",264
"796468",264
"776761",264
"6F6F68",263
"686469",263
"616C64",263
"696C65",263
"204962",263
"75726F",263
"62206C",262
"747573",262
"71756D",262
"4D6964",261
"776163",261
"61636F",261
"276967",261
"496272",261
"612051",259
"792065",258
"727475",258
"727578",257
"737566",257
"64206A",256
"416164",256
"736F77",256
"79652C",255
"746968",255
"657262",255
"786465",254
"205869",254
"546161",254
"612058",253
"777368",253
"656674",252
"657320",252
"696D63",252
"417368",251
"6F6864",251
"722045",251
"696B69",250
"6E2042",250
"616279",250
"656773",249
"61672C",249
"6E756E",249
"61776C",249
"696C6E",248
"6C6D69",248
"656275",248
"6C6563",248
"696C2E",247
"4B6161",247
"427575",247
"776920",247
"727761",246
"6F2058",246
"2E2053",246
"696674",245
"79642C",245
"722074",245
"72612C",245
"206F72",245
"617267",244
"6B6920",244
"642052",244
"726F2E",243
"64656C",243
"757161",241
"657865",241
"626127",241
"666979",241
"722042",241
"596173",241
"4D6979",239
"75756A",239
"6A6562",239
"67206B",238
"204765",238
"6E7361",238
"696C6D",238
"647961",237
"6F7264",237
"67746F",236
"756767",236
"696E6C",236
"646B65",236
"416269",236
"682E20",236
"6D6F77",236
"626F67",235
"65652C",235
"726579",235
"20536F",235
"75626E",235
"61622C",235
"6E6171",235
"627961",235
"2C2054",234
"62206F",234
"676F77",234
"616362",234
"687566",233
"722058",233
"6F646E",233
"6B6869",232
"722047",232
"6D206B",231
"4D6F6F",230
"205175",230
"617165",230
"204566",230
"2C2059",229
"736173",229
"726B68",228
"757869",227
"736261",227
"64656A",227
"206966",226
"696D2C",226
"6D7572",226
"6F7374",226
"626171",226
"65676F",226
"726F77",226
"536969",225
"626361",225
"736972",225
"6E6475",225
"716465",224
"6D6967",224
"757527",224
"697975",223
"3B206C",223
"66696B",223
"72206A",223
"6A6973",223
"656E3B",222
"617972",222
"617262",221
"6F6F74",221
"616E67",221
"692044",221
"69736C",220
"676765",220
"6F6C6C",220
"6F6361",219
"2C2043",219
"657272",219
"617271",219
"6E204D",219
"65206E",219
"696927",219
"797368",219
"626564",218
"646173",218
"6F6D61",217
"6B6872",217
"6F646F",217
"6F6620",217
"67676F",217
"666179",216
"746F6E",216
"6C6973",216
"612047",215
"626964",215
"65726F",215
"6C6C65",214
"756269",213
"6E6361",213
"6D206F",213
"752765",213
"656E6B",212
"696D72",212
"69646E",212
"732073",212
"727869",212
"646973",211
"656E65",211
"636275",211
"62626F",210
"622077",210
"657365",210
"6F7764",210
"2E2041",209
"64796F",209
"652079",209
"61642E",208
"65682E",208
"72616A",208
"616E73",208
"205572",208
"204269",207
"496469",207
"6F6D20",206
"692055",206
"61626E",206
"47696C",206
"416D61",206
"656462",205
"756463",204
