"20E0B0",410897
"E0B181",406939
"E0B0A8",306088
"B0A8E0",274627
"E0B0BF",248197
"B181E0",210909
"81E0B0",210905
"E0B18D",177717
"B18DE0",177489
"8DE0B0",177489
"B0BFE0",158323
"B18120",158189
"BFE0B0",157866
"E0B0BE",156206
"8120E0",155588
"A8E0B1",147834
"E0B0B0",142468
"B0B0E0",140648
"E0B0AE",138071
"B0AEE0",135689
"A8E0B0",126793
"E0B0B2",126239
"B0BEE0",125545
"BEE0B0",125544
"E0B095",120634
"B0B2E0",115311
"B095E0",112772
"E0B0B5",111688
"B0B5E0",110137
"E0B0AF",102142
"B0AFE0",99733
"E0B0AA",95491
"B0AAE0",93967
"E0B0A6",92985
"82E0B0",92783
"AEE0B1",91187
"E0B0A4",90220
"B0A6E0",88874
"B0A4E0",85763
"E0B09A",83882
"B09AE0",83653
"B0E0B0",81599
"B5E0B0",80549
"B0BF20",76264
"E0B082",75154
"BF20E0",74906
"B082E0",74787
"86E0B0",72320
"E0B0A1",72198
"95E0B1",70472
"B0A1E0",69113
"87E0B0",65651
"E0B187",64376
"B2E0B1",62975
"E0B186",62873
"B186E0",60151
"9AE0B1",59633
"B0E0B1",59179
"B187E0",57508
"AFE0B1",57316
"E0B097",56764
"B097E0",56291
"E0B18B",53129
"AAE0B1",52669
"B2E0B0",52336
"E0B09F",52214
"E0B0B8",47999
"B0B8E0",47782
"B09FE0",47574
"A4E0B0",45743
"A6E0B1",45006
"E0B180",44692
"AEE0B0",44502
"A6E0B0",43868
"AFE0B0",42417
"95E0B0",42300
"AAE0B0",41298
"A4E0B1",40020
"A1E0B1",38270
"8BE0B0",37126
"B18BE0",37106
"B180E0",36135
"80E0B0",36091
"97E0B0",35268
"E0B085",31702
"B085E0",31699
"85E0B0",31699
"B0A820",31191
"A1E0B0",30843
"A820E0",30635
"8AE0B0",29832
"B5E0B1",29588
"E0B18A",29317
"B18AE0",29237
"B8E0B0",26735
"E0B0AC",25470
"B0ACE0",25376
"B0BE20",25098
"BE20E0",24709
"9AE0B0",24020
"9FE0B0",23912
"9FE0B1",23662
"B1812E",21261
"B8E0B1",21047
"97E0B1",21023
"E0B0B9",20688
"B0B9E0",20518
"E0B09C",18510
"B09CE0",18315
"E0B182",18309
"E0B188",18116
"B182E0",17997
"ACE0B0",17719
"E0B0B7",17277
"E0B0B6",16998
"B0B7E0",16864
"B0B6E0",16713
"E0B086",16539
"2C20E0",16222
"B18B20",15696
"8B20E0",15425
"88E0B0",15031
"B188E0",14114
"E0B0A7",12569
"B9E0B1",12367
"B086E0",12173
"B0A7E0",12133
"B0B220",10483
"B220E0",10295
"A7E0B0",9420
"9CE0B0",9274
"B6E0B0",9245
"9CE0B1",9041
"B7E0B1",8963
"B1812C",8843
"B18020",8364
"8020E0",8239
"B9E0B0",8151
"E0B087",8146
"B087E0",8146
"812C20",8107
"B7E0B0",7901
"ACE0B1",7657
"B6E0B1",7468
"E0B0AD",7462
"B0ADE0",7392
"2020E0",7099
"B09520",7074
"9520E0",6946
"8620E0",6899
"B0BF2E",6222
"E0B0A3",6158
"B18720",6065
"8720E0",5917
"8820E0",5713
"B0A3E0",5529
"3B20E0",5409
"2E20E0",5201
"E0B08E",5004
"B08EE0",5002
"8EE0B0",4997
"A3E0B0",4910
"E0B089",4693
"B089E0",4693
"89E0B0",4693
"B1813B",4624
"B09F20",4591
"E0B0A5",4527
"202020",4511
"9F20E0",4508
"B0BF2C",4413
"B0A5E0",4411
"B08620",4363
"B0A420",4345
"ADE0B0",4330
"A420E0",4277
"813B20",4175
"BF2C20",4159
"E0B0B3",4091
"B0A620",4071
"A620E0",4005
"B0B3E0",3885
"812E20",3851
"E0B08F",3799
"B18820",3763
"B3E0B1",3361
"B08FE0",3346
"8FE0B0",3346
"A5E0B0",3314
"83E0B0",3253
"E0B092",3122
"B092E0",3102
"92E0B0",3102
"ADE0B1",3068
"B0A120",3003
"E0B183",2983
"B183E0",2979
"E0B088",2967
"A120E0",2943
"B0BE2C",2749
"A7E0B1",2713
"E0B0B1",2671
"B18620",2662
"BE2C20",2643
"812020",2538
"B0B1E0",2500
"B0AF20",2366
"B0AE20",2300
"AF20E0",2286
"AE20E0",2263
"E0B09E",2138
"B08820",2050
"E0B0AB",1896
"B0ABE0",1895
"B09EE0",1850
"9EE0B0",1841
"B0B020",1782
"B020E0",1713
"E0B096",1615
"B096E0",1585
"3F20E0",1529
"B0B520",1520
"B0AA20",1506
"B520E0",1487
"AA20E0",1466
"E0B0A0",1370
"B0A0E0",1333
"B1E0B1",1331
"BF2020",1323
"96E0B0",1291
"ABE0B0",1253
"B0BE3F",1231
"B0BF3B",1199
"A0E0B0",1197
"B1E0B0",1169
"BF2E20",1133
"A5E0B1",1097
"BF3B20",1078
"8CE0B0",1040
"E0B18C",957
"E0B098",956
"B18CE0",952
"B098E0",941
"B088E0",917
"B1813F",889
"E0B090",887
"B090E0",887
"90E0B0",887
"98E0B0",821
"BE3F20",730
"ABE0B1",642
"B0A320",623
"A3E0B1",619
"A320E0",609
"E0B08A",595
"B08AE0",595
"A82020",541
"813F20",533
"B3E0B0",525
"E0B093",503
"B093E0",482
"93E0B0",482
"8220E0",459
"BFE0B1",457
"B08F20",453
"B09720",451
"8F20E0",448
"9720E0",441
"B0A720",432
"A720E0",418
"B0B720",410
"B720E0",399
"BE2020",373
"B1872E",364
"B0BF3F",353
"B08220",339
"B0952E",326
"96E0B1",298
"2C2020",296
"B0BE2E",287
"B0B620",282
"B09E20",282
"9E20E0",282
"E0B083",278
"B083E0",274
"B620E0",271
"B0952C",269
"8B2020",265
"B18B2C",252
"8B2C20",242
"BF3F20",240
"952C20",238
"E0B0A2",237
"B0A2E0",230
"B18DE2",228
"8DE280",228
"E2808C",228
"B09A20",219
"9A20E0",209
"B0B820",207
"B0B320",204
"2CE0B0",204
"B820E0",201
"2EE0B0",198
"B1873B",197
"B320E0",193
"B09C20",192
"B1882C",191
"B1872C",190
"3B2020",188
"9C20E0",187
"B0B22C",186
"B22020",185
"872C20",178
"873B20",176
"B22C20",173
"E0B09B",171
"B0B120",168
"B0B920",166
"B120E0",166
"882C20",166
"B09BE0",161
"B920E0",158
"B1822C",155
"B1802C",154
"B18220",152
"802C20",152
"28E0B0",151
"822C20",150
"9BE0B0",150
"872020",143
"A0E0B1",136
"A2E0B0",134
"812EE0",133
"C2B8C2",130
"B8C2B0",130
"C2B0E0",130
"B0A82C",129
"952020",122
"98E0B1",120
"A82C20",117
"B0A520",114
"862020",114
"20C2B8",114
"812CE0",111
"802020",109
"A520E0",108
"3FE0B0",107
"B0B23F",99
"2E2E2E",98
"A2E0B1",96
"882020",94
"B0AC20",91
"2028E0",91
"808CE0",89
"AC20E0",87
"B0BE3B",85
"872E20",83
"8C20E0",82
"9F2020",81
"808C20",80
"2920E0",80
"AF2020",79
"2E2E20",77
"BE3B20",75
"2E2020",70
"B02020",69
"B0AD20",67
"952E20",66
"A42020",66
"A62020",65
"3120E0",65
"B18A20",62
"AD20E0",60
"8A20E0",58
"A12020",57
"3F2020",56
"BE2E29",56
"3BE0B0",55
"BF2CE0",54
"B23F20",53
"B0A42C",50
"BE3FE0",50
"A42C20",49
"80E0B1",44
"2DE0B0",42
"BE2E20",40
"AA2020",39
"B0953B",38
"2D2DE0",38
"813FE0",37
"B0A020",36
"A020E0",36
"B18131",36
"AE2020",35
"3220E0",35
"3320E0",35
"B52020",33
"BF2EE0",33
"B0AE2E",33
"812028",33
"813BE0",33
"808C2E",31
"822020",31
"B09620",30
"2E28E0",30
"953B20",29
"812E2E",29
"9620E0",28
"B18129",28
"813120",28
"812920",26
"B0BF29",24
"B18B2E",24
"812E28",24
"B0A12E",23
"B0AE3B",23
"AE3B20",23
"B0A82E",22
"B09320",21
"9320E0",21
"B0A12C",20
"BF2920",20
"B09F2C",20
"E0B08B",20
"B08BE0",20
"A12C20",19
"8120C2",19
"9F2C20",19
"B0AF2C",19
"B0BF2D",19
"BF20C2",19
"B0AE2C",19
"B0A62C",18
"AF2C20",18
"BE2CE0",18
"AE2C20",18
"808C29",18
"8C2920",18
"B1802E",17
"E0B094",17
"B094E0",17
"94E0B0",17
"B18132",17
"813220",17
"2E2028",17
"A62C20",16
"BF3FE0",16
"BF2D2D",16
"8020C2",16
"BF3BE0",16
"B1862C",15
"B09820",15
"B09220",15
"A32020",14
"A72020",14
"862C20",14
"9820E0",14
"2E2EE0",14
"B1812D",14
"B0BF31",13
"BF3120",13
"C3A9E0",13
"A9E0B0",13
"BF2E2E",13
"812D2D",13
"B18133",13
"B18121",13
"2120E0",13
"BF2028",12
"B0A13F",12
"20E0B1",12
"B0B02C",12
"B0B02E",12
"B0A42E",12
"A82E2E",12
"9220E0",12
"8620C2",12
"813320",12
"B32020",11
"B1803B",11
"B0B22E",11
"B02C20",11
"9BE0B1",11
"B62020",11
"B72020",11
"B09B20",10
"B187C2",10
"20C3A9",10
"A820C2",10
"972020",10
"B0BF33",10
"BF3320",10
"9B20E0",9
"9A2020",9
"9EE0B1",9
"B0AA2C",9
"AA2C20",9
"B1862E",8
"87C2B8",8
"B92020",8
"B0AF2E",8
"B0BE21",8
"3620E0",8
"B18B3B",7
"8B3B20",7
"A13F20",7
"803B20",7
"B0B52C",7
"B0972C",7
"2D2D20",7
"2D20E0",7
"B0A220",7
"A220E0",7
"B09F2E",7
"812120",7
"AE2E20",7
"AD2020",7
"8320E0",6
"B0AF3B",6
"203F20",6
"BE2EE0",6
"A52020",6
"972C20",6
"952EE0",6
"C2ADE0",6
"872EE0",6
"B22E2E",6
"B0BE31",6
"BE3120",6
"BE20C2",6
"202D2D",6
"B1882E",6
"B82020",6
"BE2028",6
"AF3B20",5
"B0A13B",5
"A13B20",5
"A12E20",5
"8F2020",5
"9520C2",5
"BE2E2E",5
"8820C2",5
"31E0B0",5
"B0BF32",5
"9C2020",5
"B0BE2D",5
"BE2D2D",5
"8EE0B1",5
"B0A829",5
"A82920",5
"B18136",5
"813620",5
"86E0B1",4
"8B20C2",4
"B52C20",4
"B1863B",4
"863B20",4
"802E20",4
"B18B3F",4
"8B3F20",4
"2020C2",4
"B0A62E",4
"81E0B1",4
"81203F",4
"8131E0",4
"B0A831",4
"808C31",4
"2C2028",4
"BF3220",4
"B0B52E",4
"812E29",4
"B08320",4
"2C20C2",4
"E0B196",4
"B196E0",4
"B22CE0",4
"B23FE0",4
"B0BF21",4
"8A2020",4
"206EE0",4
"6EE0B0",4
"B09E2E",4
"B18C20",4
"B0A832",4
"A83220",4
"B0BE33",4
"BE3320",4
"872028",4
"A82028",4
"3420E0",4
"3520E0",4
"882CE0",4
"B0A32C",4
"A32C20",4
"B18320",3
"202E20",3
"B0A83B",3
"B0AC2C",3
"AC2C20",3
"B0B82C",3
"B82C20",3
"B09F3B",3
"9F3B20",3
"B0972E",3
"B22E20",3
"B220C2",3
"8B2E2E",3
"873BE0",3
"A83120",3
"8C3120",3
"B181C2",3
"8B2CE0",3
"952CE0",3
"822CE0",3
"B1873F",3
"A42E2E",3
"202028",3
"87E0B1",3
"BF2E28",3
"B18B31",3
"8B3120",3
"8B2E20",3
"3F28E0",3
"BF2DE0",3
"AC20C3",3
"808C2C",3
"8C2C20",3
"81202D",3
"882E2E",3
"B0BFC2",3
"BFC2B8",3
"922020",3
"B08520",3
"8520E0",3
"BE2120",3
"B18134",3
"813420",3
"3A20E0",3
"B0A43F",2
"A43F20",2
"B1862D",2
"862D2D",2
"81202E",2
"6E20E0",2
"A83B20",2
"B0BEC2",2
"BEC2B8",2
"B0B12C",2
"A82E20",2
"B0B53B",2
"A42E20",2
"862E20",2
"BE20C3",2
"B0AF32",2
"AF3220",2
"202E2E",2
"81C2AD",2
"AF2E2E",2
"953BE0",2
"B0B82E",2
"B82E2E",2
"9F2E2E",2
"B0B23B",2
"B23B20",2
"B02E2E",2
"B18B32",2
"8B3220",2
"B18128",2
"8128E0",2
"952E28",2
"8C2E20",2
"B12020",2
"BE3F28",2
"BF2120",2
"B18729",2
"872920",2
"87C2AD",2
"962020",2
"E0B09D",2
"B09DE0",2
"B0A833",2
"A83320",2
"B52E2E",2
"2E2920",2
"A420C2",2
"81313F",2
"B18B33",2
"8B3320",2
"B09F29",2
"9F2920",2
"B0B231",2
"B23120",2
"B0A82D",2
"A82D2D",2
"293F20",2
"A12028",2
"BF2E29",2
"B18731",2
"873120",2
"292020",2
"B18135",2
"813520",2
"2C3320",2
"B1813A",2
"813A20",2
"A82CE0",2
"2E20C2",2
"808C3B",2
"A1203F",1
"8C2020",1
"B09C3B",1
"9C3B20",1
"B18B6E",1
"8B6E20",1
"B02E20",1
"B0A32E",1
"B0B03B",1
"B09531",1
"953120",1
"B0B72E",1
"B72E20",1
"812E27",1
"813B2E",1
"3B2E20",1
"B0AB20",1
"AB20E0",1
"B180C2",1
"80C2AD",1
"C2AD20",1
"B0BE32",1
"BE3220",1
"B18BC2",1
"8BC2AD",1
"A8202E",1
"B53B20",1
"AE2E2E",1
"9F20C2",1
"B0A4C2",1
"A4C2B8",1
"B0B12E",1
"B12E2E",1
"81C2B8",1
"81312E",1
"BE3BE0",1
"AA20C3",1
"A831E0",1
"B0BFC3",1
"BFC3A9",1
"2E202D",1
"3F2028",1
"B09C2E",1
"B1822E",1
"A62E20",1
"882E20",1
"AF2028",1
"872E2E",1
"BF202E",1
"202EE0",1
"873F20",1
"82E0B1",1
"BEE0B1",1
"AC20C2",1
"20C2B3",1
"C2B3E0",1
"BE3F2E",1
"3F2E2E",1
"BE2E28",1
"B0BE29",1
"BE292E",1
"8C202E",1
"234E41",1
"4E414D",1
"414D45",1
"4D453F",1
"813F28",1
"B1816E",1
"816E20",1
"2920C2",1
"8C29E0",1
"29E0B0",1
"B18629",1
"862920",1
"B18C29",1
"AE20C2",1
"832020",1
"A12E2E",1
"B0AE3F",1
"AE3F20",1
"B1863F",1
"863F20",1
"B18721",1
"872120",1
"8C312C",1
"312C20",1
"808C32",1
"8C3220",1
"81206E",1
"9F206E",1
"8CE0B1",1
"B1823B",1
"823B20",1
"9DE0B1",1
"95206E",1
"B18B2D",1
"8B2D2D",1
"9DE0B0",1
"B0A43B",1
"A43B20",1
"B182C3",1
"82C3A9",1
"9B20C3",1
"20206E",1
"AE2028",1
"B0B229",1
"B22920",1
"B0A631",1
"A63120",1
"2E202E",1
"313F20",1
"BF323F",1
"323F20",1
"81333F",1
"333F20",1
"B09A29",1
"9A2920",1
"B18632",1
"863220",1
"BF202D",1
"B09FC2",1
"9FC2B8",1
"B18631",1
"863120",1
"322020",1
"BF203F",1
"A62028",1
"B09F32",1
"9F3220",1
"8220C3",1
"BF202C",1
"202C20",1
"872032",1
"203220",1
"882028",1
"B0AF29",1
"AF2920",1
"B09E3B",1
"9E3B20",1
"8B2028",1
"B18832",1
"883220",1
"81293F",1
"81292E",1
"B0AA29",1
"AA2920",1
"B0A431",1
"A43120",1
"BE202D",1
"B09F3F",1
"9F3F20",1
"BF292E",1
"292E20",1
"B0A729",1
"A72920",1
"B0B232",1
"B23220",1
"B0BF35",1
"BF3520",1
"B18031",1
"803120",1
"2D2020",1
"982020",1
"B0B029",1
"B02920",1
"202D20",1
"812DE0",1
"B0B22D",1
"B22D2D",1
"BF2C33",1
"BF293F",1
"B09729",1
"972920",1
"B0B92C",1
"B92C20",1
"B0B32E",1
"872CE0",1
"812E3F",1
"B0A164",1
"A164E0",1
"64E0B0",1
"8B202D",1
"2EE0B1",1
"B0ADC3",1
"ADC3A9",1
"9A20C3",1
"B0A635",1
"A63520",1
"B12C20",1
"9F2E20",1
"81203A",1
"203A20",1
"B0953F",1
"953F20",1
"B0B0C2",1
"B0C2B8",1
"B0A83F",1
"A83F20",1
"B18733",1
"873320",1
"B0AF36",1
"AF3620",1
"B18833",1
"883320",1
"812C34",1
"2C3420",1
"B18836",1
"883620",1
"812C33",1
"BE203F",1
"9F2CE0",1
"B0A433",1
"A43320",1
"AF2E20",1
"812C36",1
"2C3620",1
"B18735",1
"87352E",1
"352E20",1
"B0A72C",1
"A72C20",1
"AD20C3",1
"B09A2C",1
"8C3B20",1
