"C4B16E",44887
"6C6172",31991
"72C4B1",27435
"C4B120",26675
"6EC4B1",21882
"E280B9",21152
"6C6572",21108
"6172C4",20408
"E280BA",17735
"C3BC6E",16794
"657269",16460
"696E20",16063
"9FC4B1",15880
"64C4B1",15794
"616E20",15310
"207961",14628
"B16E20",14091
"656E20",13583
"206269",12906
"B16EC4",12668
"2067C3",11997
"6CC4B1",11950
"73C4B1",11686
"206B61",11610
"C4B16C",11580
"207665",10912
"C4B172",10823
"C49FC4",10818
"6E6C61",10376
"61C49F",10241
"206465",10149
"646120",9927
"74C4B1",9767
"72696E",9566
"6E6120",9562
"80B9E2",9550
"B9E280",9550
"61C59F",9476
"696E69",9379
"617261",9358
"696C65",9344
"626972",9290
"20E280",8959
"206F6C",8883
"6E6465",8710
"646520",8566
"6E6461",8545
"20C3B6",8495
"C49F69",8486
"616EC4",8281
"C4B16B",8278
"6BC4B1",8223
"80BAE2",7990
"BAE280",7990
"20C3A7",7965
"656469",7840
"64656E",7789
"6C6520",7751
"C4B16D",7697
"657220",7694
"206765",7594
"616361",7594
"C4B17A",7589
"617961",7513
"6E2062",7513
"656365",7493
"69C3A7",7358
"64616E",7313
"6E6520",7300
"697220",7210
"6E6920",7125
"67C3B6",7011
"656E69",6998
"C3A769",6980
"206261",6950
"796F72",6914
"766520",6905
"C3BC20",6886
"524142",6868
"6E206B",6822
"79C4B1",6533
"207361",6449
"617220",6448
"C3BC72",6434
"206275",6315
"C59F61",6297
"63616B",6294
"B16E64",6252
"74C3BC",6211
"80BA20",6206
"67C3BC",6147
"612C20",6082
"B16E61",6036
"2069C3",6010
"69C59F",6002
"73696E",5999
"796C65",5960
"6164C4",5954
"696E65",5948
"6B6C61",5930
"6DC4B1",5925
"6E2C20",5911
"6E20C3",5906
"64C3BC",5902
"2C20E2",5882
"206F6E",5878
"206469",5856
"616B20",5827
"6FC49F",5741
"756E75",5685
"722C20",5674
"6C616E",5668
"C4B12E",5642
"206861",5637
"6E2073",5616
"206461",5606
"616461",5539
"6C6120",5503
"206769",5467
"206B75",5436
"C3BC7A",5423
"B16C61",5413
"657265",5396
"612062",5393
"65206B",5365
"756E20",5339
"205241",5334
"A7696E",5281
"692C20",5210
"656B20",5195
"616C61",5182
"652062",5152
"796120",5118
"BA2064",5075
"C3B66E",5074
"C59FC4",5062
"6B6172",5060
"696E64",5049
"616E6C",5039
"616E61",4998
"207365",4967
"617264",4956
"616CC4",4955
"C4B179",4899
"6B656E",4898
"652064",4896
"C49F75",4878
"726920",4859
"61206B",4846
"65C49F",4842
"BC6E20",4835
"207965",4774
"C4B1C4",4766
"B1C49F",4766
"6E2079",4763
"69C49F",4760
"C4B073",4743
"20C4B0",4739
"206265",4730
"6173C4",4721
"79C3BC",4711
"656E64",4707
"657369",4690
"612064",4663
"6F6C61",4658
"206B65",4647
"20C3BC",4598
"63656B",4597
"766572",4545
"6E6469",4526
"C3BC6C",4503
"2073C3",4501
"206B69",4473
"73756E",4470
"79616E",4463
"616E72",4449
"6E72C4",4449
"616D61",4424
"54616E",4404
"6E2061",4401
"652079",4384
"20C59F",4368
"C3B672",4348
"205461",4339
"646979",4337
"6E2064",4324
"6179C4",4303
"726120",4262
"C3B679",4195
"612067",4190
"2064C3",4180
"696C69",4173
"B6796C",4147
"656C69",4121
"6E2067",4102
"726469",4101
"64692E",4094
"656C65",4090
"72616C",4088
"657264",4083
"2062C3",4073
"652067",4051
"C59F20",4036
"207461",4035
"65C59F",4031
"C59F74",4004
"6EC3BC",3997
"206B6F",3964
"6E6C65",3935
"C4B1C5",3916
"B1C59F",3916
"69796F",3902
"796520",3879
"C49F6C",3874
"656465",3864
"20736F",3837
"C59F6C",3829
"C3B66C",3785
"6D6120",3768
"6B6C65",3736
"657965",3735
"652073",3720
"652C20",3714
"C59F69",3685
"6B6920",3683
"6E7520",3672
"6BC3BC",3654
"20616C",3645
"697965",3644
"612079",3622
"796170",3596
"616C6B",3582
"75C49F",3574
"7264C4",3564
"62696C",3562
"697269",3560
"2079C3",3556
"C4B12C",3551
"67656C",3533
"722E20",3514
"656D65",3505
"75C59F",3498
"9F696E",3488
"207375",3456
"B12C20",3431
"6CC3BC",3419
"6E696E",3414
"726C61",3410
"69206B",3376
"692062",3374
"62C3BC",3368
"616B6C",3367
"6E756E",3357
"6E206F",3355
"6B2C20",3347
"206172",3316
"73616E",3298
"C4B173",3298
"6F6E75",3275
"2EE280",3275
"C3BC74",3265
"646564",3256
"74616E",3251
"6E697A",3240
"72C3BC",3239
"756C75",3227
"6D616E",3206
"72616B",3189
"756C61",3182
"6C656E",3160
"C3A7C4",3151
"A7C4B1",3151
"6C696B",3143
"696D20",3141
"C3A765",3133
"2C2062",3127
"796572",3126
"61722E",3106
"C59F65",3079
"726C65",3067
"206865",3065
"C3BC6B",3061
"62656E",3042
"64696C",3040
"6C6C61",3031
"C3B67A",3026
"726475",3013
"9F6920",3003
"6B616C",2999
"61696C",2996
"B173C4",2995
"6120C3",2995
"692079",2965
"414262",2942
"68616C",2909
"206164",2907
"7AC4B1",2903
"692067",2899
"9F6C61",2892
"6D6179",2883
"20646F",2879
"612073",2842
"205961",2838
"C4B170",2834
"746972",2830
"73C3B6",2812
"20796F",2782
"65722E",2780
"62696E",2775
"6E2069",2772
"6E2068",2751
"206BC3",2739
"2C206B",2730
"C49F72",2722
"73656E",2714
"737261",2703
"65726C",2696
"206BC4",2693
"697A69",2688
"B16B20",2681
"726169",2679
"646572",2676
"B07372",2674
"B16CC4",2670
"616261",2658
"206FC4",2634
"70C4B1",2617
"206564",2610
"BC74C3",2606
"414220",2605
"C3A761",2595
"BC7A65",2592
"726465",2592
"657469",2590
"73697A",2582
"6F6E6C",2580
"B17020",2572
"646972",2563
"796C61",2560
"64696E",2559
"72206B",2556
"C3BC6D",2545
"6E6BC3",2529
"6170C4",2522
"6D2C20",2507
"B17A20",2492
"6C6475",2488
"726520",2488
"BC6E6B",2482
"6261C5",2481
"207369",2462
"796172",2457
"6C7520",2454
"657969",2443
"B1206B",2442
"63C4B1",2441
"206574",2437
"206475",2434
"6C6920",2433
"C3BCC5",2432
"BCC59F",2432
"C387C3",2427
"7A6572",2424
"6F6C64",2424
"61206F",2423
"2E2042",2413
"6C6D61",2413
"9F696D",2410
"6C64C4",2403
"6B7572",2401
"697A20",2399
"692064",2398
"20616E",2387
"692073",2386
"C3A720",2384
"64752E",2370
"72C59F",2358
"BC6EC3",2357
"B12E20",2356
"747469",2356
"65206F",2349
"656E6C",2342
"696E6C",2341
"206E65",2332
"696269",2329
"73C3BC",2321
"B12079",2316
"6469C4",2316
"6C6163",2315
"9F6C75",2315
"692E20",2304
"B12062",2301
"87C3BC",2301
"62616E",2299
"7AC3BC",2295
"6172C5",2295
"BC6E64",2287
"766172",2276
"6520C3",2268
"C59FC3",2267
"692061",2267
"652061",2260
"746520",2257
"207661",2233
"656B6C",2223
"736120",2217
"612061",2213
"697369",2207
"6C696E",2206
"616E64",2200
"C3BC79",2187
"6E2065",2184
"C3B674",2179
"6D6579",2172
"6C6179",2171
"2C20C3",2167
"6B2069",2165
"6B7465",2162
"20C387",2157
"C49F61",2153
"756E61",2153
"736179",2152
"426269",2141
"6C6BC4",2141
"796163",2138
"6D616B",2137
"2C2073",2123
"676962",2123
"6D656B",2122
"722062",2109
"64C3B6",2109
"204F6E",2108
"79616B",2108
"656B69",2098
"6F7275",2096
"205965",2094
"616C20",2082
"697020",2075
"636520",2071
"7961C5",2051
"696D69",2038
"7A6C65",2033
"2C2079",2032
"646920",2032
"72656B",2027
"B16DC4",2024
"6C6469",2020
"80B942",2016
"BC72C3",2009
"C59F6D",1990
"757275",1989
"697A65",1982
"756E64",1967
"756E6C",1964
"69726C",1964
"686572",1961
"6F7264",1948
"616B2E",1944
"616C64",1943
"7A6520",1935
"722079",1919
"B17261",1918
"726B65",1916
"C3A76F",1911
"6DC3BC",1909
"B674C3",1905
"61726C",1904
"20696C",1902
"73616C",1897
"757375",1896
"206179",1890
"726461",1889
"657669",1889
"6C696C",1888
"746C61",1887
"B12073",1886
"736920",1886
"20626F",1884
"617675",1882
"627520",1880
"61C3A7",1879
"726D61",1878
"756C6C",1872
"20746F",1869
"64656B",1867
"9FC3BC",1857
"6E64C4",1854
"6B7261",1851
"617074",1849
"9F756E",1848
"206F72",1848
"726D65",1848
"722064",1834
"6E2076",1829
"726C69",1827
"B12061",1826
"69206F",1821
"9F6D61",1816
"65C3A7",1811
"6F6C75",1810
"736F6E",1810
"72616E",1804
"6365C4",1802
"656E74",1796
"7074C4",1794
"2E20C3",1793
"616D20",1788
"626920",1778
"6920C3",1777
"6E6361",1768
"616DC4",1766
"9F7520",1764
"B12067",1762
"6C696D",1761
"6C6579",1757
"6B6164",1757
"65722C",1756
"BC6C65",1752
"6475C4",1747
"B12064",1747
"B172C4",1736
"737465",1735
"20696E",1727
"6B2062",1727
"6C756E",1722
"C3A76C",1722
"6F6B20",1717
"6C6563",1712
"722061",1709
"4B7261",1708
"206174",1707
"B07361",1702
"6C616D",1700
"20C59E",1699
"726563",1697
"696D2E",1696
"C59F75",1696
"6E2074",1694
"64616D",1692
"6F6E72",1691
"6E7261",1691
"796563",1690
"617461",1688
"B1796F",1682
"6361C4",1682
"6E6365",1682
"B66E64",1676
"6B2076",1674
"20656C",1674
"69722E",1671
"206B72",1669
"6B2065",1667
"9F6C65",1666
"6BC3B6",1664
"696C20",1663
"6C6164",1658
"726164",1654
"796920",1645
"612076",1644
"6D2E20",1638
"2C2061",1632
"B120C3",1628
"BC7265",1628
"B1206F",1628
"61722C",1624
"646FC4",1610
"75206B",1606
"B1722E",1603
"6B206B",1601
"6B6573",1600
"616861",1597
"6B2073",1593
"6B206F",1590
"757261",1590
"616B2C",1588
"647572",1588
"746172",1588
"656D69",1583
"416D61",1583
"722073",1582
"427520",1572
"72656E",1568
"696C64",1567
"6F7975",1566
"B16B6C",1564
"207465",1564
"697969",1560
"2079C4",1558
"612069",1558
"757473",1557
"746F70",1551
"616C6C",1545
"204261",1542
"747361",1541
"657474",1536
"C59F6B",1535
"6174C4",1529
"697264",1525
"B66EC3",1521
"74656E",1518
"722067",1514
"696B74",1514
"616B69",1511
"616BC4",1509
"6B692C",1509
"7A6920",1505
"B16D20",1503
"72756D",1499
"696B20",1494
"64692C",1486
"C3BCC3",1484
"BCC3A7",1484
"616B74",1484
"42656E",1483
"696E63",1480
"6F6E61",1480
"9F756C",1477
"206973",1476
"205361",1469
"74696E",1465
"2C2059",1463
"7264C3",1460
"6B2079",1460
"6E2052",1457
"596168",1449
"696E2E",1446
"6B69C5",1444
"7220C5",1443
"6E2E20",1442
"757975",1441
"697374",1441
"657420",1440
"6C6B65",1437
"C3B66B",1436
"652076",1436
"B17AC4",1434
"42756E",1433
"B12076",1429
"64616B",1422
"617661",1419
"6E7361",1414
"6B74C4",1413
"2073C4",1412
"596572",1410
"796F6B",1408
"6B616E",1408
"746D65",1407
"BC6B20",1406
"204275",1405
"6D69C5",1405
"6D656E",1400
"6C61C5",1399
"B12069",1396
"2069C5",1396
"62756C",1394
"B1796C",1389
"6C6972",1379
"6B2E20",1378
"65726B",1377
"726179",1375
"6D6164",1372
"696D64",1367
"B16E2C",1365
"692069",1363
"2E204F",1357
"752079",1352
"652069",1347
"B16E2E",1347
"686120",1345
"79756E",1343
"207969",1341
"6465C4",1340
"B66CC3",1337
"696E2C",1335
"2C206F",1333
"616E2C",1331
"6E2054",1330
"6E616E",1328
"B67265",1322
"65746D",1318
"616C69",1318
"B16D2E",1317
"6765C3",1312
"6FC59F",1311
"616875",1310
"727461",1308
"204461",1308
"752073",1304
"616B61",1304
"72206F",1300
"756461",1300
"204861",1300
"204B72",1300
"B17264",1299
"9FC3B6",1297
"7A2C20",1296
"6E6C69",1293
"BC6C6B",1292
"687564",1291
"736520",1288
"3FE280",1286
"4F6E75",1284
"207A61",1284
"617061",1281
"636120",1280
"6D6920",1274
"2C2041",1271
"6B73C4",1271
"B16B61",1271
"79656E",1268
"9F74C4",1267
"6B7461",1265
"616C74",1265
"726163",1263
"9F616C",1253
"6F7261",1253
"676574",1253
"2E2041",1252
"6B20C3",1248
"6D616C",1248
"697265",1246
"B16C20",1245
"68696E",1245
"746C65",1240
"616B73",1240
"612065",1238
"656B2E",1238
"6C64C3",1236
"676572",1234
"2C2067",1230
"796F6C",1227
"BC7AC3",1218
"6163C4",1218
"726979",1218
"696B69",1217
"656B74",1217
"2061C4",1216
"204265",1215
"757264",1214
"72696D",1214
"BC6E65",1213
"9F7275",1213
"726173",1211
"652074",1210
"6E6369",1209
"74692E",1208
"6D6564",1202
"62C3B6",1202
"756B6C",1194
"626572",1187
"696B6C",1185
"B66C64",1181
"207475",1181
"6F6C6D",1180
"736576",1179
"757961",1178
"7A696E",1178
"6C6564",1177
"752C20",1171
"656E2C",1169
"64696B",1166
"6261C4",1166
"692076",1165
"2C204B",1165
"9F696C",1163
"C3A7C3",1162
"64696D",1162
"6C7573",1161
"6F6E20",1158
"207579",1157
"72756E",1154
"6C6C69",1154
"656B2C",1153
"206869",1153
"757274",1150
"9F6579",1148
"757A61",1145
"722076",1144
"6EC3A7",1142
"617AC4",1138
"612074",1138
"6C74C4",1137
"796D61",1137
"2E204B",1134
"20416D",1132
"767574",1130
"726574",1129
"6F7220",1128
"6E61C4",1128
"BC79C3",1127
"C3BC63",1127
"9F7469",1126
"C3A774",1122
"446176",1122
"4B656E",1121
"752E20",1117
"612068",1117
"62756E",1116
"6E696D",1115
"652068",1109
"692074",1107
"79696E",1106
"6C69C4",1106
"6D6465",1105
"76696E",1105
"6D696E",1104
"6B696D",1104
"2C2053",1104
"746572",1102
"647579",1097
"7A6465",1095
"6B6170",1094
"BC6DC3",1094
"706C61",1093
"6E612C",1093
"2C2042",1090
"206D65",1088
"73612C",1088
"6B6F6E",1088
"3A20E2",1085
"6C2C20",1083
"627579",1081
"6E6D61",1078
"746120",1075
"696C6C",1075
"20696B",1074
"72696C",1072
"204B65",1072
"2E2053",1071
"C3BC73",1070
"6C6D65",1067
"67656D",1065
"2C2065",1065
"6B756C",1064
"617361",1063
"2C2064",1061
"6D697A",1061
"752062",1061
"7A616D",1060
"657920",1056
"B66E65",1053
"6465C5",1053
"6B7574",1048
"62697A",1041
"B67AC3",1040
"6120C5",1038
"736172",1031
"C49FC3",1028
"9F6179",1025
"2E2059",1025
"C4B174",1025
"2C2068",1024
"72C3A7",1024
"6D6173",1022
"9F6120",1019
"6F706C",1019
"C3B6C4",1017
"B6C49F",1017
"676964",1017
"206D69",1016
"6D656C",1015
"657275",1014
"757361",1014
"6D6C61",1013
"646168",1013
"B16BC4",1011
"696E73",1009
"B67A6C",1009
"697A6C",1008
"696C67",1008
"9F616E",1006
"9F7265",1006
"736C61",1003
"206576",999
"696469",998
"6E7961",996
"7A2E20",995
"C59E65",994
"6E6168",993
"752061",992
"4F6E6C",992
"727375",992
"656C20",991
"74656B",990
"C3A268",990
"752067",989
"C3BC2E",989
"652065",987
"646973",985
"A7656B",984
"80B953",983
"C49F65",982
"207061",982
"742065",982
"21E280",981
"B672C3",979
"747572",978
"74616C",973
"67C4B1",972
"626520",972
"696465",972
"692068",962
"6B7369",960
"6B6D61",958
"6D6520",957
"486572",957
"A26869",956
"BC6E61",954
"A76F6B",953
"6C656D",953
"696D2C",953
"697961",953
"757461",950
"676974",948
"69726D",946
"617420",945
"6B2061",944
"656E65",943
"616E6D",943
"612052",943
"204865",942
"756B20",939
"204D65",939
"656B73",934
"2C2054",933
"2047C3",932
"C4B164",931
"646172",931
"206979",930
"63C3BC",928
"736F72",923
"6BC3A2",923
"20756C",919
"6B2064",915
"7220C3",907
"6E757A",903
"69796C",902
"6D61C4",902
"53656E",902
"616269",902
"757420",902
"757475",901
"7474C4",899
"B16B74",898
"617474",897
"706172",897
"64612C",896
"736176",895
"746170",895
"B16E63",894
"79616C",894
"6C6979",892
"80B94B",891
"6B2067",890
"B17A2E",889
"656C64",889
"6F726C",888
"9F206F",887
"B1726C",883
"6F7273",883
"7275C5",882
"204B61",881
"727361",880
"7A6C61",877
"722EE2",877
"536F6E",876
"626F79",872
"75206F",870
"747574",869
"6C6B20",868
"757020",868
"B16C64",867
"72616D",867
"722069",867
"6D6573",860
"6C616B",860
"757A75",858
"6E746C",858
"6DE280",857
"4D7573",852
"6F6375",851
"526162",848
"204B75",847
"426972",847
"6F722E",845
"75796F",845
"2C2069",844
"80B945",844
"2C20C4",842
"6B6F72",840
"79696D",840
"65736C",838
"B16C6D",837
"6D617A",837
"696C6D",835
"20757A",835
"207065",835
"6D657A",834
"205365",834
"6E6574",833
"6C6765",831
"9F6172",829
"206F74",825
"2C2052",824
"62C4B1",824
"47C3BC",823
"6E20C4",823
"656B65",822
"697261",821
"205261",820
"697A2E",819
"7469C4",817
"696C61",815
"2061C3",815
"C3BCC4",814
"BCC49F",814
"7961C4",814
"64693A",814
"6E6CC4",812
"B16E6C",811
"6B6120",809
"9F6572",808
"796179",807
"722074",807
"657273",806
"616D6C",805
"6E2075",802
"75C3A7",801
"426265",801
"736573",799
"6F722C",798
"646563",794
"756D75",793
"61726D",793
"752064",792
"7661C5",790
"7A6120",788
"697474",787
"426162",787
"53697A",786
"A7C3BC",784
"616820",783
"65766C",783
"736F79",782
"BC6CC3",781
"7A2062",780
"64652C",778
"6B7469",775
"9F6B61",775
"73757A",775
"79612C",774
"B17961",773
"9F616D",770
"6E616B",770
"20616B",770
"742C20",770
"42C3B6",769
"65726D",766
"C3B676",764
"B67264",762
"6C6174",762
"617972",762
"2C2048",762
"BC2062",760
"6B696E",758
"612075",758
"B12074",757
"4DC4B1",757
"B17A6C",755
"7A206B",749
"74756E",749
"737520",747
"6C756C",747
"616C6D",745
"6E6D65",745
"72756C",745
"626173",744
"74696C",741
"727520",738
"616869",738
"726172",738
"707261",737
"7461C5",737
"6D6265",735
"2042C3",732
"757972",730
"797275",730
"20596F",729
"205369",728
"2C204F",728
"75736C",726
"757A20",723
"796475",720
"617A61",718
"696D65",718
"6B6F79",717
"42C3BC",717
"61796C",717
"6F7475",716
"7520C3",715
"626162",714
"6E6163",712
"756D2E",711
"206F20",711
"7361C4",711
"7964C4",710
"80B959",710
"757220",710
"BC7264",710
"616D62",710
"6EE280",709
"797572",709
"80B9C4",709
"B16D2C",709
"6C6C65",708
"206572",708
"6E206D",707
"B9C4B0",707
"457920",707
"BC6E63",706
"6E7469",706
"20C396",706
"20616D",706
"47C3B6",705
"76616E",705
"756E63",705
"756C20",705
"727365",705
"646179",705
"456765",705
"73696C",704
"686179",703
"617273",703
"686C61",703
"6D206B",702
"A7616C",702
"6D7365",702
"6C6465",701
"63756B",699
"72E280",698
"B1726D",697
"693A20",697
"6E2059",696
"61686C",696
"6B696C",695
"657465",695
"A76F63",694
"C4B163",694
"6C206F",693
"6F726B",693
"6869C3",692
"41422C",692
"75746C",692
"6B656C",691
"68C4B1",691
"676972",690
"B16D61",687
"B94275",686
"2C204D",685
"796173",685
"6F7072",683
"62616C",683
"617920",682
"6B6179",681
"6F6C73",680
"204269",678
"422C20",677
"617964",676
"796761",672
"67616D",670
"676979",669
"616E74",668
"686570",666
"657967",666
"656C6C",665
"6D6C65",664
"636920",663
"696D73",662
"A76576",662
"697A64",660
"692065",660
"9F6520",660
"6D2062",659
"6D6574",659
"2074C3",658
"646F6C",657
"6C206B",657
"6C65C5",656
"752069",655
"9F6CC4",655
"652075",654
"796469",654
"A76C61",653
"796979",650
"6D616D",649
"B66C65",649
"C3BC70",648
"6D2065",647
"72206D",645
"702062",645
"BC7374",644
"6E206E",643
"657365",643
"6D6461",642
"6C6461",642
"C59E69",642
"4D6573",642
"80B941",641
"6E64C3",638
"20456C",638
"7A2064",636
"B17220",636
"736968",636
"75722E",635
"2C2074",633
"204DC4",629
"68616B",627
"64656D",625
"65746C",625
"B179C4",625
"BC7A20",622
"2C2044",621
"6D2073",620
"7274C4",620
"6D2EE2",619
"6F6B75",619
"746920",617
"796174",616
"2E20E2",616
"204D61",616
"6461C4",615
"204D75",615
"204567",613
"6B6CC4",612
"64616C",609
"6C6CC4",609
"2E20C4",608
"796564",606
"707369",605
"70206B",605
"2E2048",605
"2C2047",605
"7A6172",605
"72612C",604
"736C65",604
"59616B",604
"C59F2C",603
"BC206B",602
"206F79",602
"206173",601
"9F2C20",601
"62616B",600
"652059",600
"6B6174",600
"6C7572",599
"6E6564",596
"756D20",594
"204E65",594
"BC796F",594
"6D206F",593
"6C75C4",592
"61746C",591
"6C756B",590
"61706D",590
"657073",590
"B1722C",589
"657279",588
"7972C4",588
"69722C",588
"4E6520",588
"723A20",588
"204F20",587
"6D6469",587
"9F7465",586
"73652C",583
"80B9C3",583
"206DC4",583
"6B75C5",581
"6B6D65",581
"6C7375",579
"2C2045",579
"6C6769",578
"9F6974",577
"656D20",576
"64756C",575
"6F796D",574
"697973",572
"6E7420",572
"A761C4",571
"79617A",571
"6C656B",569
"6520C5",569
"726174",568
"657A61",568
"6168C4",567
"726261",567
"62656C",566
"BC6365",566
"20656B",565
"726576",564
"BC6E6C",563
"6C2068",558
"206365",558
"70206F",556
"6C6973",556
"7A616E",555
"72756B",555
"797661",554
"6E6172",553
"206E61",552
"76656E",552
"74756C",550
"6E75C5",550
"722068",549
"6D7574",549
"C4B1C3",548
"B1C3A7",548
"796574",548
"6E656E",547
"616C65",547
"756E2E",545
"726CC4",545
"6E6572",545
"BC7220",545
"617274",545
"646176",544
"B17A64",544
"206361",542
"BC206F",542
"2062C4",542
"6D75C5",542
"666B65",541
"746C69",539
"7A2079",538
"657672",538
"616B6D",537
"BC2079",537
"2E2054",536
"726564",536
"7A206F",536
"727369",535
"6B7365",534
"74656D",533
"2C20C5",533
"63656C",533
"726168",532
"206D75",532
"C3BC76",531
"BC7665",531
"9F6979",531
"66656E",529
"706D61",528
"657974",528
"6E6173",528
"6B656D",527
"20536F",527
"C4B06E",526
"79656D",526
"79C3B6",526
"616E63",526
"6D656D",522
"BC7020",522
"6C6574",521
"7A6461",521
"696D6C",520
"6C6168",520
"B12068",519
"80B94F",519
"206D61",516
"9E696D",515
"656EC3",513
"9F7475",512
"697469",512
"6B6972",512
"68617A",511
"6E2EE2",510
"C3BC2C",510
"C3A76D",508
"737461",508
"7A2052",508
"73656C",506
"702079",506
"A77469",506
"656C61",506
"206573",506
"746163",504
"756875",503
"72692C",503
"204172",502
"726162",502
"746D61",501
"80B952",501
"BC2C20",500
"546170",500
"752076",499
"6E6E65",499
"722065",499
"A76972",499
"6D2064",498
"6E652C",498
"4B7574",498
"6F6B73",497
"61766C",497
"4F6E61",496
"6E204B",496
"422062",495
"6D2067",494
"2E2044",493
"656E63",493
"C3B662",492
"756475",492
"6E7574",492
"67696C",492
"6C652C",491
"746573",491
"6B6572",490
"486172",490
"756E2C",489
"63616E",489
"BC6B6C",489
"617672",489
"74616B",489
"63696C",488
"80B948",488
"6E7375",488
"706579",488
"617976",487
"737572",487
"6C6970",487
"6CC3A7",487
"B163C4",487
"652052",486
"BC6E79",485
"726972",485
"6C6B61",485
"657665",485
"206579",485
"6B61C3",484
"6D6972",483
"692075",483
"C3B673",482
"646970",482
"48616C",482
"B67374",481
"6E2070",481
"C4B0C5",480
"696D61",480
"B0C59F",479
"B1746C",479
"53616E",478
"702067",478
"B67274",475
"656E6D",475
"7375C3",475
"9F6163",473
"726D69",473
"746168",473
"B12052",472
"616B75",472
"C3B666",471
"B6666B",471
"6B6C69",471
"C4B13A",471
"2075C4",471
"BC2067",470
"6D2069",470
"6E756C",470
"6E20C5",470
"9F756D",469
"766C65",469
"204765",469
"6E63C4",468
"B16461",468
"6B7570",467
"697365",466
"204176",466
"617267",466
"6D2076",465
"6E692C",465
"4B6172",464
"6C2062",464
"BC63C3",464
"80B947",463
"727579",463
"7465C5",463
"6B6579",462
"BC2E20",461
"B17A61",461
"C3A762",460
"53C3BC",460
"205065",460
"B164C4",460
"A76269",459
"767261",459
"74206F",459
"C59E61",459
"63612C",459
"596568",459
"6C6DC4",458
"616E65",458
"6F6E73",458
"9F206B",457
"61204B",457
"66C4B1",456
"79696C",456
"204BC3",455
"456C69",455
"657320",455
"61756C",454
"7374C3",453
"B06E73",452
"746979",452
"6120C4",452
"73756C",451
"74696D",451
"727420",451
"A76572",451
"752068",451
"6520C4",450
"6E6475",450
"6572C3",450
"BC7A64",450
"2065C5",450
"61206E",449
"2E2045",448
"206163",446
"6D2079",445
"C49F64",445
"70616E",445
"617A20",445
"757A2E",445
"BC2073",444
"9F2062",444
"4C6576",444
"742062",443
"61726B",443
"617465",443
"536175",443
"67696E",440
"2E2047",440
"65206D",440
"652045",440
"657667",440
"766769",440
"20C4B1",439
"696C6B",439
"6D6979",439
"7A6D65",439
"61796E",438
"2E2052",437
"73616B",437
"204B69",435
"2C206E",435
"206169",434
"20696D",434
"7267C4",434
"BC2064",433
"6C2079",433
"63652C",433
"6F6D75",433
"616262",433
"B66E63",432
"75726C",432
"757964",431
"6B2EE2",431
"6C2073",431
"697273",429
"75726D",428
"59C3BC",428
"73656B",428
"7A656E",428
"6C69C5",427
"B94265",427
"80B920",426
"B920E2",426
"74206B",425
"7A616B",425
"B13A20",424
"617269",424
"B12065",423
"C49F20",423
"62692C",423
"C39679",422
"96796C",422
"6E204D",421
"7A2073",421
"44C3BC",421
"697A2C",421
"205275",420
"726573",420
"767265",420
"7279C3",418
"696E61",418
"616E69",416
"6E6769",415
"702064",415
"797369",415
"6E7573",415
"657964",415
"204C65",414
"BC6B73",413
"B95961",413
"702073",413
"4261C5",412
"697A6D",412
"6B6979",412
"617275",412
"696C2C",411
"646579",411
"B66C67",410
"612059",409
"686FC5",409
"742069",409
"65796C",409
"757262",409
"206DC3",408
"796162",407
"617374",407
"766C75",407
"B94261",406
"736572",406
"4BC3B6",405
"616265",404
"A76C65",404
"2C2020",403
"A7206B",403
"6E6DC4",402
"6F7661",402
"6E74C4",402
"6C7579",401
"6B7475",400
"6C2061",400
"20416E",400
"B67A20",400
"752059",399
"752074",398
"696DE2",398
"207075",398
"61204D",398
"B17A2C",398
"6C656C",397
"72656D",396
"9E6579",396
"68616E",394
"657A20",393
"6E6579",393
"204769",392
"742076",391
"6C756D",391
"746173",390
"7A656C",390
"207A65",390
"6B6163",390
"6D2061",389
"6E6573",389
"7273C4",388
"6E656C",388
"617265",388
"6C612C",387
"656E61",386
"67656E",385
"6B656B",385
"652054",385
"656269",385
"76756E",384
"766972",383
"723B20",383
"616D69",382
"2053C3",382
"7A6579",382
"757320",382
"BC6D20",382
"6E6563",381
"BA20E2",380
"6B2074",379
"417261",379
"797361",379
"204168",379
"69206D",378
"6C6D69",378
"B17274",378
"A7C3B6",378
"68697A",378
"80B954",377
"68656D",377
"B95241",375
"756469",375
"7A2069",375
"74696B",374
"6C6573",374
"6F7961",374
"626974",373
"76696C",373
"697420",372
"64756D",372
"756C6D",372
"766574",372
"626174",372
"B16D64",372
"7265C4",371
"20656E",370
"6C2065",370
"6E2041",369
"7020C3",369
"2064C4",369
"65686F",368
"726970",367
"6B6574",367
"706179",367
"C3A775",366
"616C6E",366
"6C6EC4",366
"7567C3",365
"727475",364
"6B6176",364
"766C69",363
"9F2061",363
"616874",363
"702061",362
"6B206D",362
"B6726D",361
"9F2079",361
"656B6D",361
"204869",361
"627572",360
"6B617A",360
"797520",360
"756D2C",359
"6F7274",358
"204164",358
"4F7261",358
"6E2053",358
"527568",357
"BC2061",357
"46696C",357
"6E3FE2",356
"20697A",356
"B662C3",356
"C4B062",356
"C4B13F",356
"6C75C5",355
"6F6176",355
"6E6174",355
"4B696D",354
"B66B6C",354
"65204D",354
"416461",354
"797365",353
"7A2067",353
"6D7520",352
"686172",352
"722052",352
"4BC4B1",352
"20686F",352
"796EC4",350
"726B61",350
"686173",350
"646F6B",349
"64756B",349
"79616D",349
"6F6C20",349
"736174",349
"736164",348
"63657A",348
"626FC5",347
"A76CC3",347
"756C64",346
"7A2076",346
"204669",346
"80B94E",345
"73746C",345
"596173",345
"706163",344
"726572",344
"204173",343
"617320",343
"6B756E",342
"697964",342
"6C204B",341
"676920",341
"BC726C",340
"7A20C3",340
"C38761",340
"6E2120",340
"B120C5",339
"6BC3A7",339
"7A756E",339
"657374",339
"737469",339
"6E2063",338
"76616C",338
"757273",338
"205375",338
"B17273",337
"6C2064",337
"B95365",337
"656E67",336
"B16E74",336
"707574",336
"756E6D",335
"64756E",335
"6D20C3",335
"7275C4",334
"5965C5",334
"64656C",333
"6B757A",333
"727573",333
"7A2061",332
"4BC3A2",331
"BC20C3",330
"616275",330
"7A2EE2",330
"726B75",330
"627261",330
"9F2067",330
"617969",329
"726579",329
"9F7261",329
"9F656E",328
"6B6520",328
"C4B06C",327
"9F7572",327
"BC726D",327
"207975",327
"9F616B",327
"6F6E64",326
"6E2045",326
"68696D",326
"205975",325
"9F61C4",325
"706C75",325
"626168",324
"9F656B",323
"626564",323
"686174",323
"686176",323
"6E6FC4",323
"6F6C6C",322
"746CC4",322
"80B944",321
"6265C5",321
"C49F6D",321
"6E2042",321
"656C6D",321
"7269C5",321
"42697A",321
"65206E",320
"796164",320
"6B6564",320
"7365C3",320
"B06272",320
"686162",320
"B94269",319
"204E61",319
"657261",319
"726176",319
"736C69",319
"596120",319
"796970",318
"53616D",318
"C3B66D",318
"6C6162",318
"616469",318
"42616E",318
"647520",316
"742079",316
"205061",316
"B95461",315
"6E656D",315
"A76172",315
"612054",314
"616D2C",314
"6B6F6D",314
"747465",313
"45C49F",313
"65746B",313
"626269",313
"676563",311
"722075",311
"656E7A",311
"75796C",310
"B12059",310
"6D693F",309
"65207A",309
"206566",309
"6BE280",308
"446FC4",308
"A76D65",308
"2059C3",308
"74616D",307
"75722C",307
"596172",306
"6B2068",306
"6920C5",306
"6B6162",304
"616E6E",304
"756D61",304
"72757A",304
"61746D",303
"6F7964",303
"6E696C",303
"B9C387",303
"62656B",303
"6E207A",303
"61206D",302
"4FC49F",302
"6C752C",302
"65796D",301
"C49F7A",300
"6E6179",300
"696369",299
"612070",299
"6B7375",299
"597573",299
"206C61",298
"9F7AC4",298
"C3BC64",298
"6E21E2",298
"747461",297
"736168",297
"6D6F6E",297
"737566",297
"6E63C3",296
"617620",296
"67756E",295
"4F207A",295
"73616D",295
"616E67",294
"B17964",294
"746B69",294
"696EE2",294
"6B7361",294
"2E204D",294
"76616D",294
"6C73C4",293
"746564",293
"9F6164",293
"652070",293
"6E6979",292
"20C39C",291
"657661",291
"726DC4",291
"204B6F",290
"6B6173",290
"612053",289
"A7696C",289
"C3876F",288
"204D69",288
"206661",288
"422064",288
"746D69",287
"732C20",287
"656665",287
"767572",287
"6C7961",287
"426579",286
"796F6E",286
"7AE280",285
"42696C",285
"727961",284
"667261",284
"B66BC3",283
"9F74C3",283
"61736B",282
"616C2C",281
"204F72",281
"736170",281
"B94861",280
"696EC3",280
"B94579",279
"206176",279
"B66B74",278
"206669",278
"746179",278
"596F6B",278
"727568",278
"742067",277
"6972C3",277
"696869",277
"74752E",276
"6D2068",276
"6B6F76",276
"2061C5",276
"417669",276
"6F723A",276
"207275",276
"6F6B74",275
"4B7572",275
"2044C3",275
"20657A",275
"702C20",275
"6162C4",275
"6C6C75",275
"647561",275
"61706C",274
"2C204E",273
"616B6B",273
"BC2052",272
"736979",272
"B1206D",272
