"616120",14453
"616E61",7845
"697961",7821
"796161",7782
"737369",6456
"736920",6196
"206769",6118
"6F6F73",6006
"747461",5716
"616167",5609
"696469",5495
"616E20",5490
"6E7474",5374
"747469",5298
"676161",5144
"657474",5040
"616920",5018
"206861",4439
"612067",4376
"61616E",4210
"69646F",4180
"696973",4166
"69796F",4132
"20776F",4093
"697373",4050
"737361",3989
"747465",3956
"707065",3938
"6E6120",3874
"692C20",3874
"6E6520",3790
"796F20",3746
"746120",3719
"612061",3632
"74616E",3615
"676565",3599
"706520",3585
"617261",3565
"6B6B61",3553
"206261",3531
"757761",3518
"746161",3499
"696E74",3470
"6E6E65",3461
"207461",3378
"6E6920",3353
"6E6161",3264
"776161",3227
"676964",3217
"206465",3188
"6B6B6F",3179
"617361",3172
"206173",3161
"736861",3145
"207961",3133
"617070",3063
"206D61",3017
"676969",2996
"616C61",2987
"736161",2985
"61206D",2983
"69732E",2960
"626161",2948
"617373",2926
"617520",2920
"616E69",2916
"616172",2915
"796F6F",2900
"20696E",2898
"696B6B",2859
"746920",2827
"736873",2821
"687368",2821
"6F7373",2817
"64692C",2794
"6F6F67",2739
"656573",2737
"612062",2735
"656574",2731
"746964",2643
"6E6E61",2640
"6E612E",2602
"656E6E",2585
"616173",2538
"657461",2534
"616170",2518
"616769",2470
"697368",2448
"586F6F",2441
"646537",2416
"696461",2389
"6E2C20",2384
"E2809C",2375
"6F6E61",2371
"64616E",2312
"206F6F",2298
"612C20",2294
"692061",2278
"626261",2211
"207161",2211
"6F6F74",2189
"616761",2179
"6F2C20",2140
"616765",2125
"646920",2125
"757573",2114
"696E20",2106
"20586F",2105
"6F6761",2072
"636863",2067
"686368",2067
"736869",2062
"616461",2028
"686161",2027
"6E6175",2022
"737575",2011
"736120",2001
"61206B",2000
"796120",1996
"696E6E",1977
"E2809D",1968
"809D20",1962
"612073",1951
"79796F",1949
"692062",1942
"726120",1942
"656520",1928
"657375",1926
"692069",1915
"613B20",1899
"616164",1895
"596573",1891
"653769",1891
"20E280",1876
"6F736F",1859
"616B6B",1851
"206973",1845
"6B6120",1844
"206E61",1823
"756262",1822
"207562",1801
"646F6F",1783
"617469",1782
"206761",1782
"206865",1780
"692068",1774
"646120",1771
"736F6E",1770
"736169",1769
"207368",1758
"6D6161",1753
"6D6D61",1751
"9D2079",1745
"612069",1743
"746520",1738
"617474",1733
"617461",1729
"692067",1726
"733B20",1720
"206B61",1716
"6F7474",1688
"612077",1685
"652061",1682
"746979",1677
"736979",1676
"206574",1670
"696964",1643
"6B6F2C",1638
"2C20E2",1619
"646161",1581
"612064",1575
"726973",1570
"6C6161",1569
"612068",1568
"207369",1568
"657469",1550
"6D616E",1522
"61206F",1519
"616261",1515
"205965",1484
"79616E",1468
"206461",1464
"646F73",1449
"206269",1441
"206E75",1440
"616E6E",1431
"61752C",1415
"752C20",1411
"746574",1400
"652067",1392
"656761",1387
"6F7361",1383
"676973",1376
"612065",1366
"626120",1358
"676979",1345
"20626F",1341
"646F20",1333
"206265",1331
"74746F",1329
"692064",1318
"206E65",1311
"65656E",1310
"696974",1305
"616973",1305
"6F2067",1304
"746F6F",1301
"616174",1300
"617269",1300
"206120",1287
"376979",1286
"697474",1276
"776F64",1275
"612075",1266
"6E616E",1243
"656B6B",1243
"6F6920",1242
"617979",1240
"206572",1240
"616D61",1237
"206D69",1233
"61206E",1222
"616D6D",1219
"686175",1208
"696E2C",1197
"617368",1194
"616E2C",1185
"646461",1185
"6E6565",1180
"206169",1178
"716173",1176
"796979",1171
"206B65",1171
"697461",1161
"206161",1159
"69733B",1158
"68696E",1153
"697465",1152
"696D6D",1136
"6D6D69",1135
"757369",1134
"6E2064",1130
"207361",1130
"612079",1129
"613761",1129
"6F6F6E",1108
"61726F",1093
"696464",1091
"2C2068",1087
"612071",1084
"6D616C",1081
"6E613B",1075
"692065",1072
"2C2069",1064
"74656E",1063
"656E61",1063
"686120",1061
"746969",1060
"612074",1055
"69206E",1053
"61616C",1048
"6F6461",1042
"646469",1039
"6C6C61",1036
"2C2061",1035
"6F2061",1027
"652068",1024
"6F6465",1021
"68616E",1005
"626169",1005
"69696B",995
"207861",990
"686979",989
"74616D",986
"6B6B69",986
"62616E",983
"20616D",973
"726161",972
"657269",969
"617969",966
"6B6565",949
"616179",944
"636861",942
"757979",941
"206B69",937
"2C206E",936
"6E6464",933
"652C20",931
"206765",930
"716161",926
"657373",924
"2C2074",917
"617475",913
"726F20",908
"534869",901
"616E74",900
"48696E",900
"20696D",900
"652062",896
"69206F",892
"69206B",892
"6F2077",884
"692074",882
"64656E",867
"61616B",866
"686169",866
"6C6C69",863
"206174",858
"6E6368",855
"697269",853
"796964",849
"6B6F20",848
"6F7469",847
"686520",846
"646172",842
"746169",837
"74696E",836
"206775",828
"20796F",825
"717169",821
"652064",820
"73616E",819
"69206D",815
"65732E",814
"756E69",812
"20716F",808
"6F6C6C",796
"77616E",794
"75756E",794
"376161",792
"652073",791
"612078",788
"732E20",787
"61E280",785
"757361",781
"657979",780
"206B6F",777
"626969",775
"686567",773
"612E20",772
"652069",770
"6B6969",768
"726174",768
"687577",767
"546161",761
"617761",760
"616C6C",760
"726979",759
"676769",758
"717161",755
"486567",754
"692073",754
"626F6C",744
"716964",741
"6E7575",739
"6F7369",738
"65206B",737
"206920",727
"796969",727
"646979",726
"626565",725
"6F6765",721
"737474",720
"6F7070",719
"692077",713
"617465",712
"616767",709
"207965",706
"692075",706
"6F6B6B",703
"697374",700
"20646F",699
"6E696E",695
"656E69",694
"636869",692
"613737",691
"4B6972",683
"37616E",680
"476F64",678
"686167",667
"626537",665
"3B2073",664
"616166",663
"737577",654
"6E2068",648
"726169",647
"696465",643
"204B69",642
"6B6172",641
"726574",640
"692079",639
"416973",638
"697969",631
"206D65",631
"736969",630
"67616C",630
"616137",629
"206F69",629
"73696E",629
"726964",624
"756461",620
"61616D",618
"617369",613
"6E2069",612
"652077",611
"676761",611
"2C2062",611
"786161",609
"757474",608
"6C6120",606
"736179",606
"776F74",604
"6B6174",604
"616177",602
"686172",602
"207969",598
"757261",596
"736174",594
"776F6F",593
"65206E",591
"697171",591
"616162",587
"20656B",585
"692071",585
"2C2058",585
"6B6B65",579
"67616E",579
"6E2061",576
"616971",572
"696875",571
"687564",571
"797969",571
"676172",569
"72616E",569
"6E6979",568
"686969",565
"6B6979",561
"686174",560
"776F69",558
"756D61",557
"686964",556
"646864",556
"686468",556
"207A61",553
"752062",552
"696971",551
"6C6920",549
"61612C",545
"616E65",544
"6C6979",543
"653761",543
"612041",542
"20676F",542
"204169",540
"746579",538
"736565",534
"6F6E69",534
"207061",533
"64646F",532
"6F6261",531
"207475",531
"6C612C",530
"6D6964",529
"657475",529
"6F6E63",528
"6B616E",527
"73686B",525
"686B6B",525
"747520",518
"692058",514
"656C69",513
"797961",513
"646964",511
"6D6120",510
"657265",510
"6D6174",509
"616368",508
"657368",508
"692078",508
"677579",507
"61696E",505
"376565",504
"20476F",504
"6F206B",501
"757570",500
"6B6F79",498
"67656C",497
"6F7465",497
"20617A",496
"3B2071",494
"786565",494
"657261",494
"726B6B",494
"206B75",491
"752064",489
"652074",485
"666169",485
"6C6173",485
"206869",483
"2C2065",481
"516173",480
"74652E",480
"206875",480
"757068",480
"73616C",479
"687575",479
"616E64",478
"736865",478
"6D6969",477
"617A61",474
"65206D",474
"6C6174",473
"737365",470
"612070",467
"692059",466
"726F6F",466
"617265",465
"65733B",464
"3B2068",461
"696265",460
"416968",459
"646520",458
"69726F",456
"616E63",455
"6F2062",455
"207865",453
"809C54",453
"207761",453
"596161",452
"6F206D",452
"626573",452
"64652C",451
"726464",451
"205048",449
"727373",449
"646179",448
"646169",447
"646869",447
"696368",445
"3B2061",441
"74756D",441
"6C7577",441
"776F6C",441
"736964",440
"206C61",440
"9C5461",439
"206D6F",439
"686565",438
"6E2079",438
"67616B",437
"2C2059",436
"652065",436
"373769",435
"20736F",432
"65656C",429
"696767",426
"736137",426
"75206B",423
"6D6172",423
"653765",422
"6D696E",421
"676765",421
"6E7520",420
"65653F",420
"697261",419
"6F6469",418
"61726B",417
"6C616E",416
"207375",416
"6F3737",416
"6D6574",415
"616661",414
"6D6F6F",414
"746565",413
"653B20",413
"617965",413
"6F6E20",413
"626F6E",411
"752061",409
"696C61",406
"617161",404
"707069",403
"73736F",401
"2C2073",399
"6C6574",398
"696C6C",398
"6B6964",398
"652075",397
"6E6E69",397
"6E2074",396
"6D6973",395
"617861",392
"7A617A",392
"796565",391
"6F6875",391
"6E6162",390
"6E2065",390
"6F7461",387
"612059",386
"73E280",386
"6F2069",385
"6B6161",384
"206F64",383
"7A616E",381
"756E61",380
"7A6161",379
"6F2079",379
"61692C",378
"6E2062",377
"652079",376
"2C2027",376
"6E6137",375
"496E74",375
"6E2067",374
"6E6167",373
"626167",372
"612058",372
"6E6767",371
"6F7969",370
"686574",370
"617961",368
"616D65",367
"756E74",365
"376964",365
"776F72",365
"787869",365
"6C7171",365
"6E61E2",364
"746175",364
"6F6F72",363
"69693F",362
"3FE280",362
"757070",362
"797965",362
"71616E",361
"207574",361
"656578",361
"6F206F",359
"6E6B6B",358
"617365",353
"6E656E",353
"6B6177",352
"37376F",352
"752067",351
"616974",350
"809C48",350
"736F69",349
"73692C",348
"74653B",348
"6B6F6E",347
"65206F",346
"736520",346
"652071",346
"692070",346
"65656B",345
"207069",344
"206C6F",343
"61776F",342
"757368",342
"457469",341
"646F6E",341
"616468",340
"206167",337
"6F6C71",337
"736875",335
"64696B",335
"6F2068",334
"207869",333
"6E206E",332
"206475",331
"717577",331
"2C2071",331
"6F7261",329
"756661",329
"376169",328
"207572",328
"626974",328
"206179",325
"746F20",322
"6F7269",322
"74612E",322
"696E61",321
"6E6169",321
"486565",318
"716979",317
"78616C",317
"6C6F6F",316
"61206C",316
"204D61",314
"6C6964",314
"2C2077",314
"6F6F2C",313
"69207A",312
"686967",311
"207566",310
"697070",310
"616C75",309
"6F6F6D",308
"6F2073",307
"6C6171",306
"656E64",306
"646574",305
"706869",305
"697361",303
"68616C",303
"6F6F62",302
"20706F",302
"73696D",302
"6E206F",301
"373761",300
"776F7A",300
"737375",299
"626162",299
"706972",298
"67696E",297
"6D6572",296
"636361",295
"6F7A61",295
"686137",294
"697264",294
"656C61",292
"376F20",292
"736970",292
"204E61",291
"377520",291
"486520",291
"6F6E6E",291
"6C6969",290
"6D6979",290
"616C69",289
"616464",289
"636161",288
"272079",287
"697369",286
"6C6F37",286
"757373",286
"61207A",285
"74612C",284
"61746F",284
"656D6D",283
"6E2077",283
"20786F",282
"417979",281
"206969",281
"3B2069",280
"727368",280
"616262",280
"4E7575",279
"6E206D",279
"73756E",278
"6E756E",278
"6F696E",278
"809C4E",278
"6E6964",277
"373775",276
"206361",276
"626174",275
"6B6173",275
"686920",275
"736574",274
"204179",273
"752068",273
"757574",273
"68656E",272
"736F6F",270
"747570",269
"4E6137",268
"417361",268
"656572",268
"786F6F",268
"6E2078",268
"716574",268
"6E2073",268
"6B6574",268
"204161",268
"416177",268
"697169",267
"6D6163",264
"6F6F6B",264
"6C6169",263
"20596F",262
"716F70",262
"697175",261
"707075",261
"204865",260
"2E2041",260
"756C6F",260
"706865",259
"504861",259
"616363",258
"9C4861",258
"747579",257
"616163",256
"786972",255
"656E20",253
"656579",253
"612063",253
"656C6C",252
"6B612C",250
"657171",249
"626972",249
"486175",249
"61756C",249
"617A69",248
"736175",248
"747475",247
"6F2075",247
"6E2059",247
"726565",246
"617273",246
"73686F",246
"676974",246
"20746F",245
"617375",244
"61696B",244
"2E2048",244
"2C206B",244
"616171",243
"646174",243
"6F2064",243
"716565",241
"205161",241
"616966",240
"657465",239
"776169",239
"716F6F",238
"73696B",238
"752069",238
"504865",238
"6D6920",237
"657869",237
"20616B",237
"656765",236
"546120",236
"617169",235
"786179",235
"652078",234
"4E6565",234
"6F6971",234
"74696B",234
"65376F",234
"65652C",232
"636369",232
"3B2074",231
"6F2074",231
"2C206D",231
"476565",230
"646565",230
"2C2064",230
"787861",230
"657070",229
"746174",229
"726F74",229
"612720",227
"64656D",227
"656869",227
"657365",226
"206571",226
"6E6973",226
"756B6B",226
"376920",226
"706974",225
"2C2041",225
"692041",224
"736F68",224
"6C6565",224
"757579",224
"796574",223
"61204E",222
"6F6D6D",221
"6C6C6F",221
"697878",221
"61732E",221
"6D6565",220
"6F7368",220
"757572",219
"626979",217
"64612C",216
"676574",216
"6F6974",216
"6D696C",216
"74692C",214
"204765",213
"6E6363",213
"616865",213
"686972",213
"696D61",212
"206978",212
"756E20",212
"61612E",211
"6F2065",211
"707061",211
"6B7573",211
"2E2053",210
"6E206B",210
"6F7375",210
"6D6178",209
"616E6B",209
"9D2067",208
"666161",207
"716174",207
"646969",207
"79656E",207
"6B6573",206
"377577",206
"612047",205
"676F6F",205
"657369",204
"3B20E2",204
"65656D",204
"746974",204
"726520",203
"206565",203
"75206F",202
"68656D",202
"653F20",202
"65E280",201
"6E2071",201
"78696C",200
"809C49",200
"6D7070",200
"736172",200
"3B206E",199
"656861",199
"616178",198
"646173",198
"796564",197
"75206D",197
"205361",195
"6F6861",195
"746162",195
"6E2058",195
"626F6F",194
"72616D",194
"79656C",193
"74613B",193
"6E2075",193
"6E7171",193
"652058",193
"6F6E67",193
"206469",193
"61613B",193
"6E7577",193
"70756E",193
"6B6568",191
"646162",191
"2C2067",190
"726767",190
"61204D",189
"6F6963",188
"53696D",188
"207775",188
"752073",187
"616E75",187
"652070",187
"6F6C69",187
"6F6F20",186
"70656E",186
"207165",185
"206F67",185
"596F68",184
"656E74",184
"636875",184
"72696E",184
"756E6E",184
"2C2047",183
"616D75",183
"747577",183
"756D6D",183
"616962",183
"686F20",182
"206D75",182
"746170",181
"692047",181
"6F2071",181
"736170",181
"6F6769",180
"205461",179
"616E6F",178
"666979",178
"9C4E65",178
"205961",177
"686173",177
"776F6E",176
"696D6F",175
"376F6F",175
"757320",174
"73204B",174
"757273",174
"696769",173
"205348",173
"2E2051",173
"697273",173
"616861",172
"65657A",172
"809C41",172
"7A6172",171
"616269",171
"752071",170
"204265",170
"693F20",170
"486120",170
"3B2065",170
"64696E",170
"616D69",169
"676920",169
"646475",169
"747575",169
"6973E2",168
"696C69",168
"426565",167
"692050",167
"626179",166
"2C2075",166
"617171",166
"61756E",166
"676169",165
"206369",164
"6D7520",164
"706F6F",164
"653FE2",164
"73612E",163
"696669",163
"207875",163
"716169",162
"6C6C65",162
"6F2078",161
"796169",161
"716F66",161
"206162",161
"204973",160
"6C6168",160
"64756D",160
"73752E",159
"657275",159
"272067",159
"626175",159
"747573",159
"652059",158
"727573",158
"616C65",158
"6F7171",158
"20616E",158
"4D6171",158
"646F62",158
"65726F",157
"596572",157
"693FE2",157
"6E6A6A",157
"79696B",157
"6B6F6B",157
"796179",156
"686F69",156
"6F6C65",155
"717175",155
"6F732E",155
"656C65",154
"652E20",154
"686F6F",154
"756C65",154
"207175",153
"6F6661",153
"646175",152
"706178",152
"616B65",152
"2C2050",152
"2C206F",151
"205369",151
"617878",151
"752077",151
"72656E",150
"696967",150
"786964",150
"69716F",150
"486167",149
"206F6C",149
"7A6574",149
"74656B",148
"657A7A",148
"6F6F37",147
"6F6F64",147
"6573E2",147
"6B756D",147
"67656E",146
"206568",146
"6B6F69",145
"616265",145
"2C2078",145
"376969",145
"726969",145
"756368",145
"6D6173",145
"796172",145
"656D70",145
"726920",144
"73612C",144
"657361",143
"716F6E",143
"752079",143
"656464",141
"6F7264",140
"62616C",140
"616665",140
"66616E",139
"616168",138
"6F6E65",137
"706F6C",137
"717165",137
"2E2059",137
"6F6468",137
"6D756C",137
"207A6F",137
"6D656E",136
"617765",136
"74756E",136
"6D3737",136
"777572",136
"63686F",136
"204173",135
"613765",135
"776175",135
"617A65",135
"796F68",135
"7465E2",134
"786F71",134
"69206C",134
"6F696B",134
"497373",133
"3B2062",133
"786979",133
"809C53",133
"656669",132
"616E71",132
"69696C",132
"6F7273",132
"737171",132
"2C204B",132
"809C47",131
"6D6520",131
"6D6171",131
"746164",131
"676F64",131
"653775",131
"69204B",130
"207469",130
"666574",130
"696E69",129
"716969",129
"616D6F",129
"206365",129
"677575",128
"20612C",128
"687563",127
"786120",126
"71756D",126
"6E7878",126
"6F6972",125
"616669",125
"696261",125
"6F6F6C",125
"646572",125
"70706F",125
"796567",125
"206566",124
"65206C",124
"736F20",124
"6F7265",124
"205061",123
"6E696B",123
"6B6F73",123
"37696B",123
"706870",122
"687068",122
"697979",122
"207573",122
"686163",122
"6E2050",122
"646465",121
"63696D",121
"2E2049",121
"206175",121
"636865",121
"73656E",120
"6C6F74",120
"656767",120
"647577",120
"6F3B20",120
"205969",119
"786973",119
"656567",119
"617869",119
"69626F",119
"746173",118
"6F6F79",117
"656568",117
"275461",117
"61676F",117
"7A7A61",117
"6F686F",116
"692063",116
"627261",115
"736974",115
"787865",115
"204761",115
"616E6A",115
"652041",114
"676F69",114
"676120",114
"204261",113
"616964",113
"6F206E",113
"6D6F6B",113
"757265",113
"9C496E",112
"2C2079",112
"6D6974",112
"617371",112
"596968",111
"717520",111
"706161",111
"78616E",111
"6F6C61",111
"4D7575",111
"746973",111
"6E6174",111
"596F6F",110
"6C656B",110
"6D6262",110
"202754",110
"796520",110
"716178",110
"732720",110
"636565",110
"6C3737",109
"776574",109
"61693F",109
"6E2070",109
"796F2C",109
"746962",109
"7A6F72",109
"786172",109
"204861",108
"2E2045",108
"506172",108
"73613B",108
"2C2070",108
"6E6574",108
"204461",107
"67676F",107
"206275",107
"2E2054",107
"656571",107
"616675",106
"6C6973",106
"75206E",106
"6F746F",106
"696963",105
"6D6169",105
"71716F",105
"636979",105
"6E612C",105
"204162",104
"797575",104
"7A696E",104
"6F7365",104
"617165",104
"617267",104
"376974",104
"204574",103
"7A7A75",103
"757365",103
"416272",102
"726168",102
"73616B",102
"696E6B",102
"3B2058",101
"736162",101
"706174",101
"6D6F74",101
"6D7578",101
"652047",101
"656E67",101
"6B756E",101
"6E6969",100
"756465",100
"756D75",100
"809C58",99
"78616D",99
"6F206C",99
"752065",99
"6F2E20",99
"61733B",99
"207A65",98
"71616C",98
"656D69",98
"206172",97
"696665",97
"37656E",97
"74616B",97
"9C476F",97
"716120",96
"616972",96
"6F6C75",96
"6E2063",96
"676164",96
"692053",95
"696972",95
"6C6F69",95
"6F7965",95
"207579",95
"206C65",95
"497372",94
"737261",94
"796962",94
"4E6161",94
"746573",94
"207975",94
"757969",94
"6A6574",94
"61796F",94
"65746F",94
"756E64",94
"6F7961",94
"457461",94
"53616D",94
"504869",94
"6E6127",93
"716F69",93
"6A6A65",93
"716163",93
"7A6572",93
"752074",93
"6F3761",92
"6C6F20",92
"626269",92
"70652C",92
"626173",92
"6B652E",92
"746F68",92
"752078",92
"6D6D6F",92
"376F62",92
"676174",92
"47616C",91
"3B2079",91
"69736F",91
"797577",91
"617769",90
"6F6F71",90
"6F6368",90
"6C696E",90
"809C42",90
"746570",90
"204D75",90
"4E6520",90
"756D69",90
"21E280",90
"776174",90
"61696C",90
"626920",89
"666969",89
"206177",89
"71616D",89
"676520",89
"6B656E",89
"64612E",88
"617975",88
"61716F",87
"809C59",87
"65207A",87
"2C206C",87
"667572",87
"652063",87
"6D7577",86
"61756B",86
"696D65",86
"686164",86
"6E6F6F",85
"6E652C",85
"727577",85
"657878",85
"752047",85
"752075",85
"716172",85
"446161",84
"656D65",84
"72616B",84
"20616C",84
"646F72",84
"2E204E",84
"756C6C",83
"207075",83
"79653F",83
"556262",83
"727171",82
"757375",82
"697265",82
"696E65",82
"376973",82
"6FE280",82
"61786F",82
"376120",81
"7A6964",81
"20576F",81
"737878",81
"646973",79
"652053",79
"373765",79
"656468",79
"74696D",79
"6E3737",79
"616D62",79
"70616C",79
"48696C",79
"697469",78
"69696E",78
"796974",78
"204769",78
"75206C",78
"646972",78
"6F726F",78
"6B6920",78
"6E206C",78
"6F6E74",78
"7A7520",78
"2E2058",78
"776974",77
"9C586F",77
"6D6D65",77
"756765",77
"6F6D61",77
"6F7475",77
"54616E",77
"612050",77
"6F2058",77
"6F6964",76
"6B6B75",76
"9C4865",76
"647572",76
"7461E2",76
"752058",76
"6F7320",76
"376F69",75
"20496E",75
"77612E",75
"3B2077",75
"576F69",75
"727474",75
"616D37",75
"6B6162",75
"697965",74
"486161",74
"646967",74
"697375",74
"652050",73
"9C4E75",73
"63616E",73
"612053",73
"646F70",73
"636964",73
"6C616D",73
"61204B",73
"732059",73
"61617A",72
"617573",72
"612042",72
"786969",72
"62696E",72
"6E6F69",72
"697267",72
"207065",72
"776F67",72
"4E7520",72
"697068",72
"696269",72
"204920",71
"536161",71
"2C2053",71
"796973",71
"205069",71
"756D65",71
"78786F",71
"656661",70
"7A7577",70
"6C656E",70
"626464",70
"3B206B",70
"796175",70
"54616D",70
"657165",70
"696D69",69
"6B6164",69
"426537",69
"696363",69
"707577",69
"6B6171",69
"646F37",69
"4D6169",68
"616264",68
"786169",68
"616E67",68
"697A7A",68
"7A6969",68
"70686F",68
"205869",68
"64613B",67
"206F20",67
"726164",67
"626569",67
"65696B",67
"616C37",67
"706964",67
"656B69",67
"757269",67
"617775",66
"48616E",66
"78696E",66
"646164",66
"646861",66
"666565",66
"486172",66
"61697A",66
"204E65",66
"7361E2",66
"6E692C",66
"676F6E",66
"70656B",66
"692042",65
"617A7A",65
"787575",65
"697161",65
"746F2C",65
"746179",65
"6D6972",65
"69204D",64
"2C204D",64
"3B2067",64
"207A69",64
"6161E2",64
"6F6C77",64
"6C776F",64
"676F37",64
"63656E",64
"77613B",64
"50696C",64
"6E2047",64
"777577",63
"752070",63
"6C6520",63
"706979",63
"646F2E",63
"656566",62
"753B20",62
"6B7577",62
"616E78",62
"6F376F",62
"746F70",62
"6B6F2E",62
"3B2059",61
"716920",61
"6F6269",61
"78756D",61
"3B2064",61
"696E37",61
"426172",61
"6F6F70",61
"647520",61
"676775",61
"736B6B",60
"616C6F",60
"6A6A69",60
"20636F",60
"516565",60
"6E2041",60
"7A6979",59
"613769",59
"206166",59
"6D6F72",59
"736962",59
"204E75",59
"726E6E",59
"73753B",58
"686973",58
"6F2070",58
"536137",58
"736164",58
"6F726B",58
"646963",58
"6B653B",58
"697165",58
"6B616C",57
"3B206D",57
"6F692C",57
"9C5348",57
"71656E",57
"636969",57
"6F733B",57
"656E63",57
"676178",57
"61376F",57
"796920",56
"204B61",56
"626171",56
"656465",56
"617A75",56
"6F7165",56
"53616C",55
"3F2041",55
"756767",55
"2E2042",55
"74652C",55
"67756A",55
"2C2063",55
"656261",55
"6D6564",55
"746F69",54
"6F6767",54
"6C612E",54
"20416D",53
"65204B",53
"796F70",53
"67616D",53
"6E207A",53
"9C5961",53
"657327",53
"666964",53
"686974",53
"697274",53
"506161",52
"376175",52
"786520",52
"757567",52
"696765",52
"626F72",52
"4F6F6E",52
"6C6164",52
"6F6C6F",51
"636973",51
"72612C",51
"626F63",51
"61686F",51
"6F3775",51
"446172",51
"636179",51
"726F6E",51
"6C6167",51
"636574",51
"74756B",51
"676175",51
"677572",51
"746F74",51
"617275",50
"69696D",50
"207169",50
"656563",50
"61613F",50
"6B6520",50
"62626F",50
"716F20",50
"786574",49
"6E6F20",49
"6F796F",49
"636172",49
"726363",49
"676F6C",49
"6F6967",49
"809C45",49
"6C6970",49
"656B61",49
"206C69",49
"726962",49
"6B696E",49
"613775",49
"4B6177",48
"2C207A",48
"426969",48
"20274E",48
"79696E",48
"206170",48
"616469",48
"736173",48
"6E204B",48
"2E204B",47
"809C44",47
"9C4169",47
"66616C",47
"756A6A",47
"7A7A69",47
"6B6974",47
"457269",47
"426120",47
"796537",47
"6E6170",47
"486169",47
"6F6D65",47
"697378",47
"61736F",46
"4D6161",46
"69736B",46
"617068",46
"657861",46
"757861",46
"62616B",46
"747564",46
"616365",46
"62756C",46
"72696B",46
"656461",45
"2C2049",45
"9C5361",45
"497369",45
"687520",45
"676F70",45
"6E6173",45
"737570",45
"206375",45
"206963",45
"696B61",45
"657161",45
"4F6963",44
"6F7271",44
"6F6D37",44
"3F204E",44
"6F6F3F",44
"697327",44
"6B65E2",44
"707564",44
"3F2054",44
"204120",44
"376574",44
"652042",43
"696C6F",43
"6F2059",43
"616475",43
"6D6D75",43
"637577",43
"616875",43
"746F6B",43
"6121E2",43
"6C696B",43
"426161",42
"6C613B",42
"536565",42
"726175",42
"706565",42
"6F2063",42
"3F2057",42
"486967",42
"6C6163",42
"776120",42
"6D6F69",42
"526F6F",42
"2C2042",41
"696D75",41
"676F74",41
"9C4973",41
"492068",41
"647567",41
"6F7275",41
"736F6D",41
"6F6F63",41
"696661",41
"202748",41
"204269",41
"736973",41
"6F207A",41
"486137",41
"70616E",41
"616369",41
"796173",41
"6A6A75",41
"446F72",41
"656570",40
"205A61",40
"416D69",40
"3B2041",40
"20536F",40
"6F6D6F",40
"666120",40
"70612E",40
"205365",40
"534861",40
"69746F",40
"70613B",40
"636375",40
"6E616B",40
"646974",40
"6D656C",40
"656E65",40
"636F6F",40
"692051",40
"716F72",40
"6D6164",40
"666174",40
"61726E",40
"656564",39
"692049",39
"786920",39
"6461E2",39
"476962",39
"696278",39
"627878",39
"6173E2",39
"202747",39
"6F6865",39
"617A6F",39
"757869",39
"732067",39
"752041",39
"6B6169",39
"61666F",39
"6D616B",39
"747572",39
"69E280",39
"626172",39
"636365",39
"68616D",39
"6F3769",39
"6C6B6B",39
"626973",39
"6F2041",39
"205562",39
"652044",38
"61646F",38
"6D6F20",38
"706169",38
"9C4173",38
"697365",38
"4C6161",38
"6D6F6C",38
"666520",38
"716974",38
"3F2048",38
"2E2047",38
"20686F",38
"3F2049",38
"204565",38
"63616D",38
"656B65",38
"206168",38
"67696B",38
"6E6974",38
"20526F",37
"696979",37
"616B69",37
"205861",37
"6B612E",37
"612049",37
"62617A",37
"6B6973",37
"616465",37
"6F7878",37
"617564",37
"787562",37
"626574",37
"809C4C",37
"809C27",37
"706172",37
"3F2720",37
"6F6361",37
"706F2E",37
"6E6164",36
"6D613B",36
"73696C",36
"68612E",36
"3B206F",36
"206972",36
"9C4920",36
"716164",36
"736972",36
"6B6962",36
"726162",36
"716F6D",36
"646F6B",36
"416D6D",36
"612120",36
"20416E",36
"62696C",35
"656D61",35
"647575",35
"6D6962",35
"2C2044",35
"616C6B",35
"716F68",35
"207365",35
"756261",34
"696761",34
"809C4B",34
"752E20",34
"27476F",34
"652720",34
"716F6C",34
"205169",34
"6B6F6F",34
"757961",34
"6A6A61",34
"274861",34
"716520",34
"696E6A",34
"2E204F",34
"205165",34
"809C4D",34
"576F6E",34
"20516F",34
"6F7068",34
"20446F",34
"612044",33
"64616C",33
"746127",33
"2C2051",33
"71696E",33
"71696C",33
"206163",33
"274E65",33
"697475",33
"676F72",33
"726F6B",33
"70696E",33
"616A6A",33
"20756C",33
"45656C",33
"7A6169",33
"6B6F3B",33
"776F78",33
"757263",33
"63756B",33
"636164",33
"4B6969",33
"706861",33
"206F74",33
"696B65",33
"6B6175",32
"204172",32
"7A6972",32
"66696E",32
"666972",32
"9C4265",32
"757171",32
"646865",32
"3F2051",32
"696E71",32
"6969E2",32
"64656B",32
"9C4261",32
"776F63",32
"6F73E2",32
"6B696C",32
"492062",32
"2E204D",32
"746F72",32
"4D6172",32
"206F6D",31
"6C6262",31
"6C6175",31
"796164",31
"6F7979",31
"6F676F",31
"6F6E71",31
"7A616C",31
"809C50",31
"75207A",31
"627572",31
"696978",31
"2E2044",31
"58696D",31
"476972",31
"65204D",30
"202741",30
"796162",30
"68613B",30
"4E656E",30
"71696B",30
"3B2027",30
"786F6D",30
"79656B",30
"63616B",30
"376164",30
"617865",30
"6E6E6F",30
"696E6F",30
"6F6B69",30
"37692E",30
"692044",29
"756469",29
"656E6F",29
"456669",29
"6C6974",29
"6F6D70",29
"62656E",29
"67756E",29
"4C6F37",29
"626265",29
"656865",29
"536F68",29
"746562",29
"756675",29
"477575",29
"626F74",29
"666973",29
"53696C",29
