"206369",6980
"636920",6727
"65656E",6612
"20C3B1",6484
"656E20",6067
"206E61",5177
"206B6F",4354
"206E67",4286
"206D61",4252
"C3B175",3978
"206261",3895
"6C6565",3799
"206E65",3700
"746520",3656
"206469",3645
"6F6F6E",3635
"207761",3463
"B17520",3364
"616B20",3254
"20616B",3228
"6E7520",3150
"206D75",3019
"646920",2994
"207465",2983
"206C65",2980
"617920",2870
"6C6C61",2844
"75206E",2843
"207361",2822
"616179",2804
"6F6F6D",2798
"6D7520",2773
"6C6120",2770
"C3A06C",2756
"616D20",2715
"A06C6C",2714
"C3A965",2650
"206465",2518
"59C3A0",2505
"6D6120",2490
"6E6120",2490
"2059C3",2457
"61206E",2450
"617820",2447
"2C206E",2446
"6F6F20",2436
"206269",2433
"206461",2418
"6B6F20",2391
"206C61",2363
"6F6E20",2321
"69206E",2301
"616120",2297
"69206D",2263
"206AC3",2248
"616C20",2220
"612C20",2185
"6B6B20",2164
"2C2064",2125
"6C7520",2028
"752064",2007
"6F6F6C",2005
"207365",1993
"2062C3",1985
"61616E",1968
"612064",1947
"656573",1940
"2064C3",1939
"2079C3",1925
"656B6B",1918
"6E6769",1918
"692C20",1915
"626120",1892
"692064",1892
"736565",1862
"206E64",1812
"206120",1794
"75206D",1783
"6F6D20",1779
"2C206D",1764
"652C20",1759
"206275",1749
"6C6F6F",1749
"676565",1745
"6D6F6F",1742
"2C2062",1738
"207969",1733
"796520",1722
"6E6161",1722
"206E69",1720
"616E20",1705
"737520",1692
"6E6520",1681
"617965",1670
"20C2AB",1667
"69206C",1662
"61C3B1",1661
"207861",1655
"206361",1649
"206D6F",1632
"657375",1630
"596565",1618
"3A20C2",1615
"6E206E",1610
"206475",1590
"752062",1589
"692073",1585
"646178",1581
"207961",1580
"616172",1567
"776178",1566
"6E6461",1555
"636120",1531
"627520",1521
"656520",1520
"20626F",1506
"616D61",1495
"205965",1490
"2067C3",1479
"776161",1464
"6E6920",1458
"61206D",1451
"2C2074",1449
"6920C3",1442
"206D62",1439
"6E6765",1431
"207461",1431
"69206B",1430
"C3A06E",1422
"64696E",1419
"65206E",1413
"697220",1412
"676920",1392
"C3A970",1388
"A97070",1388
"6D2C20",1376
"707020",1351
"757920",1349
"6E2C20",1343
"61206C",1340
"206769",1338
"C3AB67",1328
"756C20",1317
"696E61",1316
"20646F",1314
"79C3A9",1305
"C3B169",1286
"6F6E75",1285
"206A61",1280
"617261",1275
"626161",1264
"617720",1260
"C3AB6D",1254
"206E75",1252
"206C69",1241
"692062",1240
"2EC2BB",1233
"75206B",1231
"697420",1228
"C3B161",1220
"A9656E",1218
"20616D",1216
"6E6761",1207
"646F6F",1199
"C3B1C3",1195
"626920",1186
"75206C",1180
"617220",1179
"61206B",1178
"20776F",1176
"6E2061",1171
"67C3AB",1169
"616C65",1157
"64C3AB",1153
"6B7520",1146
"612073",1137
"207375",1129
"AB6767",1122
"752074",1119
"206D69",1117
"6E6167",1115
"6C6161",1113
"61616C",1105
"617874",1103
"6E2064",1082
"20C3A0",1069
"206661",1064
"612062",1063
"75206A",1054
"726F6F",1049
"20746F",1041
"6D206E",1034
"6C6920",1032
"206B61",1032
"6E6E20",1031
"78616D",1031
"67616C",1030
"617420",1027
"65206B",1026
"7520C3",1025
"612074",1024
"206179",1020
"6AC3AB",1017
"676120",1012
"797520",1010
"6F7070",1010
"616720",998
"787465",998
"796920",996
"2C2077",991
"2C20C3",991
"65206C",989
"676972",989
"676720",982
"C3A967",981
"6F726F",979
"6D6161",978
"206761",965
"752077",962
"6E2063",959
"206A69",959
"206C75",957
"656E6E",954
"206A75",953
"752C20",952
"C3AB72",951
"6F7920",941
"206BC3",940
"B16920",940
"73616D",936
"206C6F",935
"69206A",934
"61206A",933
"652064",933
"20796F",933
"656C20",931
"6C6520",927
"62C3AB",922
"752073",921
"752059",920
"6C206E",915
"612061",907
"6120C3",906
"576161",906
"692079",906
"652063",893
"C3B36F",887
"652062",887
"4E6F6F",885
"64616C",884
"612063",881
"6D6920",877
"206B75",877
"692061",877
"747520",870
"67C3A9",868
"776F6F",867
"6D616E",855
"646566",851
"207975",846
"2073C3",834
"666120",833
"617265",830
"626F6F",823
"616E61",812
"6E6974",811
"616C69",806
"B16161",806
"692074",801
"65206D",794
"206CC3",792
"692077",791
"752063",790
"6E6565",790
"6E656B",789
"612079",786
"6AC3A0",783
"6E6420",781
"6C2C20",781
"742C20",780
"6F6C75",780
"612077",771
"C3AB6B",769
"AB6B6B",769
"64C3A9",768
"672C20",765
"207865",764
"742079",754
"6E2062",750
"612067",741
"2074C3",739
"206E6F",733
"206665",732
"206A6F",732
"616C61",731
"6D2062",731
"692059",729
"796F6F",727
"616174",726
"62C3A9",725
"6F6F79",723
"792077",719
"6B6161",716
"6A6161",714
"6B6B61",712
"726973",699
"C3B120",699
"792064",697
"657920",695
"2077C3",694
"792062",690
"65656C",685
"6E61C3",684
"746161",684
"796120",681
"6B6174",680
"692063",677
"647520",672
"722C20",671
"6E206B",671
"C3A064",671
"A06464",671
"C3B16F",670
"616D2C",667
"6E206D",667
"206974",667
"697920",666
"617861",663
"6E652C",661
"626172",659
"677520",658
"6F6B6B",657
"676973",655
"746178",655
"616E75",652
"697269",652
"426F72",651
"C3AB6E",651
"B16F6F",649
"2C2079",648
"6C612C",647
"C3A06B",645
"A06B6B",645
"62C3A0",642
"692067",641
"20736F",629
"646565",627
"652079",622
"736120",619
"4E6461",619
"6D2063",611
"696972",609
"616C64",609
"752079",609
"207475",608
"6C6469",608
"616D75",605
"756E75",605
"204B69",604
"426920",603
"696E64",603
"206B69",602
"AB6D20",602
"697374",600
"612066",600
"727520",599
"6D6179",598
"6B6920",597
"746920",594
"6F6C6F",594
"61616D",592
"6E653A",590
"616177",589
"6B2063",587
"20426F",586
"6F2C20",584
"656C6C",584
"C3AB77",584
"206B65",580
"617269",578
"616E74",576
"652073",573
"752067",571
"207261",570
"206DC3",570
"656572",569
"4B6972",567
"206D65",567
"752061",564
"6E3A20",564
"652061",561
"656D20",560
"626F6B",560
"6F6C20",559
"646469",557
"6CC3A9",556
"653A20",556
"6E616E",556
"6F206D",551
"6F206E",551
"206775",549
"2C206A",542
"B1C3AB",541
"206E6A",537
"6E6775",537
"692078",536
"6B616E",535
"616B61",532
"78616C",530
"726520",530
"6E20C3",529
"6F2063",525
"6E6F6F",519
"207965",518
"782C20",518
"79206A",517
"656620",514
"C3A06D",512
"612078",511
"6E2079",510
"72206E",509
"6D6261",509
"656E2C",501
"616E67",497
"6C206D",496
"616178",495
"2C2073",494
"206669",493
"696920",492
"6B6F3A",492
"79206E",490
"546520",489
"C3A074",488
"A07474",488
"6D626F",488
"6520C3",485
"616D2E",485
"617775",483
"6E206A",483
"6E2077",483
"207265",482
"6F3A20",479
"646161",477
"64656D",472
"757572",470
"697320",469
"73756E",469
"205961",467
"736161",466
"6B6F6F",466
"746F6F",464
"6B656E",464
"64756E",461
"6B2061",460
"6BC3AB",459
"676761",458
"6E6469",458
"A96767",456
"616220",455
"722061",455
"72616D",453
"6E206C",453
"78206E",451
"C3A067",450
"A06767",450
"756E64",449
"6C2063",448
"75C3B1",448
"722062",445
"6F2064",445
"A06E64",443
"61672C",442
"79692C",441
"6E6465",440
"672063",440
"6B20C3",439
"6C656B",438
"6C612E",438
"6B206D",436
"2C206C",435
"C3B165",435
"756C65",433
"777574",433
"2C206B",432
"6C206C",431
"73C3A0",430
"C3B367",428
"757275",428
"6B206E",428
"6E2073",428
"777520",428
"C3A96E",427
"6B6177",427
"652059",425
"2072C3",425
"752066",425
"792073",423
"742062",422
"772C20",420
"736178",420
"596177",419
"6B2062",419
"70702C",419
"656E69",418
"6C6962",417
"6B2073",416
"206265",414
"62692C",414
"20786F",414
"6B2079",413
"B17579",411
"757361",410
"776172",409
"702C20",409
"6B6B69",408
"692066",406
"647567",405
"6A6920",404
"61782C",403
"E2809C",403
"626969",403
"65652C",402
"AB7220",402
"74C3A0",401
"6B6B75",401
"6E616D",401
"B1C3A9",400
"A06E67",400
"6E7475",397
"6AC3B3",396
"6C2062",396
"207765",395
"6F2074",395
"61616A",395
"E2809D",395
"6B2C20",392
"C3A973",389
"792074",388
"676520",386
"616E2C",385
"6E7420",385
"20E280",385
"2C2061",384
"67206E",384
"6D2061",383
"207775",383
"6F7220",382
"C3A972",382
"7420C3",382
"726920",380
"626F70",380
"652077",379
"786565",378
"6B6F2C",378
"616661",376
"752078",376
"6D2064",376
"6F6D2C",375
"696265",375
"6C2061",374
"657220",374
"C3AB66",373
"656574",372
"72C3A9",372
"62696E",371
"62616C",370
"752072",370
"2066C3",370
"6D616C",369
"64616D",369
"6E6E69",368
"A06D6D",367
"657320",366
"726162",366
"74616D",365
"6B6B2C",365
"77616C",365
"756B6B",362
"666565",362
"69C3B1",362
"65206A",361
"6BC3A0",360
"676161",359
"757420",357
"656E74",357
"6C2073",357
"656E3A",357
"796161",356
"C2BB20",356
"6DC3A0",355
"6E6E61",355
"74616C",353
"726178",350
"6F6E74",348
"617361",347
"676765",347
"746579",346
"204261",345
"6D2059",345
"646475",345
"746565",344
"6A6969",343
"C3AB6C",343
"6E2074",343
"6A7562",342
"2E204E",342
"6D7579",341
"436920",340
"204D75",339
"696974",339
"2C2067",338
"6E2078",338
"736172",337
"A06E6E",337
"796565",336
"656E65",336
"792079",336
"3FC2BB",336
"72616C",335
"6B6F79",335
"656720",334
"B36F72",331
"737420",330
"747465",330
"6F6F67",329
"61616B",329
"6A7520",327
"732C20",326
"6F6E2C",326
"697461",326
"646172",326
"616E6E",325
"A96577",324
"6B6120",324
"79C3B3",323
"612E20",321
"3A20E2",321
"6A6F78",321
"79206C",321
"74206B",320
"62656E",320
"207769",320
"756464",319
"616C2C",319
"74206E",318
"646969",318
"6D206C",318
"657420",315
"736920",314
"6D206D",314
"792C20",313
"6C206B",312
"672062",312
"656578",311
"746F6E",310
"676F6F",309
"747461",309
"646967",309
"6F6C65",308
"77C3A9",307
"77756C",307
"73206E",306
"616B6B",305
"6C2064",304
"722063",303
"6B6F2E",303
"6D756C",303
"65C3B1",302
"79206D",302
"6A7572",301
"2C2063",301
"652067",301
"6F206A",300
"616D6F",299
"77206C",298
"746567",298
"A96567",297
"6E67C3",297
"6261C3",296
"73616C",294
"64756C",294
"AB7720",294
"652074",294
"6D656C",294
"70702E",293
"626520",293
"786172",293
"4D7520",292
"6F6F62",291
"786F6C",291
"6C2059",290
"72206D",289
"656B61",289
"B36765",288
"757220",287
"426161",287
"616E65",285
"205365",284
"2C2066",283
"6C6C20",283
"6D2079",283
"6E7579",283
"782063",282
"6F2062",281
"72656B",281
"61722C",280
"652078",280
"6C616C",279
"6F2061",279
"6E2067",279
"C3A979",278
"6967C3",278
"646420",277
"617320",277
"616A20",277
"6E612C",276
"616E3A",276
"67616E",276
"657474",276
"6F7820",275
"C39175",274
"4B6F6E",274
"612059",273
"6E7465",273
"6D6565",273
"58656C",272
"772063",272
"756D61",272
"78656C",271
"7920C3",270
"AB6E20",270
"756220",269
"752042",269
"642061",269
"66656B",269
"6E646F",268
"657275",267
"6D6167",266
"75204B",264
"6D20C3",264
"C2AB42",264
"205865",263
"917520",262
"6E6F70",261
"646520",260
"2C2059",259
"737575",259
"656C75",259
"6F6D75",259
"6D6269",258
"206173",258
"657261",257
"62612C",257
"756767",257
"726565",257
"782062",257
"2EE280",256
"657265",256
"66C3A0",256
"6D616D",255
"696C69",255
"6F6E65",254
"616C75",254
"206675",252
"616C6C",252
"67206D",251
"612072",251
"656E2E",251
"696767",251
"6C6179",251
"756D20",250
"722067",249
"205761",249
"6B6565",249
"657775",248
"78206D",248
"646177",248
"6D6275",247
"776920",247
"6B6B65",246
"652066",246
"6A6F74",246
"6A6967",245
"617461",244
"697365",244
"672061",244
"722064",243
"646F78",243
"747572",242
"786F6F",242
"6D6174",239
"6D2E20",238
"B36F6D",238
"646166",237
"626972",235
"657720",235
"6B206C",234
"77206E",234
"6B2064",234
"206EC3",234
"726120",233
"617969",233
"746F70",233
"742063",232
"796177",231
"446F6F",231
"A9676C",230
"67612C",230
"6F786F",230
"C3A070",229
"A07070",229
"792078",228
"616D65",228
"786161",228
"A97320",228
"61772C",228
"6E756E",228
"726161",227
"73616E",227
"727573",227
"722079",227
"6D206A",226
"77C3A0",226
"6F6261",225
"742061",225
"206A65",225
"666172",225
"6FC3B1",224
"6F6E6F",224
"757566",224
"6A6F6F",224
"707069",224
"656261",223
"616261",222
"617469",222
"205069",222
"6C6C75",221
"617475",221
"6F6D2E",221
"2C2078",221
"752053",219
"207369",219
"2E2042",218
"6F7420",218
"6C6969",217
"67692C",217
"6CC3AB",217
"73C3A9",217
"A96E6E",216
"6B6B2E",215
"656D2C",215
"6D6D20",214
"C3A071",214
"74C3AB",214
"656465",214
"696E67",214
"6C2079",214
"732062",214
"7361C3",214
"6D62C3",213
"617761",213
"65656D",213
"707061",213
"7572C3",213
"72C3B3",213
"6F2077",212
"427520",212
"692E20",212
"78206C",212
"657820",211
"796172",211
"74616E",210
"662C20",210
"7220C3",210
"73656C",208
"20446F",207
"6D612C",206
"204E6F",205
"C3A063",204
"A06363",204
"6F206B",204
"207469",204
"666920",204
"616E64",204
"696C20",203
"C2AB4E",203
"2E204D",202
"4D7573",201
"6E6A61",200
"69204B",200
"6AC3A9",200
"786177",200
"20C3AB",199
"6B206A",199
"2E2057",199
"47616E",199
"616C6F",199
"6C6966",199
"6C6F78",198
"C2AB4B",198
"656769",198
"617275",197
"627575",196
"616E2E",196
"6B206B",196
"6F6720",195
"696977",195
"64656C",195
"726579",195
"756E20",195
"69742C",193
"692EC2",192
"796977",192
"6C752C",191
"697965",190
"62692E",190
"776565",189
"79612C",189
"506979",189
"4B7520",189
"C3B36E",189
"B36E6E",189
"6F6E2E",188
"506F6F",188
"B36F62",187
"616761",187
"742064",187
"74206C",187
"C2AB59",186
"6E2066",186
"6F2067",186
"C3A079",186
"A07979",186
"656464",185
"697761",185
"656564",185
"6E2059",184
"796F6E",184
"6C652C",184
"677575",184
"20636F",183
"616C2E",183
"6E2E20",183
"20506F",183
"20C391",182
"6D2074",182
"6C2067",182
"792067",182
"74206D",182
"75204D",181
"73752C",181
"C3AB74",180
"204D62",180
"6B6F6E",180
"6565C3",179
"6E656E",179
"6E6E65",179
"6F206C",179
"626565",179
"6EC3A9",179
"B16565",178
"79206B",178
"77206D",178
"782064",178
"C2AB44",176
"6C206A",176
"A06E6B",176
"782061",176
"696B75",176
"792066",176
"6A6172",176
"6D206B",176
"732061",175
"6C656D",175
"67672C",175
"672059",175
"67206C",175
"66756B",174
"6F2079",174
"797969",174
"676C65",174
"756720",173
"626261",173
"B12061",172
"6CC3A0",172
"72C3AB",172
"747469",172
"64656B",172
"204D61",171
"6C61C3",171
"205465",171
"756262",171
"70206C",171
"C2AB4C",171
"726166",171
"A96572",170
"79692E",170
"6A616D",169
"626F72",169
"59C3A9",169
"70616D",169
"72652C",168
"6C6967",168
"A96579",168
"6F6F74",168
"205361",167
"79656E",167
"696661",166
"204E64",165
"6DC3AB",165
"AB6620",164
"646573",164
"616A61",164
"622C20",163
"722059",162
"6D6F6E",162
"742059",162
"6D7573",162
"667520",162
"6D2073",162
"6C616D",162
"613A20",162
"79C3AB",162
"64616A",162
"6767C3",162
"792063",161
"67C3B3",161
"772079",161
"636320",161
"617865",161
"6F2073",161
"AB6D2C",161
"746969",160
"612EC2",160
"656C61",160
"64616E",160
"697275",159
"6C20C3",159
"61792C",159
"79696C",158
"20616C",158
"6F6F72",158
"6F6D2D",158
"636F6F",157
"672079",157
"626269",157
"652069",157
"6D2077",157
"2078C3",156
"6C2074",156
"205975",155
"6B6B6F",155
"62616B",155
"2E2054",155
"64206D",155
"61782E",155
"786562",155
"692072",155
"786520",155
"4C7520",155
"6F6FC3",155
"612042",154
"72206C",154
"2063C3",154
"74756C",154
"617975",153
"AB7261",153
"596572",153
"A9656D",153
"693A20",153
"61742C",153
"6F6F2C",152
"61722E",151
"C2AB53",151
"AB6E75",151
"4D6F6F",151
"79C3A0",151
"722077",150
"B1C3B1",150
"67C3A0",150
"6A616C",150
"73742C",149
"656577",149
"4D6269",149
"696761",149
"722073",149
"726167",148
"736F6C",148
"782073",148
"66616E",148
"792061",147
"62756C",146
"6E2069",146
"C2AB4D",146
"69692C",146
"C3B362",145
"B36262",145
"6B2078",145
"672064",145
"702064",145
"B16979",145
"782079",145
"21C2BB",144
"205369",144
"AB72C3",144
"78206B",144
"62616E",144
"AB6C20",143
"A97261",143
"646579",142
"4C6F6F",142
"622079",142
"736179",142
"6B2059",142
"657469",142
"7269C3",142
"6C616E",141
"67206B",141
"B16574",141
"702061",140
"6C6177",140
"6E6F20",140
"656661",140
"66206C",139
"676775",138
"747575",138
"776F6E",138
"A96574",138
"20696E",138
"626F6E",138
"6C2077",138
"642C20",137
"62612E",137
"756C2C",137
"79616D",136
"6F6F6B",136
"656E61",136
"C3B12C",136
"6D75C3",136
"207065",135
"672073",135
"204973",134
"6E612E",134
"6D6D69",134
"676C75",134
"A96E6B",134
"697775",134
"613B20",133
"737261",133
"2E20C3",133
"6F6220",133
"66C3A9",133
"6F7975",133
"747564",132
"656C2C",132
"726574",132
"70206B",132
"6461C3",132
"662079",132
"6F2078",132
"6B696C",131
"657475",130
"652E20",130
"617875",130
"2E2044",129
"6F20C3",129
"B16120",129
"706920",129
"2DC3B1",129
"204461",128
"44696E",128
"736F6F",128
"67756C",128
"702063",128
"6E6B20",128
"6D2DC3",128
"752E20",127
"6F7265",127
"20666F",127
"636979",127
"626275",126
"204761",126
"73C3B3",126
"772064",126
"B12C20",126
"656665",125
"6D6C65",125
"64C3A0",125
"73656E",125
"6F6C2C",125
"65742C",125
"756B61",125
"74C3A9",125
"4D616E",124
"596178",124
"617879",124
"787961",124
"C3AB70",124
"AB7070",124
"2E204B",124
"6E616C",124
"C3A077",124
"A07777",124
"6C6CC3",124
"6E6720",124
"6E2072",123
"C58B20",123
"6F6C6C",123
"792059",123
"436120",122
"74616B",122
"72206A",122
"697475",122
"726761",122
"757375",121
"6E6A69",121
"656765",121
"6F7474",121
"C3A962",121
"537520",121
"66206E",121
"3AC2AB",120
"70206E",120
"6C6C6F",120
"742073",120
"6D2067",119
"6F2066",119
"6E6475",119
"AB6D2E",119
"AB772C",119
"4D6161",119
"757320",118
"6D692C",118
"757775",118
"74656B",117
"696C65",117
"6E6AC3",117
"809D20",117
"73C3AB",116
"53656C",116
"742077",116
"697469",116
"A96720",116
"206167",116
"207875",115
"6A206B",114
"466172",113
"757261",113
"616D2D",113
"6B616C",113
"6B2074",113
"627572",113
"69722C",113
"752069",113
"63C3A9",113
"696973",113
"656D61",113
"6F6275",113
"6F2E20",112
"692042",112
"72206B",112
"6C2E20",112
"6F6D61",112
"6E752C",112
"6B756C",112
"A96262",112
"796D61",111
"726179",111
"697720",111
"772062",111
"58616D",111
"A97375",111
"656566",111
"656D2E",110
"62206E",110
"4E6120",110
"6BC3A9",110
"617961",109
"6D2D78",109
"696720",109
"7820C3",109
"6E6E2C",109
"53616D",109
"6F7465",109
"756461",108
"2C2072",108
"676172",108
"6F6F77",108
"6C756D",108
"776574",108
"61772E",108
"676179",108
"6E756C",108
"66616C",108
"6D612E",107
"6D6173",107
"78206A",107
"646572",107
"61726B",107
"656220",107
"792072",107
"646179",107
"69732C",107
"73752E",106
"204275",106
"692049",106
"42756C",106
"696D6F",106
"6F7865",106
"747475",106
"6E6969",106
"67676F",106
"6A6162",105
"20676F",105
"732063",105
"742E20",105
"6D2EC2",105
"B1616D",105
"67612E",104
"666161",104
"756C6F",104
"B1C3A0",104
"6A692C",104
"616665",104
"622062",104
"73692C",104
"756363",103
"77C3B3",103
"666974",103
"A97920",103
"79612E",103
"204962",102
"642067",102
"AB6E64",102
"C3B12E",102
"617369",101
"497372",101
"672067",101
"666969",101
"6FC58B",101
"C3A96B",101
"A96B6B",101
"C3AB64",101
"C3AB6A",101
"A97220",101
"757574",100
"6D7563",100
"656E67",100
"782067",100
"6C652E",100
"204B61",100
"72652E",100
"62756E",100
"6C756C",100
"2D7361",100
"69693A",100
"496272",99
"61796D",99
"757573",99
"AB59C3",99
"6E676F",99
"A06D62",99
"732079",99
"AB6464",99
"757369",99
"6C6973",99
"4C6920",99
"204E61",98
"617765",98
"6D6520",98
"65722C",98
"58616E",98
"6F6F2E",97
"6C2D6C",97
"2D6C65",97
"206765",97
"61612C",97
"756E74",97
"65792C",97
"756C2E",97
"C3B12D",97
"B12D73",97
"616A75",97
"666972",97
"627261",96
"6F6D69",96
"204661",96
"6D6979",96
"72612E",96
"6E7461",96
"787520",96
"65652E",96
"206162",96
"757267",96
"6F6E61",96
"2E204C",95
"6B7579",95
"693B20",95
"204269",94
"3B206E",94
"2D7861",94
"6B2077",94
"72612C",94
"6E6A75",94
"61726F",94
"616773",94
"657961",93
"6B616D",93
"657461",93
"72756D",93
"6F6C2E",93
"2E2059",93
"6C696C",93
"AB4275",93
"622077",93
"652072",93
"B1206E",93
"6A6565",93
"6A6120",92
"6F2059",92
"6D2078",92
"756D62",92
"6BC3B3",92
"597564",91
"6E642C",91
"676769",91
"6475C3",91
"6C696B",91
"722074",91
"65662C",91
"742074",91
"696B6B",91
"72616E",91
"736F78",90
"707065",90
"666F6F",90
"6D756A",90
"6E6174",90
"67692E",90
"61732C",89
"722E20",89
"67616D",89
"204B6F",89
"AB4B69",89
"666574",89
"6720C3",89
"74652C",89
"67672D",89
"696C61",89
"6F7775",88
"6D2066",88
"6E64C3",88
"C39169",88
"6D69C3",88
"A07120",88
"6D2072",88
"6C6C69",88
"756620",88
"67756E",88
"6E3B20",87
"3B2074",87
"74206A",87
"65742E",87
"6B2066",87
"6D6574",87
"666173",87
"612069",87
"737572",87
"20596F",86
"676969",86
"6D6220",86
"207562",86
"627562",86
"6DC3A9",86
"6B6969",86
"787475",86
"4CC3A9",86
"746572",86
"A96761",86
"6F7475",86
"696B6F",86
"616173",85
"69204D",85
"6E742C",85
"20416A",85
"416A69",85
"702073",85
"642063",85
"616D6C",85
"61742E",85
"77616D",84
"6B6572",84
"47616C",84
"656C65",84
"616E6F",84
"53696D",84
"46656B",84
"64696C",84
"206177",84
"6F666C",84
"69726E",84
"726E64",84
"73742E",84
"446161",83
"6C6579",83
"6F6775",83
"66612C",83
"6C2078",83
"6F722C",83
"3B206D",83
"416D20",83
"6B2067",83
"6F786C",83
"64206E",83
"716172",83
"73756C",83
"AB7265",83
"622063",82
"61786F",82
"C2AB57",82
"AB4D61",82
"757469",82
"786173",82
"646120",81
"6D3B20",81
"757578",81
"726B65",81
"776520",81
"AB426F",81
"6C6C2C",81
"672074",81
"78756C",81
"696765",81
"736166",80
"6A7564",80
"77C3AB",80
"6E2EC2",80
"6F782C",80
"797461",80
"6E6B61",80
"796F72",80
"697361",80
"636365",80
"617365",79
"692053",79
"C3AB63",79
"AB6363",79
"657865",79
"AB4C75",79
"67756D",79
"6E6F66",79
"666C61",79
"AB67C3",79
"206174",78
"6A6567",78
"772073",78
"662063",78
"AB6720",78
"74756E",78
"776120",78
"6D6F79",78
"616A65",78
"736F6E",77
"6F7761",77
"64646F",77
"786577",77
"6D756B",77
"207869",77
"617161",77
"205861",77
"616166",77
"B1656E",77
"61736F",76
"3F204E",76
"20416C",76
"6D6572",76
"74752C",76
"646F6A",76
"2E2043",76
"786969",76
"636967",76
"6D6FC5",76
"6C6577",76
"44C3A9",76
"AB5361",76
"736564",76
"752050",76
"6E7469",76
"622064",75
"696220",75
"64652C",75
"426F6F",75
"C3A96D",75
"657974",75
"4E6974",75
"616469",75
"3B206B",75
"C3A964",75
"A96464",75
"6D6D65",75
"B12063",75
"64C3B3",75
"657361",75
"652050",75
"AB6D75",75
"616461",74
"722EC2",74
"809DC2",74
"9DC2BB",74
"6C2EC2",74
"2CE280",74
"536579",74
"6E613A",74
"782059",74
"B1692C",74
"6F6F66",74
"B1616C",74
"78756D",74
"756761",74
"AB6C65",74
"757761",74
"616E71",73
"6B2053",73
"757462",73
"746261",73
"6F7965",73
"C3A062",73
"A06262",73
"736574",73
"66616A",73
"736F70",73
"752041",72
"612041",72
"AB6D62",72
"677564",72
"646578",72
"796969",72
"AB5761",72
"AB6C6C",72
"64696B",72
"772061",72
"78616E",72
"626179",72
"6F7861",72
"757465",72
"67206A",71
"666579",71
"656D65",71
"782074",71
"7020C3",71
"75622C",71
"204369",71
"67656E",71
"742067",71
"697961",70
"6B752C",70
"6F2EC2",70
"B1206C",70
"772074",70
"616167",70
"79656C",70
"756E67",70
"64656E",70
"4E616B",70
"666520",69
"6C6979",69
"746120",69
"73206D",69
"6C2066",69
"62206D",69
"6E6171",69
"67672E",69
"6A616E",69
"AB4E64",69
"426120",68
"6D692E",68
"6F6464",68
"6D6969",68
"6F6B75",68
"786C61",68
"A9656A",68
"62206A",68
"726567",68
"69746E",68
"746E61",68
"66206B",68
"2E2053",68
"4B6920",68
"776572",68
"50696C",68
"79656D",67
"787574",67
"C2AB43",67
"6D2069",67
"61C58B",67
"6F6A20",67
"69692E",67
"6F6661",67
"746173",67
"626173",67
"6969C3",67
"6C7573",67
"75722C",67
"205469",67
"6B6BC3",66
"C2AB41",66
"916920",66
"776564",66
"65792E",66
"617474",66
"C2AB58",66
"4D626F",65
"656767",65
"62206C",65
"697261",65
"616C6B",65
"C3A971",65
"647577",65
"6B6520",65
"20416D",64
"616620",64
"6E6172",64
"692058",64
"692070",64
"6F6F6A",64
"AB7420",64
"3B20C3",64
"C39161",64
"207275",64
"666179",64
"AB6D6D",64
"756E6E",64
"616775",64
"757975",64
"746172",64
"6B6173",63
"646465",63
"70206D",63
"65656B",63
"706565",63
"656761",63
"756E65",63
"4B696C",63
"78C3AB",63
"6F6C61",63
"2C7465",63
"693FC2",63
"C3B36C",63
"B36C6C",63
"77692C",63
"3B2064",63
"696D62",63
"736F72",62
"672066",62
"2E2041",62
"426172",62
"756A6A",62
"6D6F72",62
"726C75",62
"646461",62
"536565",62
"697375",62
"626174",62
"652EC2",62
"626579",62
"662061",62
"2D62C3",62
"752044",61
"777564",61
"4D6172",61
"617279",61
"727961",61
"AB5961",61
"622073",61
"73692E",61
"6F6265",61
"2D6675",61
"69742E",61
"786920",61
"657975",61
"576178",61
"772E20",61
"69696E",61
"65732C",61
"70692C",61
"C3A0C3",61
"A0C3B1",61
"64756D",61
"C2AB4A",60
"2CC2BB",60
"6C6D61",60
"697465",60
"75662C",60
"676F72",60
"702E20",60
"656E63",60
"6A2C20",60
"677369",60
"653B20",59
"204572",59
"796562",59
"6F6E6E",59
"C2AB54",59
"756261",59
"6A2067",59
"617869",59
"74652E",59
"796B61",59
"73206B",59
"706F6F",59
"6A756E",59
"206161",59
"747420",59
"652042",59
"416D6F",58
"6D656E",58
"C2ABC3",58
"A96D6D",58
"77756D",58
"74692C",58
"69732E",58
"6C7579",58
"6A6167",58
"646F67",57
"786C65",57
"416C6D",57
"632063",57
"772067",57
"20416E",57
"AB6A20",57
"3B2062",57
"73206C",57
"204D6F",57
"6E6320",57
"646567",57
"67752C",57
"74756B",57
"70706F",57
"6D6973",57
"45726F",56
"6A206C",56
"657875",56
"6D65C3",56
"66656E",56
"656C2E",56
"77772E",56
"702074",56
"4B656E",56
"736B61",56
"657761",56
"776969",56
"636520",56
"64696D",56
"206920",55
"78C3A0",55
"626220",55
"B1752C",55
"204B75",55
"72752C",55
"AB4369",55
"6E6574",55
"726177",55
"AB5861",55
"6F6761",55
"77616E",55
"C3A072",55
"6B2069",54
"6E742E",54
"6F6B20",54
"752EC2",54
"44656D",54
"6E6178",54
"4E616E",54
"722066",54
"204665",54
"61726C",54
"7775C3",54
"692069",54
"696E20",54
"657269",54
"6E642E",54
"6E2042",53
"204265",53
"AB722C",53
"796579",53
"626178",53
"616D3F",53
"65796A",53
"796A6F",53
"6F722E",53
"727562",53
"616164",53
"672077",53
"65662E",53
"A97965",53
"616D3B",52
"596F77",52
"65722E",52
"77612C",52
"722078",52
"65796F",52
"BB204E",52
"6F2072",52
"536161",52
"42C3A9",52
"617465",52
"662073",52
"732E20",52
"6F7974",52
"64642C",52
"3B2077",52
"B12062",52
"6F6A75",52
"6B692E",52
"782E20",52
"6E6979",52
"616D6D",52
"AB6D61",52
"B36F6C",52
"736520",51
"726F64",51
"65782E",51
"63C3AB",51
"809C44",51
"809C42",51
"6C613B",51
"6C6B61",51
"79616C",51
"A97265",51
"746F6C",51
"BB204D",51
"732064",51
"B36F74",51
"756E2C",51
"632C20",50
"61786C",50
"B3672C",50
"797575",50
"4E756E",50
"6E6E2E",50
"64692C",50
"C3AB62",50
"657465",50
"6C692C",50
"736F73",50
"707075",50
"6C756B",50
"6B2042",50
"746F72",50
"726F78",50
"A96562",50
"204669",50
"67652C",50
"776F74",50
"61676C",50
"6D6172",49
"3AE280",49
"726E61",49
"2E2046",49
"736969",49
"797475",49
"53616E",49
"20726F",49
"616162",49
"666F6E",49
"75742C",49
"756661",48
"722072",48
"B1752E",48
"ABC391",48
"2C2053",48
"616E69",48
"65732E",48
"712C20",48
"662062",48
"61792E",48
"6B6974",48
"BB20C3",48
"6C752E",48
"726974",48
"6B2E20",48
"697769",48
"757875",48
"61732E",48
"204469",48
"4C6969",47
"6B6979",47
"597575",47
"737566",47
"65746C",47
"A9792C",47
"752047",47
"6E6177",47
"656A20",47
"6D6D2C",47
"6E6179",47
"65782C",47
"6A206E",47
"63632E",47
"79752C",47
