"206B75",24789
"6E6920",22679
"61206B",21003
"206E67",20808
"616261",20585
"6E6761",19971
"6C6120",19722
"626120",19145
"692C20",18350
"612C20",18126
"616B68",17384
"6B7562",17351
"207761",17319
"617468",17048
"6E6120",17018
"746869",16788
"206261",16023
"612075",15741
"756B75",15719
"756261",15647
"61206E",15623
"2C206E",15391
"652C20",15304
"616D61",14979
"656C65",14850
"6F2C20",14581
"656E69",14152
"206E61",13651
"6F6B75",13473
"6E6765",13329
"656C61",12749
"20756B",12725
"6B686F",12233
"206B77",12181
"6B6520",12128
"6C6520",12075
"6E676F",12041
"6B7761",11779
"656C69",11702
"616E67",11695
"616E61",11237
"6E6469",11150
"69206B",11136
"612065",11007
"65206E",10713
"696E69",10695
"77656E",10329
"616E69",10141
"616B61",9883
"696E67",9664
"2C2020",9637
"612069",9545
"746865",9494
"206162",9175
"6C656C",9095
"796120",9055
"616E64",9015
"686920",8990
"6E7961",8976
"652075",8712
"686C61",8608
"2C2075",8599
"746861",8375
"6C6F20",8371
"796F20",8249
"65206B",8157
"62616E",8094
"697468",8042
"206E64",8004
"6B6865",7972
"207961",7965
"612061",7941
"6E646C",7889
"652069",7832
"20756D",7807
"706861",7722
"676F6B",7713
"696C65",7701
"69206E",7643
"657A69",7625
"6F6E6B",7597
"697365",7504
"61796F",7410
"596568",7312
"6B756D",7235
"65686F",7189
"697361",7170
"756E67",7133
"612062",7133
"6E6B65",7100
"6B6120",7096
"206E6F",6988
"77616B",6970
"79616E",6959
"686F20",6955
"6F7661",6884
"686F76",6873
"20656E",6867
"686520",6866
"616D62",6818
"657468",6818
"62616B",6808
"652065",6766
"7A6920",6762
"656E67",6743
"756C75",6726
"657369",6724
"616C61",6703
"757468",6595
"20696E",6560
"206B61",6508
"61626F",6474
"20657A",6474
"617A69",6465
"20616D",6314
"776120",6307
"6B7765",6262
"6C7761",6218
"696E74",6186
"6E6775",6136
"617068",6121
"7A696E",6044
"206E65",5977
"626F6E",5973
"6B756E",5923
"6F2075",5891
"697961",5883
"617365",5875
"206B65",5764
"6F6E61",5741
"67656E",5712
"6F206E",5710
"796520",5701
"656E7A",5688
"6E6461",5673
"6F2065",5595
"736120",5566
"65796F",5563
"6C6920",5533
"6D6269",5512
"776162",5508
"656E64",5477
"697369",5430
"652061",5429
"617965",5424
"68692C",5418
"6C616E",5396
"68616E",5382
"696C69",5382
"6B616E",5346
"2C2077",5343
"2C2061",5296
"697A69",5254
"756D6B",5250
"692065",5227
"7A6120",5215
"68756D",5183
"706865",5155
"755965",5125
"612079",5105
"746875",5063
"686120",5063
"20656D",5059
"752C20",5058
"6B6F20",5054
"776520",5052
"616C69",5027
"6E746F",5018
"612077",4980
"692075",4944
"696E64",4932
"6E7A69",4921
"6F206B",4887
"62656E",4885
"616B75",4865
"6E692C",4864
"77616E",4846
"656E74",4825
"616C6F",4790
"6F2077",4775
"766120",4751
"207559",4738
"616265",4721
"626174",4682
"616C65",4675
"2C2062",4671
"69786F",4658
"6B6875",4651
"68616D",4631
"626162",4568
"686978",4557
"6C6973",4537
"61206C",4534
"68756C",4518
"756C61",4517
"206265",4501
"626F20",4484
"207A61",4467
"617969",4462
"692079",4437
"20796F",4421
"77616D",4408
"6F6B6F",4402
"747368",4389
"616E74",4378
"626920",4344
"207068",4337
"7A6520",4336
"79616B",4332
"686574",4315
"207765",4307
"692062",4303
"79656C",4279
"6D6B61",4240
"207965",4215
"626520",4212
"69206C",4208
"206C61",4194
"6C6579",4179
"692077",4167
"696B61",4162
"546869",4157
"206E69",4138
"656D69",4102
"2C2065",4076
"206573",4051
"20756E",4038
"73656C",4017
"6D6120",4009
"62696E",3999
"6D616E",3961
"6E7965",3959
"20656C",3918
"6F207A",3892
"796F2C",3885
"656C6F",3874
"656E61",3842
"68656C",3841
"6C7765",3808
"646120",3804
"616E65",3800
"206C69",3792
"692061",3790
"6B7579",3768
"6E616E",3768
"696D69",3755
"69686C",3748
"207369",3747
"206B6F",3744
"207A69",3744
"6E6A65",3737
"756D61",3728
"6E616D",3723
"73696E",3701
"646C65",3683
"6B7574",3661
"61776F",3651
"6C7520",3648
"67616D",3636
"207562",3630
"206C6F",3617
"756E79",3596
"6E746C",3582
"613B20",3567
"6B756B",3567
"6E7475",3567
"20616B",3539
"646C61",3535
"6F6E79",3534
"756275",3491
"776179",3491
"776F20",3490
"6C656E",3488
"77656C",3446
"676120",3432
"6B656C",3428
"6F2079",3415
"6E6520",3408
"696E61",3373
"756B61",3334
"6F3B20",3333
"6C696E",3324
"6F2069",3313
"6C697A",3289
"6D2C20",3281
"6F2061",3280
"6C616C",3277
"6B756C",3270
"757965",3270
"696B68",3260
"61206F",3239
"6E696E",3231
"20696D",3227
"6C756E",3213
"20206E",3206
"656C77",3197
"686F6E",3196
"706875",3190
"206973",3188
"61686C",3185
"6E612C",3174
"20626F",3160
"736974",3141
"776174",3139
"61207A",3133
"67656C",3133
"68616B",3131
"75206B",3128
"68652C",3127
"6D6261",3126
"207361",3105
"79656E",3093
"75626F",3093
"736861",3088
"6A656E",3075
"756C65",3070
"616B77",3070
"73616E",3058
"79616D",3038
"207A6F",3035
"696E79",3029
"786F20",3023
"653B20",3015
"20697A",2980
"746F20",2980
"6E6465",2976
"736920",2974
"6D6973",2969
"6B757A",2966
"656E78",2958
"68656E",2949
"7A7765",2949
"697A77",2949
"6E656E",2918
"206969",2894
"69696E",2876
"726179",2866
"617961",2865
"616D20",2860
"20616E",2855
"65656E",2854
"736520",2853
"20776F",2850
"693B20",2847
"2C206B",2846
"757068",2823
"6F2062",2805
"69736F",2804
"786120",2789
"6C612C",2769
"6F7369",2765
"64696E",2755
"6E7473",2753
"756B68",2738
"757961",2733
"616269",2730
"6E7A61",2724
"62756C",2719
"756D69",2718
"617A61",2713
"6E6769",2711
"6C692C",2706
"6E696B",2701
"652062",2694
"62616D",2690
"697261",2679
"2C2069",2676
"747520",2675
"6F206C",2666
"6C652C",2638
"696265",2634
"617775",2634
"6D6920",2620
"73696B",2615
"536972",2611
"617369",2609
"696B65",2608
"686162",2607
"612073",2606
"3B206E",2605
"206D61",2599
"6F6275",2587
"7A616C",2583
"697068",2582
"65206C",2579
"676162",2564
"6E616B",2562
"736875",2551
"62616C",2540
"6B6159",2524
"617761",2520
"7A656C",2513
"736F20",2488
"656B61",2485
"206F6B",2476
"615369",2470
"6E6162",2448
"646520",2445
"206E6A",2443
"79696E",2434
"755468",2430
"6D696E",2428
"69207A",2424
"756D62",2403
"206C65",2396
"74686F",2383
"652079",2371
"757361",2370
"6C6F6B",2351
"652077",2344
"6C6162",2327
"6F6F6E",2315
"656E65",2312
"6E7861",2297
"657361",2293
"656265",2286
"7A6F6E",2285
"646979",2282
"6E6F6B",2273
"6D686C",2266
"657A61",2263
"6F6C6F",2258
"6E646F",2223
"2C204E",2223
"6F6E67",2214
"207579",2210
"6E6763",2206
"757A65",2194
"656B75",2193
"6B6861",2183
"656B69",2174
"6F6461",2165
"7A6F20",2157
"692069",2152
"6B7573",2134
"657A75",2129
"207A65",2127
"686F2C",2126
"796973",2122
"6E6973",2118
"77696E",2116
"616D2C",2112
"776173",2098
"626861",2092
"626869",2083
"646F64",2075
"692073",2069
"6D656C",2055
"656E75",2052
"75686C",2048
"696465",2030
"616268",2025
"697765",2020
"6C696C",2018
"756265",2015
"6C756C",2012
"696269",2012
"6C616D",2012
"757969",1988
"76612C",1983
"207554",1979
"77616C",1979
"615965",1978
"706869",1975
"65686C",1972
"6B7577",1966
"69796F",1960
"576174",1959
"646973",1955
"6D7468",1946
"6C656B",1944
"6F6E64",1941
"616B6F",1937
"7A7769",1937
"626F2C",1935
"657A65",1929
"67616E",1928
"756E69",1927
"6F206F",1916
"6D6B68",1910
"756C77",1897
"686C65",1894
"68616C",1891
"73756B",1890
"736962",1889
"6E7A65",1889
"77617A",1885
"79652C",1883
"796162",1882
"616275",1880
"3B2020",1878
"656B65",1874
"6D6173",1872
"616E79",1866
"796F6E",1858
"6D6265",1853
"6E7975",1852
"6E692E",1850
"207574",1850
"696261",1847
"20696C",1847
"6B652C",1835
"616C77",1829
"6F6B77",1826
"206F6E",1825
"697A61",1823
"656E79",1819
"69206F",1815
"68657A",1814
"68696E",1811
"6B616C",1810
"626179",1803
"646C75",1796
"65207A",1791
"646177",1789
"62656C",1779
"626865",1775
"7A616E",1767
"656D61",1766
"7A6973",1757
"796F6B",1755
"20656B",1752
"206562",1748
"756E64",1741
"776920",1737
"6C616B",1734
"7A6979",1729
"62617A",1724
"616D65",1722
"6D6E79",1721
"736573",1720
"756C69",1715
"6F776F",1714
"6F7969",1708
"736F6E",1707
"65206F",1704
"7A6962",1700
"4E6469",1696
"62656B",1695
"612070",1692
"696E65",1691
"686174",1687
"796F2E",1684
"676973",1680
"657368",1677
"6C6F2C",1677
"6F7761",1676
"756461",1674
"67616C",1666
"6F206D",1663
"4B6520",1656
"6D616B",1652
"756D65",1651
"207969",1650
"73656E",1646
"68696C",1646
"617368",1641
"677765",1638
"3B206B",1623
"66756E",1619
"6B6174",1616
"736865",1615
"73686F",1607
"747965",1599
"67756D",1598
"73696C",1592
"627579",1590
"747369",1588
"757369",1587
"7A696D",1583
"756D6E",1581
"6B6F73",1581
"746C61",1575
"6E6771",1567
"676F6D",1565
"6E6A61",1564
"616D69",1564
"206F6F",1564
"6F6D62",1560
"756C6F",1548
"6D617A",1544
"6D6275",1536
"616C75",1536
"6E6475",1535
"756D6C",1533
"6E2C20",1531
"6F2073",1531
"686F6C",1526
"626173",1525
"687520",1522
"7A7520",1519
"6C7769",1508
"2C2055",1506
"206C77",1502
"6B6F6D",1496
"676377",1490
"6B6153",1490
"7A616B",1485
"6D6174",1484
"6F6E69",1483
"6C696B",1483
"776573",1480
"616861",1476
"697377",1476
"6C6F77",1475
"6F7468",1471
"6F6261",1467
"677169",1467
"6F6D6E",1467
"6D6164",1460
"6B7564",1459
"736869",1459
"752062",1454
"656E6B",1451
"77756C",1450
"6F6D6F",1450
"6C6F6E",1449
"73616B",1448
"686973",1441
"207365",1440
"6F7365",1433
"656261",1428
"697969",1428
"696D62",1426
"6B7568",1424
"686C6F",1419
"6B7570",1418
"79612C",1418
"4E676F",1413
"7A692C",1412
"6D6E74",1411
"77652C",1410
"68652E",1409
"6F6E7A",1408
"657375",1401
"757365",1395
"6F6C69",1393
"66756D",1387
"6C6179",1383
"697761",1380
"6B696C",1374
"206275",1372
"73616C",1369
"2C206C",1369
"752061",1367
"7A656E",1367
"796920",1367
"6B7520",1362
"206D6E",1359
"617765",1357
"2C206F",1357
"752065",1356
"627573",1355
"3B2075",1355
"202075",1352
"757765",1350
"62756B",1346
"64756C",1346
"6D6C6F",1340
"676170",1322
"204E64",1310
"75206E",1304
"61646F",1300
"6E7465",1294
"7A756C",1292
"77612C",1285
"6B6179",1285
"7A696C",1284
"7A6974",1283
"6E6B6F",1283
"736973",1273
"68756E",1270
"757473",1269
"6E6179",1268
"206E74",1267
"617A6F",1266
"6D626F",1265
"652073",1262
"776579",1258
"6E6173",1255
"696C61",1254
"6E6565",1247
"6C6F6D",1246
"6C6F6F",1245
"736562",1237
"696268",1235
"206173",1234
"67616B",1229
"2C2079",1228
"63696E",1227
"2C2073",1224
"616465",1223
"597564",1223
"6C756B",1220
"6E7461",1218
"757A69",1218
"617669",1217
"77656D",1217
"73656D",1214
"206179",1212
"7A697A",1211
"6D7068",1211
"677562",1211
"6A616C",1209
"627562",1207
"6C612E",1205
"756E61",1205
"66696B",1203
"6F6F20",1201
"657265",1197
"697368",1196
"61206D",1194
"6E693B",1194
"6B7566",1189
"64656C",1188
"696B75",1185
"67617A",1185
"626166",1182
"756268",1179
"657A6F",1178
"79616C",1175
"6D7A69",1173
"616E7A",1170
"206962",1169
"68612C",1166
"4E6B6F",1166
"6E7520",1165
"656675",1164
"696D61",1163
"617361",1162
"612D41",1161
"696E6B",1160
"62756E",1154
"6E656C",1151
"637761",1147
"446176",1138
"766964",1138
"6C6979",1136
"6E6F6D",1130
"656268",1130
"697A65",1129
"616E6A",1129
"205761",1128
"686C77",1125
"6E657A",1125
"616675",1122
"6F7961",1120
"656D70",1115
"556B75",1114
"737765",1112
"687765",1109
"616469",1107
"206C75",1107
"696E71",1106
"6D6968",1104
"757A61",1104
"756D74",1099
"676173",1097
"752075",1096
"596572",1096
"6E656D",1090
"696E7A",1089
"6E6573",1089
"6B6973",1085
"697479",1085
"6B6154",1084
"596573",1078
"656E6A",1077
"637765",1076
"697965",1075
"6E7161",1073
"2C207A",1070
"657A77",1070
"646962",1070
"73656B",1070
"20736F",1070
"70686F",1064
"776177",1063
"6B612C",1061
"696B69",1061
"79756B",1061
"7A696B",1059
"6C752C",1059
"6C652E",1054
"737761",1053
"206F6D",1052
"202061",1052
"796F3B",1050
"615975",1049
"615468",1045
"626574",1045
"736179",1044
"6D6F20",1043
"686F73",1043
"204E67",1042
"756E65",1041
"7A6162",1041
"746C69",1040
"616669",1039
"617A65",1035
"206177",1035
"6B616D",1033
"6B7559",1029
"736162",1028
"4B7761",1025
"6E652C",1025
"206170",1024
"6F6C75",1023
"626573",1021
"747961",1015
"646920",1013
"6B7769",1011
"686F2E",1010
"6D656E",1008
"696C75",1007
"652070",1007
"2C2059",1004
"64616E",1004
"6C656D",1004
"69206D",1003
"696761",1002
"612E20",1000
"6D616C",996
"647761",993
"6D6162",993
"73692C",992
"617479",991
"756B65",991
"657275",990
"646974",989
"206B68",986
"676179",975
"206974",975
"652E20",973
"6E6B75",973
"6F7068",969
"776F2C",968
"6D6E61",968
"3B2077",967
"756269",967
"62696C",961
"656D62",961
"696275",960
"79696B",957
"626170",956
"3B2062",955
"73697A",955
"6B617A",946
"686C75",945
"776574",945
"75646C",944
"6B6F6B",940
"64612C",937
"4B7562",936
"6C692E",932
"626177",929
"676369",928
"656275",927
"6F6E20",927
"616461",924
"77657A",924
"697868",922
"6E6F62",921
"6D6F6E",919
"6B7571",917
"776F6E",916
"64696B",912
"7A616D",911
"206967",911
"753B20",908
"6E6979",907
"756D70",904
"757761",901
"697374",899
"6C657A",897
"746920",897
"656B68",895
"62612C",893
"64652C",891
"6B6F2C",890
"74752C",890
"71696E",890
"6E6B61",888
"64696C",888
"75796F",885
"2C206D",885
"3B2061",885
"76656C",882
"6D6568",881
"6D206E",881
"6F6E65",880
"657961",879
"6B6164",878
"616661",878
"776153",876
"62656D",875
"757368",873
"616D6E",873
"687761",871
"617A77",871
"6B6F6E",869
"786865",869
"6F2E20",868
"6D6661",867
"686179",867
"20757A",865
"6E612E",864
"68752C",864
"69626F",864
"64656E",863
"696C6F",863
"6C6962",862
"676F20",861
"20754D",860
"646C77",857
"202062",855
"7A6179",854
"786F2C",851
"754D6F",850
"76612E",849
"4D6F73",849
"204261",848
"6E7865",847
"71616C",844
"67696C",844
"626F2E",844
"79696D",843
"6E7477",843
"202077",842
"2C2041",835
"746877",835
"6F6E6F",833
"736979",829
"657068",828
"68656B",828
"686979",823
"752079",823
"73612C",822
"72652C",821
"6B7576",821
"727573",820
"6D697A",819
"6E752C",818
"617473",817
"657365",813
"697473",813
"696469",812
"746C6F",811
"7A656B",811
"6C6173",810
"206F6C",807
"676565",806
"616D2E",805
"74656E",805
"656861",804
"736978",802
"776F6B",800
"67656D",799
"6C6F2E",798
"73657A",797
"686566",796
"6C653B",796
"67612C",795
"6C6974",794
"656D65",794
"6F6E2C",794
"6B612D",792
"626F6D",788
"6C6177",786
"627574",786
"757461",786
"686F62",785
"697075",783
"617675",782
"666120",781
"66617A",780
"666574",779
"6D6C69",778
"61736F",778
"776562",776
"692E20",775
"6B616B",774
"726520",771
"676174",769
"64657A",766
"426865",765
"207553",764
"207541",762
"696675",760
"206F62",757
"6C613B",756
"206F77",756
"6F6C77",755
"206174",755
"796179",753
"596970",751
"726F6E",746
"707574",745
"6C6964",743
"426861",743
"6F6665",741
"756465",739
"656C75",738
"697665",738
"756B6F",736
"797761",735
"756D7A",735
"655965",735
"616E75",731
"6D3B20",731
"207573",731
"626168",729
"67657A",729
"20617A",728
"6B652E",728
"686173",728
"716F6E",727
"6E7175",727
"74692C",726
"6D6153",725
"62692C",724
"757375",723
"2E2057",723
"676573",721
"62657A",720
"686977",717
"6E613F",717
"7A6969",716
"776973",716
"646174",714
"726973",714
"6F6477",713
"75736F",712
"79652E",711
"754461",710
"6F6D69",708
"6E6777",708
"6D6675",707
"79617A",706
"62686F",705
"206559",705
"6D6E69",704
"6F626F",703
"796974",702
"796962",702
"65206D",700
"6D6167",699
"68653B",698
"6E6177",697
"20616C",697
"6F686C",696
"617265",696
"6C6977",693
"206574",691
"736F2C",688
"68756B",688
"757161",686
"656D76",686
"6D6974",685
"75596F",684
"202065",683
"6D7369",682
"736968",681
"6B7265",680
"64696D",680
"746F6D",679
"20756C",678
"646162",677
"6B6F62",674
"676F6C",673
"737520",673
"62697A",672
"6D6168",668
"776164",666
"6C756D",665
"776170",664
"6B6F6F",664
"73652C",664
"646F20",664
"70726F",664
"726F66",664
"654268",663
"6D6520",661
"726861",661
"2C2049",660
"66616E",659
"6E6170",658
"6D7661",658
"657465",656
"756B69",655
"676F62",655
"6D6E71",650
"696661",649
"6F6C65",649
"6D612C",647
"75207A",646
"6E6369",646
"69646C",646
"746162",645
"6C6966",645
"757479",644
"756E7A",643
"613F20",641
"6F6D6B",640
"6D7675",639
"746520",639
"756D73",637
"786573",636
"75776F",633
"65736F",631
"6F6D61",631
"676177",630
"206D69",628
"696D65",626
"61646C",624
"205965",624
"776565",622
"676F6E",621
"204B75",621
"6D6F79",620
"6C6976",618
"6E6F20",617
"776159",616
"796177",615
"6F6D68",614
"757A6F",613
"617269",612
"7A756B",611
"20206B",610
"617A75",607
"616B65",606
"717765",604
"6B6877",604
"686974",603
"2C204B",602
"717562",602
"2E2020",601
"726979",601
"6E6365",601
"6E696C",600
"6E6F6E",599
"687570",599
"786F6C",599
"736559",597
"696B77",596
"6E616C",596
"6B7567",595
"2C204D",594
"746F6E",594
"655969",594
"6B6920",593
"78656C",593
"3B2069",593
"416261",593
"207568",591
"206579",590
"73616D",590
"757675",589
"796173",587
"6F6D6C",587
"77652E",585
"6E6962",584
"6C7574",584
"657469",584
"4B7269",584
"6D2075",583
"656269",583
"737475",582
"6C693B",580
"4E6461",580
"6C617A",577
"596162",577
"75206C",577
"776F6D",577
"64617A",575
"796573",575
"207544",574
"636562",573
"7A6967",573
"6F2070",571
"796F6D",569
"73696D",569
"6F6268",567
"617469",566
"67756E",566
"7A6970",565
"656D68",564
"6E7969",564
"6E6377",563
"697168",562
"6D6C61",562
"686F3B",562
"76756D",562
"7A6968",562
"6D7061",559
"626973",559
"756661",558
"6D6159",558
"6D6177",557
"67656B",556
"697661",556
"694E6B",555
"6B752C",552
"206979",552
"776166",551
"6E6974",551
"616D3B",550
"616D6B",550
"796174",548
"596F73",548
"62757A",545
"6E6778",544
"6D6B65",544
"696E63",543
"752077",542
"692070",542
"616E20",542
"6D696C",539
"72656C",539
"4E6761",539
"6D7075",538
"6F6B61",535
"6F6265",535
"74616E",535
"71616D",534
"656B6F",533
"752069",532
"6E613B",527
"756D6F",527
"6F6269",526
"20694E",526
"6D6179",526
"656D66",526
"205969",525
"706168",525
"646F6E",523
"6E7977",523
"616E2C",522
"776168",521
"6B6162",520
"696B6F",519
"20556B",519
"736970",519
"736977",517
"756D66",517
"2E2055",516
"756E6A",516
"626F3B",516
"416268",515
"616E6F",513
"7A692E",512
"657969",512
"656761",512
"756D2C",510
"64697A",509
"6C6F3B",509
"776F2E",508
"756B77",503
"747761",503
"65626F",503
"68656D",502
"4E6765",501
"686177",501
"79657A",500
"20696B",499
"656469",499
"6F5965",499
"555965",498
"6E6174",497
"656E6F",497
"6C696D",497
"616D68",494
"6F6B68",494
"747968",493
"6F6D73",493
"757377",493
"732C20",491
"202069",490
"64692C",490
"576162",488
"7A657A",488
"75206F",487
"626875",485
"6C6573",484
"67716F",484
"736964",483
"616E63",482
"79656D",482
"77612E",478
"65676F",478
"755361",478
"696E6A",478
"206F79",478
"205961",477
"6C7573",477
"6A6520",477
"456C69",476
"736971",476
"416D61",474
"796F62",474
"6F7765",474
"6C6170",474
"716962",473
"687574",473
"677559",471
"6D7365",466
"6F7A61",464
"2C2042",462
"7A6F2C",461
"756675",461
"617375",460
"696B72",460
"6E6F6F",460
"7A6F6B",460
"59616B",459
"6B656E",458
"616E6B",458
"79696C",458
"4E6775",458
"616D6F",457
"6C6970",457
"6D696B",456
"7A617A",455
"696D70",454
"697675",454
"657473",454
"7A6977",450
"6C6562",449
"716861",448
"64756D",448
"616775",447
"6E6F59",445
"76613B",444
"6F7368",443
"686F6D",443
"796968",443
"7A612C",442
"207861",442
"61726F",442
"657669",442
"657320",442
"657479",441
"66696C",441
"6E656B",440
"6F6C61",440
"6F6F79",438
"57656E",436
"204D61",435
"536177",433
"416B75",432
"67756C",432
"64616B",431
"696E6F",430
"697A75",430
"617161",429
"656E71",427
"64652E",427
"206570",426
"74612C",426
"796562",426
"756D68",425
"557961",425
"754162",425
"737469",425
"656D6C",424
"4B616E",423
"20204E",423
"6E206E",422
"6D2065",422
"737573",420
"6D7A61",419
"6D7069",419
"756669",418
"756777",418
"627564",417
"656E63",417
"79656B",415
"4D616B",413
"6C6168",412
"614461",412
"627567",410
"6B7563",407
"767579",407
"6F7A69",406
"63616D",404
"6E716F",403
"3B2079",403
"2E2042",403
"79756C",402
"68752E",401
"7A693B",400
"6E617A",399
"626164",399
"6C6F73",399
"67786F",397
"206968",396
"6F7469",395
"2C2053",395
"747977",394
"20416B",393
"656D6B",392
"626577",391
"617461",391
"426179",390
"626167",390
"76756C",389
"657661",389
"6B692C",389
"72616D",389
"206568",388
"426174",388
"796579",388
"6B612E",387
"646179",387
"6B6144",386
"67756B",385
"696D66",383
"74726F",383
"756771",381
"616D74",378
"20496E",378
"68612E",378
"6F6D65",378
"656D2C",378
"466172",378
"657461",376
"6E752E",374
"786F2E",374
"656461",374
"626562",374
"68696D",373
"2E204B",372
"677579",372
"207468",372
"6B6F64",372
"41726F",371
"697375",370
"676520",370
"6B6F2E",369
"6E7177",368
"6E6F41",368
"4C6576",368
"6F6D74",367
"686F6B",367
"205369",367
"68692E",366
"79692C",366
"69696D",364
"204E61",364
"6B614D",363
"756D20",363
"6E697A",362
"736F6B",362
"736967",362
"6C752E",361
"757775",361
"6E652E",360
"687562",360
"65656D",359
"6C7562",358
"756861",358
"6B653B",357
"797765",356
"6F6D7A",356
"64616C",355
"786520",355
"716875",355
"6C6174",355
"77613B",354
"207545",354
"626F6B",354
"6C6F62",353
"616B69",353
"3B204E",353
"656D6E",352
"7A6964",352
"617268",352
"686572",351
"62696B",351
"79653B",351
"726875",351
"7A6971",350
"2E204E",350
"6E7469",349
"63616C",348
"205468",348
"767574",348
"616D73",347
"71756C",347
"686164",346
"616D6C",346
"204162",345
"656B77",345
"46696C",345
"6E7A6F",344
"754268",344
"71756D",343
"206567",343
"696763",343
"4D7573",343
"686C69",342
"536865",342
"736173",342
"716974",341
"686F7A",341
"796574",341
"646977",340
"6D2061",339
"716F70",339
"757661",339
"6D6B6F",339
"6D6178",338
"6D7665",338
"614C65",338
"617865",337
"77653B",337
"76756B",337
"614268",336
"746F2C",335
"697465",335
"63616E",335
"697865",335
"6D2069",335
"75786F",335
"676361",334
"74752E",334
"7A6F6D",333
"6A696B",332
"687573",332
"53616D",332
"776F62",331
"2C2057",331
"76656E",331
"7A7761",330
"686172",330
"777520",329
"654E6B",329
"78686F",329
"677161",328
"696861",328
"2C2078",328
"6F6861",328
"4F6F6E",327
"736542",327
"65732C",327
"657775",326
"766572",326
"73612E",324
"676F77",324
"576179",324
"417369",323
"616761",323
"6F7268",323
"697A6F",322
"6E6B77",321
"62612E",321
"626F62",320
"557468",320
"4D6F79",319
"6E2075",319
"2C204C",319
"73692E",319
"6B7261",319
"207564",318
"797573",318
"68617A",316
"6D6962",316
"6C6968",315
"786F6B",315
"697268",315
"73617A",314
"6F3F20",313
"207570",313
"6F6B69",313
"416272",313
"676F2C",313
"756475",313
"756E6F",312
"2D416D",312
"627261",312
"206970",311
"6B7554",311
"536F6C",311
"667574",310
"736547",310
"736966",309
"73652E",309
"746120",309
"617168",309
"756E63",309
"696D76",308
"747361",308
"6E6477",308
"677175",308
"6D6172",307
"716162",306
"20754E",306
"696361",306
"657965",305
"616771",305
"6D6979",305
"75456C",303
"687577",303
"4E7961",303
"59696E",302
"696771",301
"6B6F77",301
"204B65",301
"696669",300
"6D206B",300
"6D736F",300
"677861",299
"67612E",299
"79612E",298
"7A6173",298
"6B6979",298
"6F6F6B",297
"6E696D",296
"646C69",295
"667520",295
"696775",295
"576170",294
"205579",294
"2D4172",293
"497361",293
"736877",293
"62692E",292
"69676F",292
"677554",292
"686564",291
"696D6F",291
"3B2055",291
"62756D",290
"696C77",290
"68696B",290
"656D20",290
"736F2E",290
"757175",289
"3B2065",289
"693A20",289
"657472",289
"207577",287
"686168",287
"657261",287
"61596F",287
"6E7765",287
"6D612D",286
"776F3B",286
"77696D",286
"757665",286
"57617A",285
"206F73",285
"796164",285
"6E7761",285
"617072",285
"20556E",284
"2E2041",283
"207542",283
"646968",282
"207548",281
"614B61",281
"677573",281
"202055",280
"6F3A20",279
"206E79",279
"20556D",278
"6F6E74",278
"557A65",277
"7A6F2E",276
"656465",276
"6E6F53",276
"4B6861",276
"63696B",276
"616E71",274
"76616E",274
"616D70",273
"646C6F",273
"677577",272
"636920",272
"615361",272
"206D7A",271
"755961",271
"596F6E",270
"6B6F59",270
"614D6F",270
"2C2045",269
"586120",269
"686166",269
"206F74",269
"736566",269
"654769",268
"697169",267
"796979",267
"6C6F6C",266
"20416E",266
"42616E",266
"64616D",265
"626568",265
"73752C",265
"6B614B",265
"614669",265
"6C6967",264
"626171",264
"646164",262
"48616D",262
"6B7578",262
"70756D",261
"656D7A",261
"6E6F4D",260
"207550",260
"204E69",260
"616B72",260
"796869",260
"752E20",259
"617261",259
"6D6146",259
"62614C",259
"6F6D70",258
"557473",258
"6F7A6F",258
"752073",258
"656B72",257
"657865",257
"6B6148",257
"416D6F",257
"6F7264",257
"4B756E",257
"6B726F",256
"6F786F",256
"686568",256
"677520",255
"6D692C",255
"736541",255
"7A6976",255
"726168",253
"2C2054",253
"6B754D",252
"613A20",251
"6D6E63",251
"6D6170",250
"64656B",250
"68757A",250
"6B6F6C",250
"6D7072",250
"6B6142",250
"206563",248
"64612E",248
"627520",248
"416E64",247
"754B72",247
"3B206C",246
"6E2065",246
"6E6B71",246
"6F7265",246
"20754B",245
"656475",245
"6C6574",245
"6D612E",244
"69716F",244
"616665",244
"747769",244
"697977",244
"3B206D",244
"756B72",244
"756E71",243
"6E6567",243
"6E6574",243
"7A6966",243
"66616B",243
"657665",242
"686170",242
"426F6E",242
"626570",242
"71616E",242
"616777",242
"68613B",242
"6B613B",241
"7A757A",241
"74656C",241
"617868",241
"796F6C",241
"716120",241
"652074",241
"67613B",240
"696368",240
"20206F",240
"206964",240
"656775",240
"76696C",239
"68693B",239
"6B6F79",239
"71656C",239
"626176",239
"617665",238
"697269",238
"7A6565",238
"426177",238
"6E6A77",238
"646970",237
"202073",236
"636564",236
"68753B",236
"6C753B",235
"417261",235
"686F68",235
"756D6D",235
"786861",235
"205A69",235
"757168",234
"20686C",234
"647765",234
"6D2E20",233
"206542",233
"6D696D",233
"202079",232
"77756E",232
"6D6C65",232
"456672",232
"667261",232
"206565",232
"615961",232
"4E616E",232
"653F20",231
"6D2077",231
"646F6D",231
"6F7473",231
"67636F",231
"70696C",231
"73613B",230
"617175",230
"3F204E",230
"206168",230
"77696C",230
"6F7361",230
"79613B",230
"73693B",230
"697161",230
"2E2059",229
"5A6979",229
"20416D",228
"6E653B",228
"696777",228
"2C2070",227
"6D614B",227
"4B616C",227
"596F72",227
"716865",227
"6E7479",227
"6B6145",226
"456B75",225
"75206D",225
"6E6977",225
"6B6F3B",225
"696D20",225
"426162",225
"3B2073",225
"747969",225
"416861",225
"596F77",225
"676F72",224
"4D6E61",224
"736F6D",224
"615368",224
"417468",224
"796967",224
"696365",224
"616D66",223
"6E753B",223
"61676F",223
"616368",223
"74656D",223
"69696B",222
"6D7961",222
"6D6F2C",221
"747375",221
"205765",221
"205559",221
"3B206F",221
"63656C",221
"7A6F62",220
"747765",220
"736963",220
"736172",220
"627571",219
"204861",219
"6B614E",218
"77756D",218
"686F79",218
"2C2048",218
"716F6C",218
"6B697A",218
"C29220",218
"6E3B20",217
"676567",217
"747365",217
"636869",217
"696461",217
"207576",217
"204B77",216
"3B207A",216
"626579",216
"626163",216
"4D616E",216
"7A6177",215
"696D2C",215
"204E6B",215
"3B204B",215
"776176",214
"62693B",214
"62652C",214
"74696C",214
"75536F",214
"693F20",214
"6B7541",213
"6F5468",213
"204B68",213
"757A75",213
"696E78",213
"657765",213
"656D2E",213
"556275",213
"205574",212
"755369",212
"62613B",211
"726120",211
"6D7573",211
"6F6E2E",211
"726F73",211
"676F6F",210
"206D75",210
"4E646F",210
"6E796F",209
"416B61",209
"617769",208
"646966",208
"697265",208
"736168",207
"207567",207
"657269",206
"776171",206
"20206C",206
"777562",206
"7A6F6F",206
"6D6E67",206
"922075",206
"64653B",205
"756D76",205
"657761",205
"206F7A",205
"6F7675",205
"204C69",205
"7A6963",204
"796970",204
"676166",204
"20207A",203
"616361",203
"202041",203
"4D6F77",203
"716171",203
"697775",202
"696665",202
"686F74",202
"696D6E",202
"6D656D",202
"796977",202
"206576",201
"74692E",201
"627568",201
"6A652C",201
"3F2020",200
"653A20",200
"666F20",200
"6E2077",199
"74753B",199
"614D61",199
"4E696E",199
"686562",199
"42616D",199
"7A6172",199
"47696C",199
"766520",198
"796F6F",198
"726461",198
"636861",198
"6B657A",198
"204E6F",198
"726174",197
"736177",197
"204E65",197
"736F3B",197
"74616B",196
"656361",196
"66612C",196
"79694E",196
"72692C",195
"746F6C",195
"686573",195
"6C6978",195
"6C6565",194
"6F4D6F",194
