"206E67",7215
"6E6761",6049
"746869",5868
"616261",5316
"61206E",5045
"6F6B75",5027
"756C75",4966
"206B75",4896
"6B7562",4858
"756B75",4839
"6C6120",4733
"626120",4287
"617468",4162
"6B686F",4107
"206E61",4005
"61206B",3948
"20756B",3940
"6E6920",3906
"612075",3870
"6B756C",3749
"6E6120",3701
"612C20",3664
"686920",3626
"616B68",3605
"756261",3599
"207761",3526
"2C206E",3515
"706861",3395
"6E676F",3216
"656C61",3161
"6E6769",3137
"65206E",3120
"206261",2991
"6E6765",2961
"757468",2910
"6C6520",2855
"616E67",2801
"676F6B",2789
"692C20",2726
"776120",2718
"696E69",2684
"656E69",2657
"652C20",2613
"612065",2584
"6B7761",2584
"69206B",2580
"6B6875",2548
"206162",2498
"686120",2442
"206B77",2406
"686F20",2358
"616D61",2328
"612069",2292
"616B75",2272
"696C65",2248
"69206E",2244
"20E280",2224
"696E67",2212
"656C65",2207
"E2809C",2185
"616E69",2162
"697369",2158
"657A69",2132
"206E6F",2066
"6F2C20",2064
"6D6120",2057
"62616E",2057
"6C756E",2046
"6F6E61",2046
"756E67",2036
"657468",2031
"3A20E2",2019
"77656E",1978
"616E64",1957
"616B61",1956
"7A696E",1948
"68756C",1913
"20756D",1870
"746861",1868
"656E67",1847
"612061",1839
"6C7761",1811
"657068",1811
"657369",1798
"6B7574",1790
"652075",1773
"E2809D",1760
"796520",1758
"206B61",1748
"65206B",1745
"6B6520",1743
"6C7520",1720
"616C6F",1714
"746865",1711
"686C61",1703
"617068",1686
"697468",1669
"692075",1642
"617A69",1629
"626F6E",1616
"6B756E",1612
"616C61",1595
"776520",1595
"6C6F20",1586
"616E65",1583
"79616B",1557
"796F20",1555
"756D61",1553
"6E7965",1553
"6E6B75",1551
"68616E",1519
"697A69",1510
"6B6120",1496
"206E69",1495
"616D62",1494
"7A6920",1485
"6F206E",1481
"6E646C",1467
"697961",1465
"6B756B",1464
"6F6B68",1455
"6C656C",1445
"6E6B65",1441
"756B68",1439
"6B7765",1437
"696B68",1436
"693A20",1430
"6C6F6B",1416
"2C2075",1411
"706865",1411
"6F6E6B",1410
"697361",1409
"2EE280",1393
"756E6B",1384
"656C69",1381
"686F6E",1369
"20697A",1368
"4E6B75",1367
"20656E",1364
"752C20",1350
"2C206B",1349
"617965",1347
"616E61",1336
"776162",1334
"6B6865",1332
"7A6120",1330
"61206F",1321
"656E7A",1318
"207961",1306
"61796F",1301
"68693A",1279
"2C2077",1271
"746875",1265
"617365",1263
"6E696E",1262
"61206C",1250
"6B7579",1248
"652065",1237
"61626F",1236
"207369",1234
"692065",1219
"616265",1219
"736920",1218
"6E6775",1217
"756C61",1212
"612079",1211
"696E61",1209
"2C2062",1206
"612062",1205
"206F6B",1203
"67656E",1200
"6F7369",1197
"20657A",1183
"206265",1172
"206C6F",1167
"77616E",1165
"736120",1165
"776174",1155
"6E692C",1130
"652069",1121
"68656C",1118
"757068",1118
"7A6520",1110
"626520",1104
"6D616E",1095
"697365",1075
"656E61",1068
"62656E",1064
"6C616E",1058
"206C61",1057
"6B616E",1057
"206B6F",1056
"747520",1055
"626F20",1053
"686520",1047
"206E65",1043
"6E6520",1042
"73696E",1042
"696E64",1041
"20696E",1037
"65796F",1035
"68756D",1027
"6E6469",1023
"656B61",1021
"626162",1017
"616C65",1015
"6F206B",1014
"757965",1013
"206573",1000
"6C6920",999
"796120",997
"652061",988
"6E7475",983
"657375",977
"6B757A",970
"616C69",970
"656C77",965
"6D756E",964
"697068",958
"77616B",946
"756C65",933
"4A6573",931
"6F2065",930
"6B6861",929
"6E613F",929
"20656D",927
"75626F",923
"616D69",922
"6D6920",918
"66756E",913
"61686C",910
"69206C",910
"6D6269",909
"696B61",904
"67616C",903
"6E7961",898
"6D6261",898
"6E6461",893
"6B656C",890
"68616D",887
"67616B",887
"74686F",883
"616E79",881
"612077",879
"206973",875
"73696B",874
"692061",874
"75206E",874
"646C61",868
"207068",857
"6E6A65",854
"20616D",852
"617969",848
"6F2075",848
"207965",847
"62616B",845
"6E6F6B",845
"756B61",842
"676162",841
"796973",840
"4B6570",836
"6C7765",831
"706869",828
"726973",824
"207969",824
"6B6F73",820
"652062",818
"776F20",816
"696C69",816
"776179",814
"697A77",811
"676120",811
"6E6162",810
"2C2061",809
"687520",807
"6C6973",805
"692062",803
"6C6579",797
"6E616D",795
"626174",792
"6C612C",792
"6E616E",788
"75206B",785
"656E64",784
"692079",779
"77616D",773
"617A61",767
"696D69",761
"656B75",758
"67616D",755
"736520",751
"6B7573",751
"6B7570",750
"686C65",744
"6B6570",743
"647761",736
"737520",735
"646120",735
"752077",731
"6E616B",729
"656265",722
"697374",721
"79656E",720
"686F6C",717
"736F20",715
"752065",707
"6C616C",707
"69686C",699
"617369",698
"686174",691
"6F2061",690
"6E7A61",689
"6E6973",687
"206E6A",686
"6E7A69",686
"697765",679
"4E6B6F",678
"756E79",677
"4E676F",677
"7A7765",675
"68696C",675
"657365",674
"754E6B",674
"6C652C",673
"796F2C",672
"696E79",669
"206B69",665
"692069",663
"75686C",662
"6A656E",659
"6F6E67",658
"6C696E",653
"757961",652
"207765",650
"752075",644
"612073",642
"646C65",642
"756E64",642
"6E696B",642
"69736F",642
"757A65",641
"70686F",636
"756265",629
"6F6E69",628
"656C6F",628
"20616B",625
"62616D",624
"206B65",622
"69206F",621
"6F6C77",621
"756E74",615
"616E74",614
"696C61",612
"68616B",610
"626166",608
"6B614E",607
"7A7769",605
"7A616B",604
"706875",600
"614E6B",599
"6E6F6D",599
"206D61",597
"747368",595
"6F6461",590
"206C69",589
"207361",589
"207A61",588
"692073",584
"6F6477",584
"6F206F",582
"68656E",582
"6F6D75",581
"6E6A61",579
"617775",577
"7A696D",575
"646F64",573
"6C656E",572
"77656C",571
"20754A",569
"20626F",569
"617961",567
"626920",565
"62656B",565
"737475",564
"6F776F",562
"657A61",562
"207579",561
"207365",561
"756B65",560
"627573",560
"20616E",558
"6C756C",558
"65206C",555
"6C752C",553
"6E612C",552
"6F6B77",551
"657A75",550
"6D6265",547
"757369",546
"6B7520",545
"6C6162",543
"736562",542
"657361",540
"73756B",540
"6C656B",540
"4B7269",538
"79616D",538
"697377",538
"6F207A",536
"616269",534
"656D62",534
"6F2073",532
"6B617A",528
"757361",527
"809C4E",526
"79696E",524
"756D75",523
"67616E",521
"616275",519
"754A65",518
"656D69",515
"6D6275",514
"616D75",513
"65206F",513
"6E6475",513
"696C6F",512
"656B69",510
"646973",510
"4E6761",509
"207A69",508
"2C2069",507
"692077",507
"6B756D",507
"62696C",507
"6B7568",507
"7A616E",506
"69626F",505
"2D6B65",504
"616675",504
"656E75",502
"626179",501
"20656B",500
"20696D",500
"756C6F",499
"6B7566",498
"79656C",497
"6F2062",496
"656B65",492
"7A656C",492
"756D69",491
"697A61",491
"652077",490
"6E6465",490
"6B696E",489
"2C2065",488
"6E656E",488
"6C6F77",487
"206F6E",486
"757A61",485
"6F2079",485
"20756E",482
"756D65",482
"756E61",481
"68656B",480
"657A77",479
"7A7761",479
"686C75",478
"6E692E",476
"736973",476
"6E646F",475
"20796F",474
"626170",474
"73696C",474
"64616E",472
"686F2C",470
"67696E",470
"613B20",468
"776573",466
"736974",466
"6F7961",465
"676979",465
"7A6979",462
"67656C",462
"736962",462
"6F206C",462
"6D696E",461
"61776F",460
"3B206E",459
"6E657A",459
"69207A",458
"616E6A",458
"62617A",458
"20754E",457
"786120",454
"66696B",452
"696E6B",451
"6F2077",451
"61206D",450
"6E7861",449
"686574",449
"6F6E64",448
"6F7761",446
"676377",446
"6A616C",445
"77616C",444
"756D62",444
"757969",443
"6C756D",443
"697969",442
"65686C",442
"697368",441
"6D686C",441
"737761",441
"7A616C",440
"77617A",438
"62756C",438
"6D756B",435
"776173",434
"62616C",434
"6E686C",433
"6C616B",431
"67657A",430
"6F7468",428
"616B77",428
"206B68",427
"20656C",427
"6F6D61",427
"206F6D",426
"79616E",425
"6B6F6E",422
"736869",421
"6D6B68",419
"776920",419
"68696E",419
"796573",417
"68652C",416
"2C2073",416
"6B612C",413
"616C77",410
"686977",410
"652079",409
"206C65",408
"73692C",404
"693B20",404
"206F77",404
"646920",403
"6D6973",403
"6B696C",403
"696B75",403
"6C696C",402
"736861",401
"756C77",400
"653A20",400
"6D656C",400
"653B20",399
"73656B",399
"6C6170",394
"736979",393
"6F2069",393
"736875",391
"73656C",391
"62657A",390
"6B6F64",390
"73656E",389
"756275",389
"616D65",388
"6D7468",387
"68656D",385
"617368",384
"4B7761",382
"6E652C",381
"676573",380
"79616C",380
"3FE280",380
"612070",379
"686C6F",379
"6B6174",378
"626F2C",378
"736162",377
"77612C",377
"E28098",376
"652073",376
"E28099",376
"656E65",375
"62656C",374
"73697A",373
"7A6F6E",370
"6F6275",370
"696E74",369
"736865",369
"676173",368
"3B206B",367
"656D61",364
"6B616C",363
"696B65",363
"676973",362
"613FE2",362
"71696E",362
"6E616C",361
"612EE2",360
"75736F",360
"6F6B6F",359
"752061",359
"6C612E",358
"7A756C",358
"73616E",358
"676974",357
"626173",356
"75206F",355
"617A65",355
"656B68",354
"6E7A65",354
"6E6763",354
"736968",352
"637765",351
"69796F",350
"756E69",347
"20736F",346
"6B6973",346
"6E6173",345
"4E6769",345
"6B652C",344
"6B616B",342
"616C75",342
"6C6F6E",341
"6F6D62",340
"616669",340
"696261",339
"66616E",337
"207A6F",335
"2C2079",335
"6C752E",335
"757A69",334
"6C652E",333
"6E6179",332
"6B7564",332
"796F2E",332
"71616C",332
"652EE2",329
"756661",329
"646520",327
"207562",327
"206574",327
"696265",327
"6C756B",327
"656E79",326
"809D20",325
"6C696B",323
"76656C",320
"7A6F20",320
"6D6173",319
"697761",318
"676F6D",318
"676170",318
"6E7520",318
"6E6979",317
"6C6179",317
"79653A",316
"2C206C",316
"657A65",315
"696661",315
"6B7571",315
"613F20",314
"6C616D",314
"68616C",313
"686C69",312
"6F206D",311
"67617A",311
"6F3A20",307
"64656C",306
"73686F",306
"757368",305
"77657A",305
"77696E",305
"64756C",304
"67756D",302
"654E6B",301
"206C75",301
"656E78",300
"736966",299
"616465",298
"756461",295
"6D692C",295
"676179",295
"20694E",294
"736F6E",293
"67696B",293
"6C657A",293
"6E656C",292
"79652C",289
"6F3B20",289
"809C55",288
"6D616B",287
"4A7564",286
"7A6962",286
"6C697A",286
"6C692C",285
"692EE2",284
"68657A",282
"737765",282
"646C75",282
"68756E",280
"6E7369",280
"626861",279
"696D62",279
"736F6B",278
"7A6973",278
"206D75",278
"62612C",276
"61207A",275
"7A696C",275
"79696B",275
"6D612C",274
"74752C",273
"20776F",273
"6D617A",271
"6B7576",270
"756C69",270
"6C6F2C",270
"206562",269
"6F6C69",269
"207A65",269
"206179",268
"716F6E",268
"617269",266
"7A6974",265
"65626F",264
"676920",263
"66616B",263
"626574",263
"626973",262
"696269",260
"77756C",260
"756B69",259
"6E612E",259
"2C206F",258
"796162",257
"696D75",256
"206C77",256
"6F2D6B",253
"6F2EE2",253
"6D756C",253
"6F6E7A",253
"9C4E67",251
"6F6E6F",250
"756B77",250
"676174",249
"6E696C",248
"696675",248
"77652C",247
"62756B",247
"626F3A",245
"61736F",244
"746920",244
"686F73",244
"667574",243
"6B7577",241
"7A7520",241
"757161",241
"754B72",240
"79697A",240
"73616B",239
"4D6F79",239
"6E7477",238
"697A65",237
"736970",237
"757375",236
"677562",236
"206675",236
"73657A",235
"206173",235
"6E746F",233
"776170",233
"757365",233
"7A696B",233
"6F7765",233
"686F2E",232
"79612C",231
"6E6B61",231
"776168",231
"696E68",231
"656D70",229
"6E6573",228
"6D7573",228
"617765",227
"6E6962",227
"752062",226
"756D70",226
"75206C",226
"67612C",225
"67697A",225
"7A697A",224
"6C7769",223
"6E7461",223
"6F6665",222
"656E6B",222
"576179",222
"776574",222
"6E6777",221
"68652E",221
"796F6E",221
"206D69",221
"809C4B",220
"4E646F",220
"7A656E",220
"736977",218
"616861",217
"626168",217
"79696C",216
"627574",215
"70726F",214
"62697A",214
"63696E",214
"20754D",213
"6F6261",213
"6D7065",213
"426162",212
"73656D",212
"694E6B",212
"6F6265",211
"726F66",211
"75646C",211
"68612C",211
"6B6164",211
"752069",211
"6E6365",211
"626865",210
"666574",210
"696E65",210
"686F2D",210
"79617A",209
"656275",209
"626573",209
"4B686F",209
"6B6F6D",209
"687761",208
"747761",208
"6D656E",208
"646F20",208
"796F6B",207
"6D6F79",207
"554A65",206
"556D61",206
"6B6869",206
"696D61",205
"6F7068",205
"676962",205
"67696C",203
"6D7675",203
"652070",203
"697169",203
"756E65",202
"79657A",201
"627579",200
"796179",200
"65736F",200
"736573",199
"6C6573",199
"696275",198
"686F6B",198
"207574",198
"206579",197
"6D7068",197
"70656C",197
"7A692C",196
"73616C",196
"79652E",196
"696E73",196
"656261",196
"757675",195
"756669",195
"697965",194
"637761",193
"616B65",193
"6D6179",193
"656D65",193
"6C6F62",193
"6E693B",192
"696E63",192
"687562",191
"64756B",191
"696B69",191
"6E6B6F",190
"757A77",190
"616E73",190
"6E6F20",190
"616661",189
"6B6F6B",189
"206F74",189
"67756B",189
"7A656B",188
"74752E",188
"657A6F",188
"6F6D6B",188
"6C6F73",187
"6D6164",187
"6D626F",187
"756269",186
"686F6D",186
"6F7365",185
"66756D",185
"697473",185
"736574",185
"6D6F6E",184
"614A75",184
"616268",184
"6F626F",183
"6F7A61",183
"6D7A69",183
"207573",183
"687765",183
"6E6974",183
"6C7574",183
"809920",182
"6E6970",182
"6B696D",181
"207550",181
"64756D",181
"656761",181
"756E6A",180
"617072",180
"20757A",179
"756D6E",179
"7A6977",179
"68692C",179
"66617A",179
"66696C",178
"62656D",178
"6F6D6F",177
"657961",177
"2CE280",177
"776579",175
"6B6F7A",175
"776166",174
"626F2E",174
"697875",174
"753B20",174
"67656D",174
"666120",172
"65207A",172
"7A6162",172
"416261",172
"736179",171
"73612C",171
"61646F",170
"62614A",170
"6D6162",170
"6B6179",170
"686177",170
"6F6C75",169
"6B7567",169
"6D692E",169
"78756B",169
"65206D",169
"766120",168
"646177",168
"686170",168
"68752C",168
"752073",168
"796F6D",168
"77612E",167
"686979",167
"612D6B",166
"6C6168",165
"752EE2",165
"657472",165
"6B6162",165
"6F6C6F",164
"757765",164
"737469",164
"686C77",164
"686179",164
"73696D",164
"796177",163
"6D616C",162
"646C69",162
"746877",162
"754D6F",162
"756D6F",162
"696465",161
"707269",161
"7A6179",161
"676369",161
"6C6F6D",160
"6E693A",160
"6C6979",159
"657969",159
"76756D",159
"6B652E",159
"697675",159
"6D696C",159
"752079",159
"75207A",158
"696761",158
"656E68",158
"696D70",158
"617A77",158
"75796F",158
"506177",158
"726979",157
"206F6C",157
"657275",157
"736F2C",157
"686973",157
"68756B",157
"616E7A",157
"506574",157
"747275",157
"20752D",156
"6C656D",156
"204E67",156
"617675",156
"6F6B61",156
"809C4D",156
"6B754E",156
"6B614A",155
"2C207A",155
"426865",154
"3B2062",154
"62757A",153
"7A616D",153
"6F686C",153
"796174",152
"6C696D",151
"4A6572",151
"3B2075",151
"6E656D",151
"756D66",150
"696861",150
"77652E",150
"694E64",149
"656B77",149
"206974",148
"6C653B",148
"652E20",148
"63656B",148
"677579",147
"7A612C",147
"756268",146
"206F62",146
"796574",146
"626562",146
"69206D",145
"736877",144
"727573",142
"206E78",142
"6E7375",142
"6F6E65",142
"67636F",142
"746F20",142
"75204B",141
"204B72",141
"756763",141
"6F7473",141
"617761",141
"6B616D",141
"68757A",141
"6D6F20",141
"677761",141
"809C41",141
"776F6B",141
"6D7072",140
"64612C",140
"796962",140
"756475",140
"6F6861",140
"757377",140
"6B6920",139
"73616D",139
"656E74",139
"6E752C",139
"576174",139
"617473",138
"656D68",138
"6B614B",138
"696D6F",137
"6D7661",137
"6B656E",137
"6C6F2E",137
"75716F",137
"756D74",136
"6D6174",136
"6C6174",135
"617A6F",135
"76756B",135
"696B77",135
"6A616E",134
"79656B",134
"654A65",133
"7A6970",133
"6D6520",133
"4A6F68",133
"6B6F20",133
"727520",132
"6C6F74",131
"6E6F6E",131
"776F6E",131
"6A6520",131
"6C7570",131
"757A6F",130
"68617A",128
"657368",128
"616469",127
"6B612D",127
"206967",127
"20654A",127
"2C206D",127
"79696D",127
"62692C",126
"656D76",126
"206979",126
"76616E",126
"6F6D68",126
"6D656D",125
"2D4973",124
"646162",124
"767573",124
"697661",124
"616E75",123
"6F7A65",123
"6E6177",123
"64616C",123
"6C617A",122
"656675",122
"73752C",122
"6D657A",122
"6E697A",122
"754261",122
"77696C",121
"6C6177",121
"207468",121
"6E652E",120
"757665",120
"697A6F",120
"6C6574",120
"756675",120
"692E20",119
"692070",119
"6D757A",119
"6F6C61",119
"677765",118
"6C692E",118
"6F6C65",118
"69646C",118
"736978",118
"616B6F",117
"756D6B",117
"6E656B",117
"20754B",116
"6E7765",116
"6D6968",116
"617061",116
"61646C",116
"6E617A",116
"752D41",115
"617361",115
"77656D",115
"4E696E",114
"6C6962",114
"796F3B",114
"6C613B",114
"716F62",114
"777520",113
"696D65",113
"426173",113
"676971",113
"612E20",113
"68696B",113
"6D7075",112
"6B612E",112
"6F7368",112
"62696E",112
"2E204B",112
"686173",112
"614B72",112
"64652C",111
"616B69",111
"6B754B",111
"776164",110
"706174",110
"68697A",110
"6D6C69",110
"6F6E79",110
"736173",110
"206962",110
"6D6661",110
"6B657A",110
"809C42",109
"6E7469",109
"6C6977",108
"626164",108
"206177",108
"3B2077",107
"626875",107
"62612E",107
"617161",107
"6F6D74",107
"756D7A",107
"6E6477",107
"466172",106
"6E6B77",106
"20654E",105
"676F20",105
"74616E",105
"636562",105
"736976",105
"206976",104
"67756C",104
"796173",104
"6C6F6C",104
"6D6675",103
"3B2061",103
"2E204E",103
"4B6F64",103
"6D6568",103
"616761",103
"62652C",102
"666F77",102
"697A75",102
"6C6173",102
"206568",102
"656D6F",102
"73652C",101
"20616C",101
"676177",101
"9C4E69",101
"6D6E69",101
"6B6F62",100
"6E613B",100
"6C7573",100
"676F6C",100
"6F6E73",100
"62756E",100
"626568",100
"636869",100
"6D7568",100
"696669",100
"6C6970",100
"656661",99
"20617A",99
"6F4E67",99
"4E6763",99
"809C4C",99
"63656C",99
"67656B",99
"76756E",99
"776177",99
"755061",99
"68612E",98
"6F7A69",98
"9C556D",98
"6D6E79",98
"696763",98
"686970",98
"756D68",98
"6B6974",98
"6E696D",97
"6E6F62",97
"809C59",97
"204A65",97
"76756C",96
"6C753B",96
"676966",96
"61716F",96
"206F4E",95
"68692E",95
"6E7969",95
"206275",95
"7A6968",95
"80984E",94
"207568",94
"676F62",94
"73692E",93
"206268",93
"6C6974",93
"614661",93
"657775",93
"616E6F",93
"206F79",92
"809C49",92
"64652E",92
"204261",92
"696C75",92
"67692C",91
"687570",90
"617375",90
"776176",90
"676166",90
"53696D",90
"207571",90
"627566",90
"6E7975",89
"656D7A",89
"616D70",89
"206F73",89
"63616C",89
"20756C",89
"736964",89
"75204A",89
"6D6C61",88
"646979",88
"79612E",88
"6E6F4A",88
"77654E",88
"6E752E",88
"6F7374",88
"746F6C",88
"206E64",87
"6D6268",87
"617665",87
"6E796F",87
"626146",87
"7A6966",87
"207570",87
"67612E",87
"796562",87
"6F7375",87
"3F204E",86
"6B752C",86
"809C53",86
"6F7969",86
"6D6168",86
"797765",86
"205761",86
"206567",86
"2D4162",85
"616E77",85
"616775",85
"64757A",85
"73612E",85
"736F62",85
"686162",84
"736566",84
"47616C",84
"6D6C6F",84
"687574",84
"616D6E",84
"797761",83
"726179",83
"20696B",83
"67716F",83
"67696D",83
"73746F",83
"809C57",83
"6F4D6F",82
"497372",82
"737261",82
"656669",82
"6F6D6C",82
"206566",82
"64656D",82
"686974",82
"696D76",82
"754A6F",81
"676520",81
"746162",81
"656477",81
"796974",81
"7A6967",81
"7A6F6B",81
"6F2070",80
"6E7175",80
"62756D",80
"755065",80
"656D6B",80
"6F6675",80
"676F77",80
"753A20",80
"64696C",80
"4D6F73",80
"636F6C",80
"207542",79
"654761",79
"62696B",79
"616D74",78
"4B616E",78
"64696E",78
"756E6F",78
"6D612E",77
"616461",77
"656B6F",77
"6B6168",77
"6E6174",77
"68653B",77
"206F7A",77
"7A692E",77
"696E6F",77
"696268",77
"556E67",77
"77756B",77
"657169",77
"6E6377",76
"614A65",76
"617265",76
"6B614D",76
"4C6F6B",76
"6F6D70",76
"6F6465",76
"457365",76
"7A612E",76
"61676F",76
"756861",76
"6F2E20",76
"756465",76
"796968",76
"652D41",76
"416272",75
"627261",75
"756469",75
"697977",75
"64756E",75
"612066",75
"676168",75
"596973",75
"726168",74
"697975",74
"4D6172",74
"6B7563",74
"626F6B",74
"776F2C",74
"6C6964",73
"68752E",73
"6C6562",73
"696475",73
"6E7761",72
"79694E",72
"426174",72
"616D6C",72
"71756D",72
"736F2E",72
"63656E",72
"6D7365",72
"656269",72
"617669",71
"3B2079",71
"2C2066",71
"9C4E6B",71
"207566",71
"676970",71
"4A616B",70
"726120",70
"73752E",70
"206971",70
"616D76",70
"9C4B75",70
"626F73",70
"656C75",70
"6E6167",70
"676F67",70
"6F6765",70
"686F3B",70
"676F73",70
"207564",70
"7A756B",69
"79656D",69
"616475",69
"536174",69
"206966",69
"75206D",69
"7A6964",69
"7A757A",69
"9920E2",68
"64656B",68
"626167",68
"6B6173",68
"206174",68
"6E6771",68
"4D616B",68
"6E6F77",68
"626171",68
"67754E",67
"612D49",67
"686F62",67
"776171",67
"6D666F",67
"206570",67
"776F6D",67
"4E6775",67
"6E612D",67
"776568",67
"207A77",67
"6E6968",67
"204B65",67
"656D75",67
"6D7A61",67
"546869",67
"207553",66
"656465",66
"676F6E",66
"656E6A",66
"6E6170",66
"696461",66
"626176",66
"627562",66
"2E2055",65
"64692C",65
"6E7977",65
"7A617A",65
"9C4C6F",65
"206170",65
"755969",65
"756665",65
"206F70",65
"75776F",65
"E28094",65
"9C4D61",65
"6D697A",65
"79653B",65
"756D6C",64
"6B6877",64
"79756B",64
"20556D",64
"757661",64
"676567",64
"9D2057",64
"736967",64
"6F6B69",63
"6D6E74",63
"677520",63
"716875",63
"59696C",63
"6E6966",63
"77692C",63
"71696C",63
"3F2055",63
"626F3B",62
"616763",62
"64656E",62
"4B7574",62
"6D706F",62
"9C4B65",62
"416E67",62
"697665",61
"626869",61
"736547",61
"20652D",61
"64616B",61
"6C6976",61
"6E6F74",61
"697669",61
"446176",60
"766964",60
"6F7261",60
"696E6A",60
"726E61",60
"497369",60
"686566",60
"6F6D6E",59
"77752C",59
"6E6A69",59
"736F7A",59
"696E71",59
"796170",59
"6C7562",59
"616365",59
"7A6F6D",59
"76696E",59
"646F6E",59
"69776F",59
"617475",59
"66612C",58
"676F4D",58
"6D7961",58
"70756D",58
"576162",58
"21E280",58
"756D73",58
"73652D",58
"61666F",57
"6D7520",57
"755361",57
"616D6B",57
"6E716F",57
"416B75",57
"796564",57
"77613B",57
"613A20",57
"204E6B",57
"692D6B",57
"6D6B61",56
"79613B",56
"206968",56
"73617A",56
"486572",56
"6E6F4D",56
"6D6962",56
"4D696E",56
"9C5969",56
"7A6978",56
"6F7965",56
"206D68",56
"686F68",56
"3B2069",56
"6E7161",56
"73654E",56
"50696C",56
"6C693B",55
"6E653B",55
"7A6F2C",55
"9C4268",55
"726F64",55
"776167",55
"737573",55
"656D6C",55
"6E6579",55
"626570",55
"796167",55
"612D41",54
"6B692C",54
"626566",54
"6D7061",54
"657665",54
"736971",54
"6E6574",54
"7A652C",54
"757169",54
"646179",54
"6D693B",54
"984E67",54
"736172",54
"614D6F",54
"65726F",53
"686573",53
"206F66",53
"796970",53
"767520",53
"686F72",53
"666562",53
"2D456C",52
"456C69",52
"556B75",52
"71616D",52
"647564",52
"77653B",52
"657761",52
"556D75",52
"736168",52
"9C4E61",52
"7A657A",52
"64612E",52
"656E63",52
"66656C",52
"9D2042",52
"666968",52
"656D74",52
"716162",52
"657661",52
"6A6162",52
"647765",52
"752D45",51
"6F6E77",51
"796168",51
"62692E",51
"676F74",51
"6F6D7A",51
"2C204E",51
"6B7769",51
"3B206C",51
"9C556E",51
"206F68",51
"614A6F",51
"6C6F3B",51
"797520",51
"206168",51
"754D61",50
"697161",50
"73654A",50
"6E6361",50
"63616E",50
"6D696B",50
"99206E",50
"656861",50
"207559",50
"204B75",50
"76616C",50
"756D79",50
"426172",50
"657965",50
"626F70",50
"74753B",50
"6C654E",50
"497361",49
"6D6E63",49
"6D7368",49
"2D416E",49
"6E7361",49
"706F66",49
"612CE2",49
"206963",49
"752E20",49
"676365",49
"46696C",49
"696B6F",49
"696365",49
"626163",49
"9C5369",49
"57656E",49
"776F2E",49
"6B653B",49
"6B613B",48
"206970",48
"676176",48
"69716F",48
"73693B",48
"6F6269",48
"6E6369",48
"20696C",48
"3B2073",48
"7A652E",48
"707574",48
"62613B",48
"6B6153",48
"4B6573",48
"6B6979",47
"7A6172",47
"206547",47
"6D6979",47
"696C77",47
"6F4A6F",47
"656475",47
"69686F",47
"6F6D66",47
"626F64",47
"676968",47
"576170",47
"7A6574",47
"612074",47
"6F6661",47
"6D6573",47
"50686F",47
"207576",47
"4A6F73",46
"616361",46
"696361",46
"206576",46
"736564",46
"67692E",46
"2E2041",46
"697168",46
"616D68",46
"9C416E",46
"654E64",46
"677571",46
"67754B",46
"6E6F2C",46
"6B754A",45
"616E71",45
"656268",45
"616665",45
"676164",45
"74696C",45
"596562",45
"756365",45
"7A693B",45
"796977",45
"617169",45
"787573",45
"616E63",45
"736F6C",45
"756B6F",45
"809C48",44
"6D6167",44
"726574",44
"536562",44
"417369",44
"626579",44
"42616D",44
"6E7875",44
"6E6F53",44
"809C4F",44
"68696D",44
"206F67",44
"426F6E",44
"736166",43
"654A75",43
"757473",43
"77612D",43
"66756C",43
"3BE280",43
"809855",43
"6A696E",43
"206564",43
"736F6D",43
"6F796F",43
"6E756B",43
"6C6F70",43
"467574",43
"6B656D",43
"6B756A",43
"626177",43
"6D6171",43
"677169",43
"657675",42
"796166",42
"59656E",42
"4C6F20",42
"657473",42
"77756D",42
"752070",42
"3B206D",42
"796964",42
"757175",42
"456D76",42
"696665",42
"6F7361",41
"20654B",41
"736553",41
"657469",41
"652CE2",41
"3B206F",41
"809420",41
"752D49",40
"626564",40
"557961",40
"796F62",40
"6D613B",40
"554E6B",40
"68693B",40
"206166",40
"736570",40
"6A652C",40
"4E6765",40
"656461",40
"6F4261",40
"4E616D",40
"4B7579",40
"6D616D",40
"776562",40
"746174",40
"6E6567",40
"6D6166",40
"696771",40
"697375",39
"73652E",39
"746F6D",39
"6F4A65",39
"615361",39
"65646C",39
"736568",39
"9C4261",39
"756D76",39
"686F79",39
"73613B",39
"716564",39
"4D6675",39
"3F204B",39
"696368",39
"2E2042",39
"6C7579",39
"67696A",39
"6E7A6F",39
"6F6E6A",39
"6F4E6B",39
"6E6964",39
"6C6968",38
"497A69",38
"667520",38
"626F6D",38
"76757A",38
"756368",38
"536979",38
"207375",38
"72752C",38
"67613B",38
"696E7A",38
"204D61",38
"76616D",38
"6B6F6C",38
"676568",38
"617A75",38
"692CE2",37
"809C20",37
"9C20E2",37
"48616D",37
"6D6974",37
"646577",37
"697775",37
"6B6F2C",37
"6E7473",37
"656E6F",37
"68692D",37
"627571",37
"796979",37
"6F4B72",37
"656D6E",37
"7A6976",36
"736579",36
"655369",36
"6E6971",36
"6D6170",36
"4B756E",36
"796F3A",36
"6D6861",36
"7A6F2E",36
"68613B",36
"616368",36
"696A69",36
"73654B",36
"796568",36
"426574",35
"756775",35
"626974",35
"6F6D65",35
"757A75",35
"6D6E65",35
"796966",35
"20416D",35
"6E6F42",35
"204B77",35
"777562",35
"516861",35
"6A696D",35
"676964",35
"6E6F4E",35
"656763",35
"755069",35
"756D71",35
"6B6144",34
"696D66",34
"76657A",34
"4E6F6D",34
"616D66",34
"746120",34
"416E69",34
"656E73",34
"696469",34
"7A6573",34
"477265",34
"72656B",34
"626572",34
"614461",33
"416B61",33
"6C6F2D",33
"656E71",33
"67754D",33
"617168",33
"65726E",33
"74616C",33
"626577",33
"716120",33
"796967",33
"205965",33
"416D65",33
"6D7570",33
"6D7069",33
"4E6979",33
"6D693A",33
"676F64",33
"6F6469",33
"616D73",33
"6D6475",33
"4E616B",33
"767574",33
"9C5765",33
"4D6179",33
"6E6F64",33
"6D6669",33
"6D6F2C",33
"6C6966",33
"6B752E",33
"65676F",33
"6B7542",33
"6E6F4B",33
"754865",32
"777573",32
"6E6F2D",32
"627520",32
"6D652C",32
"204E69",32
"62652E",32
"416D61",32
"796567",32
"757775",32
"206E63",32
"494E6B",32
"676167",32
"6D7576",32
"6E6967",32
"6F6D69",32
"79654E",31
"7A6174",31
"676F4A",31
"4E617A",31
"809C50",31
"9C4D69",31
"657461",31
"736963",31
"66657A",31
"746172",31
"6E6F6C",31
"6F6761",31
"206D6E",31
"64657A",31
"207567",31
"9C5965",31
"68653A",31
"9C5761",31
"776F62",31
"654B68",31
"686962",31
